"story_id","question_id","language_code","cefr_level","prompt","choices_json","correct_index","correct_answer","explanation","canonical_url","license"
"de-auf-dem-weihnachtsmarkt","q1","de","A1","What does Lukas smell at the Christmas market?","[""Mulled wine and roasted almonds"",""Coffee and cake"",""Roses and perfume""]","0","Mulled wine and roasted almonds","At the Christmas market, the scents of mulled wine and roasted almonds are typical and create a festive atmosphere.","https://melolingua.com/learn-german/a1-stories/auf-dem-weihnachtsmarkt","CC BY-NC 4.0"
"de-auf-dem-weihnachtsmarkt","q2","de","A1","What does Lukas buy for his mother?","[""A candle"",""A wooden star"",""A gingerbread heart""]","1","A wooden star","Lukas buys a wooden star for his mother, a traditional Christmas gift.","https://melolingua.com/learn-german/a1-stories/auf-dem-weihnachtsmarkt","CC BY-NC 4.0"
"de-auf-dem-weihnachtsmarkt","q3","de","A1","What are the children doing at the Christmas market?","[""They are singing songs"",""They are eating gingerbread"",""They are dancing""]","1","They are eating gingerbread","The children laugh and eat gingerbread, a popular pastry during the Christmas season.","https://melolingua.com/learn-german/a1-stories/auf-dem-weihnachtsmarkt","CC BY-NC 4.0"
"de-auf-dem-weihnachtsmarkt","q4","de","A1","How does Lukas feel at the end of the visit?","[""Sad"",""Content"",""Tired""]","1","Content","Lukas smiles contentedly because he loves the Christmas season and all its wonders.","https://melolingua.com/learn-german/a1-stories/auf-dem-weihnachtsmarkt","CC BY-NC 4.0"
"de-das-fruehstueck","q1","de","A1","What does Anna do every morning at seven o'clock?","[""She goes to work."",""She makes coffee."",""She eats breakfast.""]","1","She makes coffee.","Anna starts her day with a cup of coffee, which is a typical morning routine in Germany.","https://melolingua.com/learn-german/a1-stories/das-fruehstueck","CC BY-NC 4.0"
"de-das-fruehstueck","q2","de","A1","Where does the bread roll that Anna eats come from?","[""From the supermarket."",""From the bakery."",""From a café.""]","1","From the bakery.","Fresh bread rolls from the bakery are an essential part of the German breakfast.","https://melolingua.com/learn-german/a1-stories/das-fruehstueck","CC BY-NC 4.0"
"de-das-fruehstueck","q3","de","A1","What does Anna think about the day?","[""It will be a good day."",""It will be a long day."",""It will be a rainy day.""]","0","It will be a good day.","Anna is optimistic and believes the sunshine promises a good day.","https://melolingua.com/learn-german/a1-stories/das-fruehstueck","CC BY-NC 4.0"
"de-der-regentag-in-berlin","q1","de","A1","What is the weather like in Berlin?","[""It is snowing"",""It is raining"",""The sun is shining""]","1","It is raining","It rains all day in Berlin, and Emma has an umbrella with her.","https://melolingua.com/learn-german/a1-stories/der-regentag-in-berlin","CC BY-NC 4.0"
"de-der-regentag-in-berlin","q2","de","A1","What does Emma find in the museum?","[""A camera, toys, and old books"",""A restaurant with Berlin food"",""A big television""]","0","A camera, toys, and old books","In the museum, Emma sees telephones, shoes, toys, a camera from 1950, and an old book.","https://melolingua.com/learn-german/a1-stories/der-regentag-in-berlin","CC BY-NC 4.0"
"de-der-regentag-in-berlin","q3","de","A1","What does Emma think at the end?","[""The rain was bad"",""The rainy day was the best day"",""She wants to fly home""]","1","The rainy day was the best day","Emma thinks the rainy day was the best day in Berlin because the museum was so beautiful.","https://melolingua.com/learn-german/a1-stories/der-regentag-in-berlin","CC BY-NC 4.0"
"de-der-supermarkt-am-samstag","q1","de","A1","Where does Lina go on Saturday?","[""To the supermarket next to the park"",""To a floating theater"",""To another planet without butter""]","0","To the supermarket next to the park","Lina goes to the supermarket next to the park to do her shopping.","https://melolingua.com/learn-german/a1-stories/der-supermarkt-am-samstag","CC BY-NC 4.0"
"de-der-supermarkt-am-samstag","q2","de","A1","What does she buy according to the story?","[""Only empty chocolate wrappers"",""Apples, milk, and a small butter for the cake"",""No real glass of water, just air""]","1","Apples, milk, and a small butter for the cake","Lina buys fresh apples, milk, and a small pack of butter for the cake.","https://melolingua.com/learn-german/a1-stories/der-supermarkt-am-samstag","CC BY-NC 4.0"
"de-der-supermarkt-am-samstag","q3","de","A1","What is there outside?","[""The smell of yesterday's rain"",""Only very hot volcanic ash"",""Completely silent sand from the Sahara""]","0","The smell of yesterday's rain","Outside, the street smells of yesterday's rain, creating a fresh atmosphere.","https://melolingua.com/learn-german/a1-stories/der-supermarkt-am-samstag","CC BY-NC 4.0"
"de-ein-besuch-beim-bauern","q1","de","A1","Where does Lina go on Saturday?","[""To a small stand with a farmer"",""To a zoo in the big city"",""To a market with many cars""]","0","To a small stand with a farmer","Lina comes to a small stand where a friendly farmer sits and sells apples and cheese.","https://melolingua.com/learn-german/a1-stories/ein-besuch-beim-bauern","CC BY-NC 4.0"
"de-ein-besuch-beim-bauern","q2","de","A1","What is the cow's name?","[""Lina"",""Rosa"",""Muh""]","1","Rosa","The farmer says: 'Her name is Rosa.' The cow has brown and white spots.","https://melolingua.com/learn-german/a1-stories/ein-besuch-beim-bauern","CC BY-NC 4.0"
"de-ein-besuch-beim-bauern","q3","de","A1","What does Lina buy from the farmer?","[""An apple and a cheese"",""A bottle of milk"",""A chicken and a pig""]","1","A bottle of milk","Lina wants to buy fresh milk, and the farmer gives her a bottle from the cow Rosa.","https://melolingua.com/learn-german/a1-stories/ein-besuch-beim-bauern","CC BY-NC 4.0"
"de-ein-tag-im-schwarzwald","q1","de","A1","What do Maria and Jan hear in the forest?","[""A river"",""A bird"",""A car"",""An airplane""]","1","A bird","Maria and Jan hear a bird singing, which emphasizes the peace and beauty of the Black Forest.","https://melolingua.com/learn-german/a1-stories/ein-tag-im-schwarzwald","CC BY-NC 4.0"
"de-ein-tag-im-schwarzwald","q2","de","A1","What do Maria and Jan do at the lake?","[""They swim"",""They eat sandwiches"",""They sleep"",""They fish""]","1","They eat sandwiches","At the lake, they sit on a stone and enjoy their sandwiches while observing nature.","https://melolingua.com/learn-german/a1-stories/ein-tag-im-schwarzwald","CC BY-NC 4.0"
"de-ein-tag-im-schwarzwald","q3","de","A1","What do Maria and Jan drink at the guesthouse?","[""Coffee"",""Tea"",""Hot cocoa"",""Water""]","2","Hot cocoa","After a long day in nature, they relax at the guesthouse with a cup of hot cocoa.","https://melolingua.com/learn-german/a1-stories/ein-tag-im-schwarzwald","CC BY-NC 4.0"
"de-das-team-meeting-am-montag","q1","de","A2","What is Nico supposed to provide figures for from last month?","[""Three points on last month's balance and next steps"",""Only jokes about canteen food"",""A new hobby without work""]","0","Three points on last month's balance and next steps","Nico's boss wants him to provide three clear points about last month's figures and the next steps, focusing on work-related updates.","https://melolingua.com/learn-german/a2-stories/das-team-meeting-am-montag","CC BY-NC 4.0"
"de-das-team-meeting-am-montag","q2","de","A2","Why does one project need three extra days?","[""Because of a delivery issue"",""Because Nico forgets his laptop"",""Because nobody speaks German""]","0","Because of a delivery issue","A delivery problem has delayed the project, showing how external factors can affect the schedule.","https://melolingua.com/learn-german/a2-stories/das-team-meeting-am-montag","CC BY-NC 4.0"
"de-das-team-meeting-am-montag","q3","de","A2","What does he do right after the meeting?","[""He writes a clear email with dates and responsible people"",""He deletes all notes without reading them"",""He takes three months of unannounced vacation""]","0","He writes a clear email with dates and responsible people","Nico follows up the meeting with a clear email that summarizes the points discussed and assigns responsibilities.","https://melolingua.com/learn-german/a2-stories/das-team-meeting-am-montag","CC BY-NC 4.0"
"de-das-team-meeting-am-montag","q4","de","A2","Was macht Nico zuerst im Meeting?","[""Er begrüßt das Team ruhig"",""Er schreibt eine E-Mail"",""Er geht in die Kantine""]","0","Er begrüßt das Team ruhig","Nico beginnt das Meeting mit einer ruhigen Begrüßung, bevor er die wichtigen Punkte bespricht.","https://melolingua.com/learn-german/a2-stories/das-team-meeting-am-montag","CC BY-NC 4.0"
"de-der-baecker-an-der-ecke","q1","de","A2","What does the saleswoman ask first?","[""If Tim wants his usual two rolls"",""If Tim wants to take the whole city with him"",""If Tim only wants to buy water without bread""]","0","If Tim wants his usual two rolls","The saleswoman asks if Tim wants his usual two rolls, showing he is a regular customer.","https://melolingua.com/learn-german/a2-stories/der-baecker-an-der-ecke","CC BY-NC 4.0"
"de-der-baecker-an-der-ecke","q2","de","A2","What does Tim point to in addition to the rolls?","[""A dark rye bread"",""An empty display case"",""A ticket to Paris""]","0","A dark rye bread","Tim points to a dark rye bread, showing his preference for different types of bread.","https://melolingua.com/learn-german/a2-stories/der-baecker-an-der-ecke","CC BY-NC 4.0"
"de-der-baecker-an-der-ecke","q3","de","A2","How does Tim pay?","[""With card"",""Only with seashells from the beach"",""He doesn't pay at all""]","0","With card","Tim pays by card, which is common in modern bakeries.","https://melolingua.com/learn-german/a2-stories/der-baecker-an-der-ecke","CC BY-NC 4.0"
"de-der-baecker-an-der-ecke","q4","de","A2","Wie begrüßt die Verkäuferin Tim?","[""Mit einem freundlichen „Guten Tag“"",""Mit einem lauten „Halt!“"",""Mit einem leisen „Tschüss“""]","0","Mit einem freundlichen „Guten Tag“","Die Verkäuferin lächelt und fragt mit einem freundlichen „Guten Tag“, ob er wie immer zwei Brötchen möchte.","https://melolingua.com/learn-german/a2-stories/der-baecker-an-der-ecke","CC BY-NC 4.0"
"de-die-neue-kollegin","q1","de","A2","Why was Mira nervous on her first day?","[""Because she didn't know anyone."",""Because she was too late."",""Because she didn't like the task."",""Because she doesn't like coffee.""]","0","Because she didn't know anyone.","Mira was nervous because she didn't know anyone at the new agency. A new workplace can be intimidating, especially when you don't know anyone.","https://melolingua.com/learn-german/a2-stories/die-neue-kollegin","CC BY-NC 4.0"
"de-die-neue-kollegin","q2","de","A2","What was Mira's first task?","[""To design a poster."",""To make coffee."",""To clean the office."",""To give a presentation.""]","0","To design a poster.","Mira was supposed to gather ideas for a poster. This was her first task at the new agency.","https://melolingua.com/learn-german/a2-stories/die-neue-kollegin","CC BY-NC 4.0"
"de-die-neue-kollegin","q3","de","A2","How did the team react to Mira's suggestion?","[""They didn't like it."",""They thought it was good."",""They ignored it."",""They laughed about it.""]","1","They thought it was good.","The team liked Mira's suggestion and nodded in agreement. This helped Mira feel more confident.","https://melolingua.com/learn-german/a2-stories/die-neue-kollegin","CC BY-NC 4.0"
"de-die-neue-kollegin","q4","de","A2","Wer zeigt Mira am ersten Tag das Büro?","[""Ihr Chef"",""Ihr Kollege Ben"",""Die Sekretärin""]","1","Ihr Kollege Ben","Am Vormittag zeigt ihr Kollege Ben ihr das Büro, die Küche und den gemütlichen Besprechungsraum.","https://melolingua.com/learn-german/a2-stories/die-neue-kollegin","CC BY-NC 4.0"
"de-ein-wochenende-am-see","q1","de","A2","What did Jonas and his friends want to do at the lake?","[""Swim and barbecue"",""Fish and hike"",""Bike and camp""]","0","Swim and barbecue","Jonas and his friends wanted to swim, barbecue, and sleep in a cabin, which is typical for a relaxing weekend trip.","https://melolingua.com/learn-german/a2-stories/ein-wochenende-am-see","CC BY-NC 4.0"
"de-ein-wochenende-am-see","q2","de","A2","What was the weather like on Saturday morning?","[""Stormy"",""Perfect"",""Foggy""]","1","Perfect","The weather was perfect on Saturday morning, with sunshine and calm water, ideal for outdoor activities.","https://melolingua.com/learn-german/a2-stories/ein-wochenende-am-see","CC BY-NC 4.0"
"de-ein-wochenende-am-see","q3","de","A2","What happened suddenly during the walk?","[""It started snowing"",""The sky turned dark"",""A storm came up""]","1","The sky turned dark","Suddenly the sky turned dark and it started raining heavily, driving the friends back to the cabin.","https://melolingua.com/learn-german/a2-stories/ein-wochenende-am-see","CC BY-NC 4.0"
"de-ein-wochenende-am-see","q4","de","A2","What did the friends do when they returned to the cabin?","[""They slept"",""They cooked soup and played cards"",""They read books""]","1","They cooked soup and played cards","In the cabin, the friends cooked soup, played cards, and told stories to pass the time.","https://melolingua.com/learn-german/a2-stories/ein-wochenende-am-see","CC BY-NC 4.0"
"de-ein-wochenende-am-see","q5","de","A2","How does Jonas feel at the end of the weekend?","[""Disappointed"",""Relieved"",""Content""]","2","Content","Jonas thinks the weekend was beautiful despite the unexpected events, showing he enjoyed the experience.","https://melolingua.com/learn-german/a2-stories/ein-wochenende-am-see","CC BY-NC 4.0"
"de-ein-wochenende-am-see","q6","de","A2","Was haben die Freunde im Regen gemacht?","[""Sie sind draußen geblieben"",""Sie sind zur Hütte zurückgelaufen"",""Sie sind nach Hause gefahren""]","1","Sie sind zur Hütte zurückgelaufen","Die Freunde liefen schnell zur Hütte zurück, um sich vor dem Regen zu schützen.","https://melolingua.com/learn-german/a2-stories/ein-wochenende-am-see","CC BY-NC 4.0"
"de-morgens-in-der-baeckerei","q1","de","A2","What does Jonas order first?","[""Two cheese rolls and a coffee to go"",""Only a giant cake with ten candles"",""An empty basket for no reason""]","0","Two cheese rolls and a coffee to go","Jonas orders two cheese rolls and a coffee to go, which is typical for a quick breakfast.","https://melolingua.com/learn-german/a2-stories/morgens-in-der-baeckerei","CC BY-NC 4.0"
"de-morgens-in-der-baeckerei","q2","de","A2","What does the saleswoman explain about the rye bread?","[""It will be fresh from the oven in ten minutes"",""It was never baked and is made of plastic"",""It can only be bought at night""]","0","It will be fresh from the oven in ten minutes","The rye bread is freshly baked and will be ready in ten minutes, showing the freshness and quality of the bakery.","https://melolingua.com/learn-german/a2-stories/morgens-in-der-baeckerei","CC BY-NC 4.0"
"de-morgens-in-der-baeckerei","q3","de","A2","How does Jonas say goodbye?","[""With a clear \""thank you very much\"""",""By simply disappearing without a word"",""By loudly slamming the door""]","0","With a clear ""thank you very much""","Jonas politely thanks her with a clear ""vielen Dank"", showing his good manners.","https://melolingua.com/learn-german/a2-stories/morgens-in-der-baeckerei","CC BY-NC 4.0"
"de-morgens-in-der-baeckerei","q4","de","A2","Wen trifft Jonas vor der Bäckerei?","[""Eine Nachbarin"",""Seinen Chef"",""Die Postbotin""]","0","Eine Nachbarin","Draußen trifft er eine Nachbarin, die dasselbe Roggenbrot abholen will.","https://melolingua.com/learn-german/a2-stories/morgens-in-der-baeckerei","CC BY-NC 4.0"
"de-spaete-im-supermarkt","q1","de","A2","Why does Lea go to the supermarket so late?","[""Because the fridge is almost empty"",""Because she is looking for photos of empty shelves"",""Because the supermarket is closed during the day""]","0","Because the fridge is almost empty","Lea goes shopping late because her fridge is almost empty. This is a common reason to go shopping late.","https://melolingua.com/learn-german/a2-stories/spaete-im-supermarkt","CC BY-NC 4.0"
"de-spaete-im-supermarkt","q2","de","A2","What does she politely ask at the checkout?","[""If she can return a deposit bottle"",""If she can buy a whole shelf"",""If the cashier will cook her house""]","0","If she can return a deposit bottle","In Germany, it is common to return deposit bottles. Lea politely asks if she can do so.","https://melolingua.com/learn-german/a2-stories/spaete-im-supermarkt","CC BY-NC 4.0"
"de-spaete-im-supermarkt","q3","de","A2","How does the short shopping trip end?","[""Lea nods contentedly because everything was done quickly"",""She leaves the cart in the middle of the aisle and runs away"",""She intentionally forgets her bag at the checkout""]","0","Lea nods contentedly because everything was done quickly","Lea is satisfied because despite the stress, she completed her shopping quickly.","https://melolingua.com/learn-german/a2-stories/spaete-im-supermarkt","CC BY-NC 4.0"
"de-spaete-im-supermarkt","q4","de","A2","Was hat Lea in ihrer Tasche?","[""Eine Pfandflasche"",""Ein Buch"",""Ein Handy""]","0","Eine Pfandflasche","Lea hat eine Pfandflasche in ihrer Tasche, die sie an der Kasse zurückgeben möchte.","https://melolingua.com/learn-german/a2-stories/spaete-im-supermarkt","CC BY-NC 4.0"
"de-zugfahrt-nach-muenchen","q1","de","A2","Why does Laura have to walk faster?","[""Because an announcement changes the platform"",""Because she forgot the train"",""Because the station is closed""]","0","Because an announcement changes the platform","Laura has to walk faster because a sudden announcement changes the platform. Such changes are not unusual at large stations like Frankfurt.","https://melolingua.com/learn-german/a2-stories/zugfahrt-nach-muenchen","CC BY-NC 4.0"
"de-zugfahrt-nach-muenchen","q2","de","A2","Who does she ask for the right carriage?","[""A conductor"",""A pilot"",""A cook from school""]","0","A conductor","Laura asks a conductor for the right carriage. Conductors help travelers with such information.","https://melolingua.com/learn-german/a2-stories/zugfahrt-nach-muenchen","CC BY-NC 4.0"
"de-zugfahrt-nach-muenchen","q3","de","A2","What does she ask in German at the end?","[""Where the subway exit is"",""If there is chocolate on the moon"",""How to start a plane without tickets""]","0","Where the subway exit is","At the end, Laura asks in German where the subway exit is. This shows her progress in language learning.","https://melolingua.com/learn-german/a2-stories/zugfahrt-nach-muenchen","CC BY-NC 4.0"
"de-zugfahrt-nach-muenchen","q4","de","A2","Wo ist Laura am Ende angekommen?","[""In Frankfurt"",""In München"",""In Berlin""]","1","In München","Laura ist mit dem ICE von Frankfurt nach München gefahren und dort angekommen.","https://melolingua.com/learn-german/a2-stories/zugfahrt-nach-muenchen","CC BY-NC 4.0"
"de-der-neue-mitbewohner","q1","de","B1","Where does Tom come from?","[""Berlin"",""Hamburg"",""Munich"",""Frankfurt""]","2","Munich","Tom comes from Munich, a lively city in Bavaria, known for Oktoberfest and its rich culture.","https://melolingua.com/learn-german/b1-stories/der-neue-mitbewohner","CC BY-NC 4.0"
"de-der-neue-mitbewohner","q2","de","B1","What did Tom bring with him?","[""A cat"",""Two suitcases and a guitar"",""A bicycle"",""A dog""]","1","Two suitcases and a guitar","Tom has two large suitcases and an old guitar, indicating his love for music.","https://melolingua.com/learn-german/b1-stories/der-neue-mitbewohner","CC BY-NC 4.0"
"de-der-neue-mitbewohner","q3","de","B1","What do Sophie and Tom do in the evening?","[""They go to the cinema"",""They cook pasta"",""They play cards"",""They watch TV""]","1","They cook pasta","In the evening, Sophie and Tom cook pasta together, which is a good opportunity to get to know each other better.","https://melolingua.com/learn-german/b1-stories/der-neue-mitbewohner","CC BY-NC 4.0"
"de-der-neue-mitbewohner","q4","de","B1","Wie heißt die Mitbewohnerin von Tom?","[""Anna"",""Sophie"",""Maria""]","1","Sophie","Sophie begrüßt Tom und sagt: „Hallo Tom, ich bin Sophie. Willkommen in unserem Zuhause!“","https://melolingua.com/learn-german/b1-stories/der-neue-mitbewohner","CC BY-NC 4.0"
"de-die-wohnungssuche","q1","de","B1","Why is Lea hesitant about the apartment?","[""The rent is too expensive"",""The current tenant is being evicted under unclear circumstances"",""The apartment has no balcony""]","1","The current tenant is being evicted under unclear circumstances","Mrs. Berger reveals she doesn't want to move out and has a fixed-term contract that is expiring — Lea feels uncomfortable about how the landlord is handling it.","https://melolingua.com/learn-german/b1-stories/die-wohnungssuche","CC BY-NC 4.0"
"de-die-wohnungssuche","q2","de","B1","What does the landlord say about Mrs. Berger's situation?","[""She is moving out voluntarily"",""She has a fixed-term contract that is expiring"",""She found another apartment already""]","1","She has a fixed-term contract that is expiring","The landlord explains that Mrs. Berger has a befristeten Vertrag (fixed-term contract) that is running out, which is legal but leaves the tenant without security.","https://melolingua.com/learn-german/b1-stories/die-wohnungssuche","CC BY-NC 4.0"
"de-die-wohnungssuche","q3","de","B1","What does Lea's friend advise her?","[""Take the apartment immediately before someone else does"",""Tell the landlord she will report him"",""Leave it and wait for another apartment without drama""]","2","Leave it and wait for another apartment without drama","Lea's friend says if Lea has a bad feeling about it, she should wait — another apartment without drama will come eventually.","https://melolingua.com/learn-german/b1-stories/die-wohnungssuche","CC BY-NC 4.0"
"de-die-wohnungssuche","q4","de","B1","Warum ist Lea unsicher, ob sie die Wohnung nehmen soll?","[""Die Miete ist zu hoch"",""Die aktuelle Mieterin will nicht ausziehen"",""Die Wohnung hat keinen Balkon""]","1","Die aktuelle Mieterin will nicht ausziehen","Lea fühlt sich unwohl, weil Frau Berger eigentlich gar nicht ausziehen möchte und der Vermieter sie mit einem befristeten Vertrag loswerden will.","https://melolingua.com/learn-german/b1-stories/die-wohnungssuche","CC BY-NC 4.0"
"de-ein-besuch-im-pergamonmuseum","q1","de","B1","Why did Felix decide to read the bilingual information panels slowly?","[""Because he wanted more context instead of taking lots of photos"",""Because reading seems automatically impossible to him"",""Because the museum doesn't offer any panels""]","0","Because he wanted more context instead of taking lots of photos","Felix wanted to better understand the story by thoroughly reading the information on the panels instead of relying only on photos.","https://melolingua.com/learn-german/b1-stories/ein-besuch-im-pergamonmuseum","CC BY-NC 4.0"
"de-ein-besuch-im-pergamonmuseum","q2","de","B1","What did Felix combine in his notebook?","[""Precise data and small drawings"",""Only TikTok lyrics without effect"",""Nothing but numbers without explanations""]","0","Precise data and small drawings","Felix combined data with sketches to better process and retain the information.","https://melolingua.com/learn-german/b1-stories/ein-besuch-im-pergamonmuseum","CC BY-NC 4.0"
"de-ein-besuch-im-pergamonmuseum","q3","de","B1","Where did Felix go when the group argued loudly about restitution?","[""To a quieter part of the exhibition"",""To a fish market without a plan"",""Directly to another country without pause""]","0","To a quieter part of the exhibition","Felix sought a quieter place to avoid the noise and enjoy the exhibition in peace.","https://melolingua.com/learn-german/b1-stories/ein-besuch-im-pergamonmuseum","CC BY-NC 4.0"
"de-ein-besuch-im-pergamonmuseum","q4","de","B1","Warum ist Felix ins Pergamonmuseum gegangen?","[""Weil TikTok es empfohlen hat"",""Weil er Geschichte als lebendigen Raum erleben wollte"",""Weil es kostenlos war""]","1","Weil er Geschichte als lebendigen Raum erleben wollte","Felix betrat das Pergamonmuseum, nicht weil TikTok es empfahl, sondern weil er Geschichte als lebendigen Raum erleben wollte.","https://melolingua.com/learn-german/b1-stories/ein-besuch-im-pergamonmuseum","CC BY-NC 4.0"
"de-im-biergarten","q1","de","B1","What does Felix order to drink?","[""A dark beer"",""A light beer"",""A glass of wine""]","1","A light beer","Felix orders a light beer, which is typical for a visit to a beer garden.","https://melolingua.com/learn-german/b1-stories/im-biergarten","CC BY-NC 4.0"
"de-im-biergarten","q2","de","B1","What does Lisa show her friends?","[""Photos from her vacation"",""A new car"",""A new book""]","0","Photos from her vacation","Lisa shows photos from her vacation in Italy, a popular topic of conversation among friends.","https://melolingua.com/learn-german/b1-stories/im-biergarten","CC BY-NC 4.0"
"de-im-biergarten","q3","de","B1","What happens when the sun goes down?","[""The friends go home"",""The music gets louder"",""The sky turns dark""]","2","The sky turns dark","The sky turns dark and the stars begin to shine, creating a romantic atmosphere.","https://melolingua.com/learn-german/b1-stories/im-biergarten","CC BY-NC 4.0"
"de-im-biergarten","q4","de","B1","Was bestellt Felix außer Bier noch?","[""Eine Brezel"",""Eine Portion Obatzda mit Brot"",""Einen Salat""]","1","Eine Portion Obatzda mit Brot","Felix bestellt auch eine Portion Obatzda mit knusprigem Brot.","https://melolingua.com/learn-german/b1-stories/im-biergarten","CC BY-NC 4.0"
"de-lichtinstallation-im-museum","q1","de","B1","Why does Simon go to the museum on Friday?","[""Because a new light installation opened and colleagues were talking about it"",""Because he wants to sleep there"",""Because the museum shows no art""]","0","Because a new light installation opened and colleagues were talking about it","Simon's colleagues raved about the new light installation, which made him curious and drew him to the museum.","https://melolingua.com/learn-german/b1-stories/lichtinstallation-im-museum","CC BY-NC 4.0"
"de-lichtinstallation-im-museum","q2","de","B1","What did artists and curators work on for a long time?","[""Rehearsing with projectors until the shadows looked calm"",""Only glued posters without light"",""Completely demolished the museum""]","0","Rehearsing with projectors until the shadows looked calm","The artists and curators worked with projectors for months to achieve the perfect effect of the shadows.","https://melolingua.com/learn-german/b1-stories/lichtinstallation-im-museum","CC BY-NC 4.0"
"de-lichtinstallation-im-museum","q3","de","B1","How does he feel after an hour?","[""Content and slightly disoriented between light and shadow"",""Completely indifferent and angry"",""As if he had never left the house""]","0","Content and slightly disoriented between light and shadow","After the fascinating light show, Simon feels satisfied but also slightly dazed by the visual impressions.","https://melolingua.com/learn-german/b1-stories/lichtinstallation-im-museum","CC BY-NC 4.0"
"de-lichtinstallation-im-museum","q4","de","B1","Wo sitzt Simon während der Lichtinstallation?","[""Auf einer Bank in einer dunklen Halle"",""Im Café des Museums"",""Vor dem Museumseingang""]","0","Auf einer Bank in einer dunklen Halle","In einer dunklen Halle saß Simon auf einer Bank und beobachtete die Lichtinstallation.","https://melolingua.com/learn-german/b1-stories/lichtinstallation-im-museum","CC BY-NC 4.0"
"de-roadmap-im-team-meeting","q1","de","B1","What problem does Daniela describe first?","[""Annoying bugs in the reporting despite the feature looking done"",""That the feature doesn't exist at all"",""That nobody ever tests""]","0","Annoying bugs in the reporting despite the feature looking done","Daniela first talks about the bugs in the reporting that persist despite the feature looking complete.","https://melolingua.com/learn-german/b1-stories/roadmap-im-team-meeting","CC BY-NC 4.0"
"de-roadmap-im-team-meeting","q2","de","B1","What does she suggest before going live?","[""Scheduling two sessions for manual tests"",""Publishing everything immediately without checking"",""Hiding all bugs with tape""]","0","Scheduling two sessions for manual tests","Daniela suggests scheduling two manual test sessions to avoid surprises.","https://melolingua.com/learn-german/b1-stories/roadmap-im-team-meeting","CC BY-NC 4.0"
"de-roadmap-im-team-meeting","q3","de","B1","Why is transparent communication important?","[""So sales specialists can inform customers correctly"",""So nobody has to work anymore"",""So bugs become invisible""]","0","So sales specialists can inform customers correctly","Transparent communication is important so that the sales specialists can inform customers correctly.","https://melolingua.com/learn-german/b1-stories/roadmap-im-team-meeting","CC BY-NC 4.0"
"de-roadmap-im-team-meeting","q4","de","B1","Wer könnte die schwersten Fälle übernehmen?","[""Daniela"",""Ein Kollege mit entschlossenem Blick"",""Die Projektleiterin""]","1","Ein Kollege mit entschlossenem Blick","Ein Kollege meint, er könnte die schwersten Fälle übernehmen, weil er bereits letzte Woche ähnliche Fehler gelöst hat.","https://melolingua.com/learn-german/b1-stories/roadmap-im-team-meeting","CC BY-NC 4.0"
"de-das-abendessen-mit-freunden","q1","de","B2","What triggers the conflict during dinner?","[""Thomas criticizes the wine Maria chose"",""Thomas offhandedly calls veganism 'compulsive'"",""Maria forgot to cook meat for Thomas""]","1","Thomas offhandedly calls veganism 'compulsive'","Thomas says the vegan food has 'something compulsive about it' ('was Zwanghaftes'), which offends Maria who carefully prepared an all-vegan meal.","https://melolingua.com/learn-german/b2-stories/das-abendessen-mit-freunden","CC BY-NC 4.0"
"de-das-abendessen-mit-freunden","q2","de","B2","What deeper issue does the conflict reveal?","[""Thomas is jealous of Maria's cooking skills"",""The friends have grown apart and are struggling with changing values and lifestyles"",""Anna and Felix are secretly dating""]","1","The friends have grown apart and are struggling with changing values and lifestyles","The argument about veganism reveals a deeper issue: the friends are no longer the same people they were at twenty, and they're struggling to maintain their friendship across growing differences in values and lifestyles.","https://melolingua.com/learn-german/b2-stories/das-abendessen-mit-freunden","CC BY-NC 4.0"
"de-das-abendessen-mit-freunden","q3","de","B2","How does the evening end?","[""Thomas leaves early, and the others criticize him"",""The friends make up, laugh together, but acknowledge things have changed"",""Everyone agrees to go vegan""]","1","The friends make up, laugh together, but acknowledge things have changed","After Thomas apologizes, they shift to lighter topics. Thomas makes a self-deprecating joke about the chocolate mousse, and everyone laughs — 'It's not the same laughter as before, but it's a beginning.'","https://melolingua.com/learn-german/b2-stories/das-abendessen-mit-freunden","CC BY-NC 4.0"
"de-das-abendessen-mit-freunden","q4","de","B2","Warum wird die Stimmung beim Abendessen angespannt?","[""Weil das Essen kalt ist"",""Weil Thomas das vegane Essen kritisiert"",""Weil Maria keinen Wein hat""]","1","Weil Thomas das vegane Essen kritisiert","Thomas sagt beiläufig, dass das vegane Essen „was Zwanghaftes“ habe, was Maria verletzt.","https://melolingua.com/learn-german/b2-stories/das-abendessen-mit-freunden","CC BY-NC 4.0"
"de-das-dorf-im-schwarzwald","q1","de","B2","What does Dr. Albrecht discover about the Festival of Silent Lights?","[""It is a traditional harvest festival dating back centuries"",""It was invented by a mayor to cover up a deadly landslide"",""It was originally a pagan ritual""]","1","It was invented by a mayor to cover up a deadly landslide","The festival was invented by a mayor named Mösle to cover up a landslide that buried a farm and killed seven people. He feared the truth would cause people to abandon the village.","https://melolingua.com/learn-german/b2-stories/das-dorf-im-schwarzwald","CC BY-NC 4.0"
"de-das-dorf-im-schwarzwald","q2","de","B2","Why does Mrs. Mösle share the secret with Dr. Albrecht?","[""She wants him to publish the truth"",""She is the last person who knows, and doesn't want the truth to die with her"",""She needs money to restore the graves""]","1","She is the last person who knows, and doesn't want the truth to die with her","Mrs. Mösle is the last living person who knows the truth. She shares it because if she dies without telling anyone, the truth about the seven victims would be lost forever.","https://melolingua.com/learn-german/b2-stories/das-dorf-im-schwarzwald","CC BY-NC 4.0"
"de-das-dorf-im-schwarzwald","q3","de","B2","What does Dr. Albrecht ultimately decide?","[""To publish his findings in a history journal"",""To remain silent because the living need the festival more than the dead need the truth"",""To confront the village council""]","1","To remain silent because the living need the festival more than the dead need the truth","Dr. Albrecht decides to keep silent because the festival has become something meaningful for the living — a source of identity and community — even though its origins are a cover-up.","https://melolingua.com/learn-german/b2-stories/das-dorf-im-schwarzwald","CC BY-NC 4.0"
"de-das-dorf-im-schwarzwald","q4","de","B2","Was hat der Bürgermeister vor 200 Jahren erfunden?","[""Das Fest der stillen Lichter"",""Eine neue Kirche"",""Eine Schule im Dorf""]","0","Das Fest der stillen Lichter","Der Bürgermeister Mösle erfand das Fest der stillen Lichter, um den Erdrutsch zu vertuschen.","https://melolingua.com/learn-german/b2-stories/das-dorf-im-schwarzwald","CC BY-NC 4.0"
"de-der-kunstmarkt","q1","de","B2","Why did Nora's paintings sell so quickly?","[""They were priced very low"",""They went viral on Instagram a week before the fair"",""The gallery owner personally recommended them""]","1","They went viral on Instagram a week before the fair","Nora's paintings went viral on Instagram before the fair, which drove the sales — the gallery owner questions whether people are buying art or an 'algorithm result.'","https://melolingua.com/learn-german/b2-stories/der-kunstmarkt","CC BY-NC 4.0"
"de-der-kunstmarkt","q2","de","B2","What concern does the gallery owner express to Nora?","[""That her paintings are too abstract for most buyers"",""That the market is deciding the value instead of the content"",""That she is not painting enough""]","1","That the market is deciding the value instead of the content","The gallery owner challenges Nora: 'the market decides the value, not the content.' He worries that commercial success is eclipsing artistic authenticity.","https://melolingua.com/learn-german/b2-stories/der-kunstmarkt","CC BY-NC 4.0"
"de-der-kunstmarkt","q3","de","B2","How does Nora respond at the end of the story?","[""She decides to only paint for Instagram"",""She sells the rest of her work and quits art"",""She begins painting something personal, not intended for social media""]","2","She begins painting something personal, not intended for social media","At the end, Nora sets up an empty canvas in her studio and begins to paint something 'that no one would see on Instagram' — reclaiming her artistic autonomy.","https://melolingua.com/learn-german/b2-stories/der-kunstmarkt","CC BY-NC 4.0"
"de-der-kunstmarkt","q4","de","B2","Warum verkaufen sich Noras Bilder so schnell?","[""Sie sind sehr günstig"",""Sie sind auf Instagram viral gegangen"",""Der Galerist empfiehlt sie persönlich""]","1","Sie sind auf Instagram viral gegangen","Noras Bilder waren eine Woche vor der Messe auf Instagram viral gegangen.","https://melolingua.com/learn-german/b2-stories/der-kunstmarkt","CC BY-NC 4.0"
"de-der-testtag","q1","de","B2","What flaw does Klara discover?","[""The app crashes when too many users log in"",""The app shows 'Locked' while the door is actually unlocked"",""The battery of the smart lock drains too quickly""]","1","The app shows 'Locked' while the door is actually unlocked","Klara discovers a security vulnerability: the app falsely displays 'Verriegelt' (Locked) but the door can still be opened. This affects all devices with the new firmware.","https://melolingua.com/learn-german/b2-stories/der-testtag","CC BY-NC 4.0"
"de-der-testtag","q2","de","B2","How does Mr. Wagner initially react to the discovery?","[""He immediately stops the launch"",""He suggests ignoring the problem until after the launch"",""He calls the police""]","1","He suggests ignoring the problem until after the launch","Mr. Wagner first suggests waiting until after the market launch, hoping it's just a display error — reacting to the pressure of the two-week launch deadline.","https://melolingua.com/learn-german/b2-stories/der-testtag","CC BY-NC 4.0"
"de-der-testtag","q3","de","B2","What is the final outcome?","[""The launch happens as planned"",""Klara is fired for causing delays"",""The launch is postponed, and the CTO praises Klara's integrity""]","2","The launch is postponed, and the CTO praises Klara's integrity","The launch is delayed by three weeks, and the CTO sends Klara a personal email saying 'Quality is not an accident, but the result of attitude.'","https://melolingua.com/learn-german/b2-stories/der-testtag","CC BY-NC 4.0"
"de-der-testtag","q4","de","B2","Welchen Fehler entdeckt Klara?","[""Die App stürzt ab"",""Die App zeigt „Verriegelt“ an, aber die Tür ist offen"",""Der Akku des Schlosses ist leer""]","1","Die App zeigt „Verriegelt“ an, aber die Tür ist offen","Klara entdeckt, dass die App fälschlicherweise „Verriegelt“ anzeigt, obwohl das Schloss gar nicht aktiviert wurde.","https://melolingua.com/learn-german/b2-stories/der-testtag","CC BY-NC 4.0"
"de-die-fusion","q1","de","B2","What is the fundamental conflict between the two department heads?","[""Dr. Brenner prioritizes quality and time; Krüger prioritizes speed and market share"",""Dr. Brenner wants to shut down the department; Krüger wants to relocate"",""Both want the same thing but disagree on the budget""]","0","Dr. Brenner prioritizes quality and time; Krüger prioritizes speed and market share","Dr. Brenner (Product Development) focuses on technological leadership and quality, while Krüger (Sales) pushes for market penetration and speed — a classic tension in corporate mergers.","https://melolingua.com/learn-german/b2-stories/die-fusion","CC BY-NC 4.0"
"de-die-fusion","q2","de","B2","What solution does the young employee propose?","[""Hiring external consultants"",""Giving teams more autonomy instead of top-down control"",""Splitting the departments again""]","1","Giving teams more autonomy instead of top-down control","The young employee shares a success story where a prototype was built in six weeks through team autonomy (eigenverantwortliches Arbeiten), suggesting this approach could bridge the quality-speed divide.","https://melolingua.com/learn-german/b2-stories/die-fusion","CC BY-NC 4.0"
"de-die-fusion","q3","de","B2","What is the final agreement?","[""The merger is cancelled entirely"",""A three-month pilot project with mixed teams and clear quality criteria"",""Dr. Brenner's department takes full control""]","1","A three-month pilot project with mixed teams and clear quality criteria","The compromise is a joint pilot project with mixed teams, limited to three months, with clear quality criteria and milestones — a practical middle ground between quality and speed.","https://melolingua.com/learn-german/b2-stories/die-fusion","CC BY-NC 4.0"
"de-die-fusion","q4","de","B2","Was ist der grundlegende Konflikt zwischen den Abteilungen?","[""Produktentwicklung will Qualität, Vertrieb will Geschwindigkeit"",""Beide wollen das Budget allein"",""Die Abteilungen wollen nicht fusionieren""]","0","Produktentwicklung will Qualität, Vertrieb will Geschwindigkeit","Frau Dr. Brenner (Produktentwicklung) will Qualität und Zeit, Herr Krüger (Vertrieb) will Tempo und Marktanteile.","https://melolingua.com/learn-german/b2-stories/die-fusion","CC BY-NC 4.0"
"de-die-reise-nach-hamburg","q1","de","B2","Why does Markus miss his connecting train to Hamburg?","[""He arrives at the wrong station"",""The ICE from Frankfurt had a twenty-minute delay"",""He decides to stay in Hanover""]","1","The ICE from Frankfurt had a twenty-minute delay","The ICE from Frankfurt was twenty minutes late, causing Markus to miss his Anschlusszug (connecting train) to Hamburg.","https://melolingua.com/learn-german/b2-stories/die-reise-nach-hamburg","CC BY-NC 4.0"
"de-die-reise-nach-hamburg","q2","de","B2","What advice does the retired train driver give Markus?","[""Always take the earlier train"",""Those who rush miss what truly matters"",""Never trust German train schedules""]","1","Those who rush miss what truly matters","The former train driver says: 'Wer eilt, versäumt das Eigentliche' — a reflective statement that stays with Markus for the rest of the day.","https://melolingua.com/learn-german/b2-stories/die-reise-nach-hamburg","CC BY-NC 4.0"
"de-die-reise-nach-hamburg","q3","de","B2","How does the day end for Markus?","[""The client cancels the meeting, and Markus returns frustrated"",""The meeting goes well, and Markus is satisfied despite the disrupted plan"",""Markus misses the return train and has to stay overnight""]","1","The meeting goes well, and Markus is satisfied despite the disrupted plan","The meeting goes well, the client is satisfied, and Markus feels content with a day that unfolded differently than planned.","https://melolingua.com/learn-german/b2-stories/die-reise-nach-hamburg","CC BY-NC 4.0"
"de-die-reise-nach-hamburg","q4","de","B2","Warum verpasst Markus seinen Anschlusszug?","[""Weil er zu spät aufgestanden ist"",""Weil der ICE aus Frankfurt Verspätung hatte"",""Weil er den falschen Bahnhof gewählt hat""]","1","Weil der ICE aus Frankfurt Verspätung hatte","Der ICE aus Frankfurt hatte zwanzig Minuten Verspätung, sodass Markus seinen Anschlusszug nach Hamburg verpasste.","https://melolingua.com/learn-german/b2-stories/die-reise-nach-hamburg","CC BY-NC 4.0"
"es-el-cafe-de-la-manana","q1","es","A1","What time does María wake up each morning?","[""At six"",""At seven"",""At eight""]","1","At seven","María wakes up at seven, as indicated in the first paragraph.","https://melolingua.com/learn-spanish/a1-stories/el-cafe-de-la-manana","CC BY-NC 4.0"
"es-el-cafe-de-la-manana","q2","es","A1","What is the coffee that María makes like?","[""Sweet and cold"",""Strong and hot"",""Mild and lukewarm""]","1","Strong and hot","The coffee is strong and hot, filling the air with its fragrance.","https://melolingua.com/learn-spanish/a1-stories/el-cafe-de-la-manana","CC BY-NC 4.0"
"es-el-cafe-de-la-manana","q3","es","A1","What does María do after having breakfast?","[""Reads a book"",""Showers and gets dressed"",""Calls a friend""]","1","Showers and gets dressed","After breakfast, María showers with warm water and gets dressed.","https://melolingua.com/learn-spanish/a1-stories/el-cafe-de-la-manana","CC BY-NC 4.0"
"es-el-cafe-de-la-manana","q4","es","A1","How does María feel at the start of the day?","[""Sad"",""Optimistic"",""Worried""]","1","Optimistic","María thinks optimistically that today is going to be a good day.","https://melolingua.com/learn-spanish/a1-stories/el-cafe-de-la-manana","CC BY-NC 4.0"
"es-el-cafe-de-la-manana","q5","es","A1","What is the weather like today according to the story?","[""It's cloudy"",""It's raining"",""It's sunny""]","2","It's sunny","Today, the sun shines brightly in the blue sky, indicating it's sunny.","https://melolingua.com/learn-spanish/a1-stories/el-cafe-de-la-manana","CC BY-NC 4.0"
"es-el-mercado","q1","es","A1","What does Pedro buy at the market?","[""Tomatoes, onions, and bread"",""Apples and oranges"",""Meat and fish""]","0","Tomatoes, onions, and bread","Pedro buys tomatoes, onions, and bread to prepare a soup.","https://melolingua.com/learn-spanish/a1-stories/el-mercado","CC BY-NC 4.0"
"es-el-mercado","q2","es","A1","How does the text describe the market?","[""Quiet and empty"",""Full of life and vibrant colors"",""Dark and silent""]","1","Full of life and vibrant colors","The market is full of life and vibrant colors, creating a lively atmosphere.","https://melolingua.com/learn-spanish/a1-stories/el-mercado","CC BY-NC 4.0"
"es-el-mercado","q3","es","A1","How does Pedro pay for his purchases?","[""With a credit card"",""With shiny coins"",""With bills""]","1","With shiny coins","Pedro pays with shiny coins, which adds a traditional touch.","https://melolingua.com/learn-spanish/a1-stories/el-mercado","CC BY-NC 4.0"
"es-el-mercado","q4","es","A1","What does Pedro do when he gets home?","[""Cleans the house"",""Cooks a soup"",""Watches TV""]","1","Cooks a soup","When he gets home, Pedro cooks a delicious-smelling soup.","https://melolingua.com/learn-spanish/a1-stories/el-mercado","CC BY-NC 4.0"
"es-el-parque","q1","es","A1","What does Sofía do while Max plays?","[""Reads a book"",""Talks on the phone"",""Draws"",""Listens to music""]","0","Reads a book","Sofía sits on a bench and reads her favorite book while Max plays.","https://melolingua.com/learn-spanish/a1-stories/el-parque","CC BY-NC 4.0"
"es-el-parque","q2","es","A1","How does Max react when the girl pets him?","[""Barks"",""Hides"",""Wags his tail"",""Jumps""]","2","Wags his tail","Max happily wags his tail when the girl pets him.","https://melolingua.com/learn-spanish/a1-stories/el-parque","CC BY-NC 4.0"
"es-el-parque","q3","es","A1","What is the park like where Sofía takes Max?","[""Small and dark"",""Big and full of trees"",""Noisy and dirty"",""Empty and dry""]","1","Big and full of trees","The park is spacious and has many tall trees.","https://melolingua.com/learn-spanish/a1-stories/el-parque","CC BY-NC 4.0"
"es-el-parque","q4","es","A1","What happens at the end of the day in the park?","[""It rains"",""The sun sets"",""More people arrive"",""It gets cold""]","1","The sun sets","The sun sets slowly, painting the sky orange.","https://melolingua.com/learn-spanish/a1-stories/el-parque","CC BY-NC 4.0"
"es-el-parque","q5","es","A1","What does Sofía say at the end of the story?","[""\""Let's go home, Max.\"""",""\""Let's play, Max.\"""",""\""Let's eat, Max.\"""",""\""Let's run, Max.\""""]","0","""Let's go home, Max.""","At the end, Sofía calls Max and says ""Let's go home, Max.""","https://melolingua.com/learn-spanish/a1-stories/el-parque","CC BY-NC 4.0"
"es-el-puesto-de-churros","q1","es","A1","What does Luciana follow in the plaza?","[""The aroma of hot oil"",""The sound of music"",""The smell of flowers""]","0","The aroma of hot oil","Luciana follows the aroma of hot oil, which leads her to the churros cart.","https://melolingua.com/learn-spanish/a1-stories/el-puesto-de-churros","CC BY-NC 4.0"
"es-el-puesto-de-churros","q2","es","A1","How many churros does Luciana buy?","[""Three"",""Six"",""None""]","0","Three","Luciana buys three churros because it's her first time.","https://melolingua.com/learn-spanish/a1-stories/el-puesto-de-churros","CC BY-NC 4.0"
"es-el-puesto-de-churros","q3","es","A1","How does the man describe the chocolate?","[""Very sweet"",""Hot but not too sweet"",""Cold and bitter""]","1","Hot but not too sweet","The man explains that the chocolate is hot but not too sweet.","https://melolingua.com/learn-spanish/a1-stories/el-puesto-de-churros","CC BY-NC 4.0"
"es-el-puesto-de-churros","q4","es","A1","Where does Luciana wait after buying the churros?","[""On the old bench in the plaza"",""At a nearby café"",""At the bus stop""]","0","On the old bench in the plaza","Luciana waits by the old bench in the plaza after buying her churros.","https://melolingua.com/learn-spanish/a1-stories/el-puesto-de-churros","CC BY-NC 4.0"
"es-el-puesto-de-churros","q5","es","A1","What does Luciana decide about her snack?","[""She doesn't like it"",""It's her favorite in the neighborhood"",""She prefers something else""]","1","It's her favorite in the neighborhood","Luciana decides the snack is her favorite in the neighborhood.","https://melolingua.com/learn-spanish/a1-stories/el-puesto-de-churros","CC BY-NC 4.0"
"es-la-cena","q1","es","A1","What does the grandmother prepare for dinner?","[""Tacos"",""Paella"",""Pizza"",""Salad""]","1","Paella","The grandmother prepares her famous paella, a traditional Spanish dish.","https://melolingua.com/learn-spanish/a1-stories/la-cena","CC BY-NC 4.0"
"es-la-cena","q2","es","A1","What do the children do while helping in the kitchen?","[""Sing"",""Wash the vegetables"",""Sleep"",""Play""]","1","Wash the vegetables","The children help wash the vegetables, laughing and splashing water.","https://melolingua.com/learn-spanish/a1-stories/la-cena","CC BY-NC 4.0"
"es-la-cena","q3","es","A1","What does the father say to the grandmother during dinner?","[""Thanks for this delicious meal"",""We need more bread"",""Where is dessert?"",""Let's watch a movie""]","0","Thanks for this delicious meal","The father thanks the grandmother for the delicious meal.","https://melolingua.com/learn-spanish/a1-stories/la-cena","CC BY-NC 4.0"
"es-la-cena","q4","es","A1","Which ingredient does the grandmother say the paella needs more of?","[""Salt"",""Saffron"",""Pepper"",""Garlic""]","1","Saffron","Saffron is a key ingredient in paella, giving it its distinctive color.","https://melolingua.com/learn-spanish/a1-stories/la-cena","CC BY-NC 4.0"
"es-la-cena","q5","es","A1","How does the grandmother feel at the end of the day?","[""Tired"",""Sad"",""Happy"",""Angry""]","2","Happy","The grandmother feels happy seeing her family together enjoying dinner.","https://melolingua.com/learn-spanish/a1-stories/la-cena","CC BY-NC 4.0"
"es-mi-nuevo-vecino","q1","es","A1","Where is Carlos from?","[""Spain"",""Mexico"",""Argentina"",""Chile""]","1","Mexico","Carlos is from Mexico, as mentioned at the beginning of the story.","https://melolingua.com/learn-spanish/a1-stories/mi-nuevo-vecino","CC BY-NC 4.0"
"es-mi-nuevo-vecino","q2","es","A1","What does Carlos bring with him?","[""A bicycle and a dog"",""A big box and a cat"",""A car and a plant"",""A book and a lamp""]","1","A big box and a cat","Carlos brings a big box and a curious cat named Luna.","https://melolingua.com/learn-spanish/a1-stories/mi-nuevo-vecino","CC BY-NC 4.0"
"es-mi-nuevo-vecino","q3","es","A1","What does Ana do after moving the boxes?","[""Invites Carlos to dinner"",""Invites Carlos for coffee"",""Goes home"",""Calls her friends""]","1","Invites Carlos for coffee","Ana invites Carlos for coffee, which starts a conversation.","https://melolingua.com/learn-spanish/a1-stories/mi-nuevo-vecino","CC BY-NC 4.0"
"es-mi-nuevo-vecino","q4","es","A1","How does Ana describe Carlos?","[""Kind"",""Serious"",""Shy"",""Loud""]","0","Kind","Ana thinks Carlos is very kind, which is a good quality in a neighbor.","https://melolingua.com/learn-spanish/a1-stories/mi-nuevo-vecino","CC BY-NC 4.0"
"es-una-llamada-a-mama","q1","es","A1","What does Marcos do when he comes out of the subway?","[""Dials his mom's number"",""Buys churros at the station"",""Goes directly to the museum""]","0","Dials his mom's number","Marcos calls his mom right after leaving the subway.","https://melolingua.com/learn-spanish/a1-stories/una-llamada-a-mama","CC BY-NC 4.0"
"es-una-llamada-a-mama","q2","es","A1","What does his mother remind him about home?","[""To turn off his phone all day"",""To hang up his coat and close the fridge properly"",""Not to open any windows""]","1","To hang up his coat and close the fridge properly","Marcos's mother gives him practical advice for keeping the home.","https://melolingua.com/learn-spanish/a1-stories/una-llamada-a-mama","CC BY-NC 4.0"
"es-una-llamada-a-mama","q3","es","A1","Why does Marcos smile at the end?","[""Because his mother's affection makes his day better"",""Because he forgot his bag"",""Because his mother didn't answer""]","0","Because his mother's affection makes his day better","The brief call and his mother's affection make Marcos feel better.","https://melolingua.com/learn-spanish/a1-stories/una-llamada-a-mama","CC BY-NC 4.0"
"es-el-viaje-en-tren","q1","es","A2","Why did Mateo arrive early at the station?","[""Because he wanted to buy a ticket"",""Because he didn't want to miss the train"",""Because he wanted to get a coffee""]","1","Because he didn't want to miss the train","Mateo arrived early because he didn't want to miss the train.","https://melolingua.com/learn-spanish/a2-stories/el-viaje-en-tren","CC BY-NC 4.0"
"es-el-viaje-en-tren","q2","es","A2","What did Mateo do when he saw the delay on the screen?","[""He got worried and left"",""He bought a coffee and waited"",""He called his cousin""]","1","He bought a coffee and waited","Mateo bought a coffee and waited, sitting with his backpack.","https://melolingua.com/learn-spanish/a2-stories/el-viaje-en-tren","CC BY-NC 4.0"
"es-el-viaje-en-tren","q3","es","A2","Who did Mateo talk to at the station?","[""A man traveling to Madrid"",""A woman who was also going to Valencia"",""A station employee""]","1","A woman who was also going to Valencia","Mateo talked to a woman who was also traveling to Valencia.","https://melolingua.com/learn-spanish/a2-stories/el-viaje-en-tren","CC BY-NC 4.0"
"es-el-viaje-en-tren","q4","es","A2","What did Mateo think about the train delay?","[""That it was very annoying"",""That sometimes a delay can bring a pleasant conversation"",""That he didn't mind it""]","1","That sometimes a delay can bring a pleasant conversation","Mateo thought that sometimes a delay can bring a pleasant conversation.","https://melolingua.com/learn-spanish/a2-stories/el-viaje-en-tren","CC BY-NC 4.0"
"es-fin-de-semana-en-granada","q1","es","A2","How does Laura's suitcase sound on the stairs?","[""It squeaks like a mouse"",""It rings like a bell"",""It makes no sound""]","0","It squeaks like a mouse","The story explicitly says that Laura's suitcase squeaks like a mouse on every staircase.","https://melolingua.com/learn-spanish/a2-stories/fin-de-semana-en-granada","CC BY-NC 4.0"
"es-fin-de-semana-en-granada","q2","es","A2","How did Laura describe the Alhambra from the viewpoint?","[""Like a fairytale castle"",""Like a golden treasure"",""Like a snowy mountain""]","1","Like a golden treasure","From the viewpoint, the Alhambra shone like a golden treasure against the blue sky.","https://melolingua.com/learn-spanish/a2-stories/fin-de-semana-en-granada","CC BY-NC 4.0"
"es-fin-de-semana-en-granada","q3","es","A2","What did Laura do on Sunday morning?","[""Visited a museum"",""Shared a Spanish omelette"",""Bought souvenirs""]","1","Shared a Spanish omelette","On Sunday, Laura shared a Spanish omelette with vegetables.","https://melolingua.com/learn-spanish/a2-stories/fin-de-semana-en-granada","CC BY-NC 4.0"
"es-la-panaderia-del-sabado","q1","es","A2","Why did Sofía go out early?","[""She wanted fresh bread before the line formed"",""Don Ramón had asked her to help at the bakery"",""The neighborhood library had closed""]","0","She wanted fresh bread before the line formed","The text says she wanted to buy bread before the line formed.","https://melolingua.com/learn-spanish/a2-stories/la-panaderia-del-sabado","CC BY-NC 4.0"
"es-la-panaderia-del-sabado","q2","es","A2","What does Don Ramón offer Sofía?","[""A piece of rosemary focaccia"",""A train ticket to Valencia"",""A book of ancient history""]","0","A piece of rosemary focaccia","Don Ramón offers Sofía a piece of rosemary focaccia.","https://melolingua.com/learn-spanish/a2-stories/la-panaderia-del-sabado","CC BY-NC 4.0"
"es-la-panaderia-del-sabado","q3","es","A2","What is the weather like when she crosses the plaza?","[""There is a light drizzle"",""It's extremely hot"",""It's snowing nonstop""]","0","There is a light drizzle","Sofía crosses the plaza under a light drizzle.","https://melolingua.com/learn-spanish/a2-stories/la-panaderia-del-sabado","CC BY-NC 4.0"
"es-primer-dia-en-la-oficina","q1","es","A2","How early does Javier arrive?","[""Fifteen minutes early"",""After the official building alarm rang"",""Two hours late""]","0","Fifteen minutes early","Javier arrives fifteen minutes early because he heard that punctuality is important.","https://melolingua.com/learn-spanish/a2-stories/primer-dia-en-la-oficina","CC BY-NC 4.0"
"es-primer-dia-en-la-oficina","q2","es","A2","What does Ana teach Javier about using the elevator?","[""Sometimes it's better to use the card before the button"",""He should never touch the internal buttons"",""He must play classical music while waiting""]","0","Sometimes it's better to use the card before the button","Ana shows Javier that sometimes it's better to use the card before pressing the button.","https://melolingua.com/learn-spanish/a2-stories/primer-dia-en-la-oficina","CC BY-NC 4.0"
"es-primer-dia-en-la-oficina","q3","es","A2","What does Javier send near midday?","[""A brief email with monthly goals and a quick response promise"",""An illegal email hidden in physical paper"",""Handwritten letters without signatures""]","0","A brief email with monthly goals and a quick response promise","Javier sends a brief email with modest monthly goals.","https://melolingua.com/learn-spanish/a2-stories/primer-dia-en-la-oficina","CC BY-NC 4.0"
"es-una-tarde-en-la-biblioteca","q1","es","A2","Why did Clara decide to go to the library?","[""Because she wanted to read a new book"",""Because there was too much noise at home"",""Because she wanted to meet a teacher""]","1","Because there was too much noise at home","Clara went to the library because there was too much noise at home.","https://melolingua.com/learn-spanish/a2-stories/una-tarde-en-la-biblioteca","CC BY-NC 4.0"
"es-una-tarde-en-la-biblioteca","q2","es","A2","What was Clara's brother doing at home?","[""He was cooking"",""He was listening to music"",""He was watching TV""]","1","He was listening to music","Clara's brother was blasting music in the house.","https://melolingua.com/learn-spanish/a2-stories/una-tarde-en-la-biblioteca","CC BY-NC 4.0"
"es-una-tarde-en-la-biblioteca","q3","es","A2","What recommendation did the elderly man give Clara?","[""A book about ancient travels"",""A cookbook"",""A math book""]","0","A book about ancient travels","The elderly man, a former history teacher, recommended a book about ancient travels.","https://melolingua.com/learn-spanish/a2-stories/una-tarde-en-la-biblioteca","CC BY-NC 4.0"
"es-el-puente-de-septiembre","q1","es","B1","What had Marcos and Carla planned for the September long weekend?","[""Go hiking in the mountains"",""Go to the beach to sunbathe and swim"",""Visit a museum in Cádiz""]","1","Go to the beach to sunbathe and swim","They had planned to lie in the sun and swim all weekend.","https://melolingua.com/learn-spanish/b1-stories/el-puente-de-septiembre","CC BY-NC 4.0"
"es-el-puente-de-septiembre","q2","es","B1","Why do they change their plans?","[""Because the hostel was closed"",""Because it started raining and the wind was blowing hard"",""Because they lost their car keys""]","1","Because it started raining and the wind was blowing hard","Saturday dawned cloudy, the wind was blowing hard, and it started raining.","https://melolingua.com/learn-spanish/b1-stories/el-puente-de-septiembre","CC BY-NC 4.0"
"es-el-puente-de-septiembre","q3","es","B1","Who recommends the Pájaros cove to them?","[""The hostel owner"",""An elderly man from the village in a bar"",""A tourist sign on the beach""]","1","An elderly man from the village in a bar","An elderly man from the village overheard them talking in a bar and recommended the cove.","https://melolingua.com/learn-spanish/b1-stories/el-puente-de-septiembre","CC BY-NC 4.0"
"es-el-puente-de-septiembre","q4","es","B1","How is the path to the cove described?","[""Wide and paved"",""Narrow and slippery from the rain"",""Flat and obstacle-free""]","1","Narrow and slippery from the rain","The trail was narrow and slippery from the rain.","https://melolingua.com/learn-spanish/b1-stories/el-puente-de-septiembre","CC BY-NC 4.0"
"es-el-puente-de-septiembre","q5","es","B1","What do Marcos and Carla think about the change of plans at the end?","[""That it was a waste of time"",""That a frustrated plan is sometimes the best plan"",""That they should have gone to another beach""]","1","That a frustrated plan is sometimes the best plan","Marcos says ""Thank goodness we didn't stay at the beach"" and the narrator concludes that a frustrated plan is sometimes the best plan.","https://melolingua.com/learn-spanish/b1-stories/el-puente-de-septiembre","CC BY-NC 4.0"
"es-la-bandeja-equivocada","q1","es","B1","What does Lucía order at the bakery-café?","[""A tray of mini croissants for her studio meeting"",""A birthday cake for her brother"",""A loaf of bread and orange juice""]","0","A tray of mini croissants for her studio meeting","She orders two coffees and a tray of mini croissants for a meeting at the studio.","https://melolingua.com/learn-spanish/b1-stories/la-bandeja-equivocada","CC BY-NC 4.0"
"es-la-bandeja-equivocada","q2","es","B1","What mistake does Clara make?","[""She throws away the receipt."",""She gives Lucía’s tray to another customer by mistake."",""She forgets to charge Lucía for the coffees.""]","1","She gives Lucía’s tray to another customer by mistake.","Clara says “se la di al señor del abrigo azul,” meaning she gave it to the man in the blue coat.","https://melolingua.com/learn-spanish/b1-stories/la-bandeja-equivocada","CC BY-NC 4.0"
"es-la-bandeja-equivocada","q3","es","B1","What does Lucía’s condition show about her?","[""She wants the customer to pay double."",""She wants Clara to quit her job."",""She does not want the confused customer to be embarrassed publicly.""]","2","She does not want the confused customer to be embarrassed publicly.","Lucía accepts the owner’s solution if they promise not to embarrass the man in front of everyone.","https://melolingua.com/learn-spanish/b1-stories/la-bandeja-equivocada","CC BY-NC 4.0"
"es-la-bandeja-equivocada","q4","es","B1","What does the confused customer do ten minutes later?","[""He returns with the box almost full and apologizes"",""He phones the bakery to complain"",""He keeps the pastries and leaves town""]","0","He returns with the box almost full and apologizes","The story says the man returns with the box almost full and apologizes for taking it without looking.","https://melolingua.com/learn-spanish/b1-stories/la-bandeja-equivocada","CC BY-NC 4.0"
"es-la-carta-de-reclamacion","q1","es","B1","What is the main problem Sofia must solve?","[""Draft a complaint letter for an unsatisfied client"",""Prepare a presentation for the board"",""Answer accumulated emails from the week""]","0","Draft a complaint letter for an unsatisfied client","Sofia needs to draft a complaint letter for a client who received an incomplete order.","https://melolingua.com/learn-spanish/b1-stories/la-carta-de-reclamacion","CC BY-NC 4.0"
"es-la-carta-de-reclamacion","q2","es","B1","What had the client done before the problem?","[""Cancelled the order by phone"",""Paid for the order in advance"",""Changed suppliers""]","1","Paid for the order in advance","The client had paid in advance and the material not only arrived late but was missing three boxes.","https://melolingua.com/learn-spanish/b1-stories/la-carta-de-reclamacion","CC BY-NC 4.0"
"es-la-carta-de-reclamacion","q3","es","B1","What problem does Marta point out about the letter?","[""That Sofia should ignore the warehouse error"",""That the challenge is proposing a solution without seeming weak"",""That the letter is too long""]","1","That the challenge is proposing a solution without seeming weak","Marta says the problem isn't acknowledging the error, but proposing a solution without seeming weak.","https://melolingua.com/learn-spanish/b1-stories/la-carta-de-reclamacion","CC BY-NC 4.0"
"es-la-carta-de-reclamacion","q4","es","B1","What solution appears in Sofia's final version of the letter?","[""She explains the facts, apologizes, and proposes a process-review meeting"",""Cancels the contract with the client"",""Promises a routine discount for every warehouse mistake""]","0","She explains the facts, apologizes, and proposes a process-review meeting","After her boss rejects routine discounts, Sofia objectively explains the facts, apologizes, and proposes a meeting to review the internal process.","https://melolingua.com/learn-spanish/b1-stories/la-carta-de-reclamacion","CC BY-NC 4.0"
"es-la-carta-de-reclamacion","q5","es","B1","What conclusion does Sofia draw about professional communication?","[""That firmness without courtesy is more effective"",""That well-used courtesy can be more powerful than pressure"",""That it's best to avoid formal letters""]","1","That well-used courtesy can be more powerful than pressure","Sofia concludes that well-used courtesy is more powerful than pressure.","https://melolingua.com/learn-spanish/b1-stories/la-carta-de-reclamacion","CC BY-NC 4.0"
"es-la-cola-en-el-banco","q1","es","B1","Where is Ana waiting at the beginning of the story?","[""At the market"",""In a bank queue"",""At the doctor's office""]","1","In a bank queue","Ana placed herself at the end of the bank queue, which was full.","https://melolingua.com/learn-spanish/b1-stories/la-cola-en-el-banco","CC BY-NC 4.0"
"es-la-cola-en-el-banco","q2","es","B1","Why does the wait get longer?","[""Because the teller went to lunch"",""Because the number machine jammed"",""Because the bank closed""]","1","Because the number machine jammed","The ticket machine jammed and the receptionist had to restart it.","https://melolingua.com/learn-spanish/b1-stories/la-cola-en-el-banco","CC BY-NC 4.0"
"es-la-cola-en-el-banco","q3","es","B1","What problem does Ana have besides the queue?","[""She lost her wallet"",""Her phone battery is low and she'll be late for the doctor"",""She didn't bring her ID""]","1","Her phone battery is low and she'll be late for the doctor","Ana calculates she'll be late for her doctor's appointment and her phone battery is low.","https://melolingua.com/learn-spanish/b1-stories/la-cola-en-el-banco","CC BY-NC 4.0"
"es-la-cola-en-el-banco","q4","es","B1","What does the elderly lady do when she talks on the phone?","[""Asks her daughter to come quickly"",""Tells her daughter she already got the money and doesn't need to come"",""Calls the bank to complain""]","1","Tells her daughter she already got the money and doesn't need to come","The lady says: ""I already got the money. You don't need to come.""","https://melolingua.com/learn-spanish/b1-stories/la-cola-en-el-banco","CC BY-NC 4.0"
"es-la-cola-en-el-banco","q5","es","B1","What does Ana do at the end of the story?","[""Leaves the bank angry"",""Offers her place in line to the elderly lady"",""Calls the doctor from the bank phone""]","1","Offers her place in line to the elderly lady","Ana, hearing the conversation, feels empathy and offers her place in line to the elderly lady.","https://melolingua.com/learn-spanish/b1-stories/la-cola-en-el-banco","CC BY-NC 4.0"
"es-la-feria-del-libro-en-madrid","q1","es","B1","What mix of scents marks Isa's memory?","[""Fresh paper with roasted peppers"",""Hot chocolate with milk and new gasoline"",""Only burnt paper and strong medicinal smell""]","0","Fresh paper with roasted peppers","The aroma of fresh paper and roasted peppers is a unique mix that marks her memory.","https://melolingua.com/learn-spanish/b1-stories/la-feria-del-libro-en-madrid","CC BY-NC 4.0"
"es-la-feria-del-libro-en-madrid","q2","es","B1","What does she buy after suffering through the eternal wait?","[""A novel about a protagonist who collects lost posters"",""Only three gastronomic maps without usable text"",""A newspaper without Spanish articles""]","0","A novel about a protagonist who collects lost posters","Isa buys a peculiar novel about a protagonist who collects lost posters.","https://melolingua.com/learn-spanish/b1-stories/la-feria-del-libro-en-madrid","CC BY-NC 4.0"
"es-la-feria-del-libro-en-madrid","q3","es","B1","What does she admit to the nearby writer?","[""She leaves books unfinished if the rhythm breaks too late"",""She never abandons books"",""She prefers collecting sneakers""]","0","She leaves books unfinished if the rhythm breaks too late","Isa confesses that if a book's rhythm breaks too late, she leaves it unfinished.","https://melolingua.com/learn-spanish/b1-stories/la-feria-del-libro-en-madrid","CC BY-NC 4.0"
"es-la-fila-en-la-farmacia","q1","es","B1","Why does Elena need a nasal spray?","[""City dust dries her throat before her trip to Córdoba"",""She is collecting medicine for her brother"",""The pharmacy asked her to test a new product""]","0","City dust dries her throat before her trip to Córdoba","The story says that city dust dries Elena's throat before her trip to Córdoba.","https://melolingua.com/learn-spanish/b1-stories/la-fila-en-la-farmacia","CC BY-NC 4.0"
"es-la-fila-en-la-farmacia","q2","es","B1","What is happening on Elena’s phone during the wait?","[""Her mother is on speaker discussing weekend plans"",""She is watching a travel video about Lisbon"",""She is texting her boss about a meeting""]","0","Her mother is on speaker discussing weekend plans","«Su madre, al altavoz, hablaba del domingo en el pueblo»—her mother on speakerphone talks about Sunday in the village.","https://melolingua.com/learn-spanish/b1-stories/la-fila-en-la-farmacia","CC BY-NC 4.0"
"es-la-fila-en-la-farmacia","q3","es","B1","What does the woman in line recommend?","[""Buying the spray at the supermarket next door"",""Drinking more water and avoiding the sun at midday"",""Calling a doctor before any train trip""]","1","Drinking more water and avoiding the sun at midday","The stranger says «beba más agua y no salga al sol del mediodía»—classic Andalusian practical advice during a heatwave.","https://melolingua.com/learn-spanish/b1-stories/la-fila-en-la-farmacia","CC BY-NC 4.0"
"es-el-ascensor-que-no-llega","q1","es","B2","What makes Paula and Don Ricardo's encounter in the stairwell different from their usual interactions?","[""They had never spoken before that day"",""The broken elevator forces them to walk together and have an actual conversation"",""Don Ricardo had called a building meeting""]","1","The broken elevator forces them to walk together and have an actual conversation","Paula had never exchanged more than 'buenos días' with him. The forced proximity of the stairs creates a space for real conversation.","https://melolingua.com/learn-spanish/b2-stories/el-ascensor-que-no-llega","CC BY-NC 4.0"
"es-el-ascensor-que-no-llega","q2","es","B2","What does Don Ricardo reveal about himself during the climb?","[""He used to work at a printing press and has lived in the building for forty years"",""He is planning to move to another city"",""He owns the building""]","0","He used to work at a printing press and has lived in the building for forty years","Don Ricardo states 'Antes de jubilarme, trabajaba en una imprenta. Llevo cuarenta años en este edificio' — two biographical details that humanize him.","https://melolingua.com/learn-spanish/b2-stories/el-ascensor-que-no-llega","CC BY-NC 4.0"
"es-el-ascensor-que-no-llega","q3","es","B2","What does the phrase 'ojalá la ciudad no hubiera cambiado tanto' reveal about Paula?","[""She disagrees with Don Ricardo's nostalgia"",""She actually shares Don Ricardo's sentiment about urban change, using the pluperfect subjunctive"",""She is planning to move to the countryside""]","1","She actually shares Don Ricardo's sentiment about urban change, using the pluperfect subjunctive","Paula's use of 'ojalá... no hubiera cambiado' (pluperfect subjunctive with ojalá) shows she shares his regret about urban transformation, expressing a wish for a counterfactual past.","https://melolingua.com/learn-spanish/b2-stories/el-ascensor-que-no-llega","CC BY-NC 4.0"
"es-el-ascensor-que-no-llega","q4","es","B2","What does Don Ricardo offer to do at the end of their encounter?","[""Move to a ground-floor apartment"",""Wait for her at six the next day so she doesn't walk alone"",""Call the elevator repair company himself""]","1","Wait for her at six the next day so she doesn't walk alone","Don Ricardo says 'Si el ascensor no se arregla pronto, mañana a las seis la espero para bajar. Así no sube sola' — an offer of companionship born from their conversation.","https://melolingua.com/learn-spanish/b2-stories/el-ascensor-que-no-llega","CC BY-NC 4.0"
"es-el-ascensor-que-no-llega","q5","es","B2","What is the significance of Paula's final thought, 'Ojalá el ascensor tarde un poco más en arreglarse'?","[""She is afraid of heights and prefers the stairs"",""She secretly hopes the elevator stays broken so they keep meeting"",""She is angry at the building management""]","1","She secretly hopes the elevator stays broken so they keep meeting","Paula's ironic wish that the elevator take longer to fix reveals that the broken elevator has created a human connection she values — a subtle, B2-level emotional insight.","https://melolingua.com/learn-spanish/b2-stories/el-ascensor-que-no-llega","CC BY-NC 4.0"
"es-el-juicio","q1","es","B2","What makes the lawsuit seem simple at first?","[""It involves a large corporation"",""It is about a poorly measured property boundary"",""The defendant has already confessed""]","1","It is about a poorly measured property boundary","The story states 'La demanda parecía sencilla: un límite de finca mal medido' — a simple boundary dispute.","https://melolingua.com/learn-spanish/b2-stories/el-juicio","CC BY-NC 4.0"
"es-el-juicio","q2","es","B2","What unexpected information does the witness reveal during cross-examination?","[""That the wall was built illegally"",""That Don Emilio has a brother who was the original owner with a verbal agreement"",""That the judge was involved in the original sale""]","1","That Don Emilio has a brother who was the original owner with a verbal agreement","The witness mentions Don Emilio is not the original owner — his brother was, with an unwritten verbal agreement: 'un acuerdo verbal que nunca se escribió.'","https://melolingua.com/learn-spanish/b2-stories/el-juicio","CC BY-NC 4.0"
"es-el-juicio","q3","es","B2","Why does Andrea change her legal strategy?","[""She realizes the case is about an oral promise, not just a wall boundary"",""She decides to withdraw from the case"",""She wants to delay the proceedings""]","0","She realizes the case is about an oral promise, not just a wall boundary","Andrea realizes 'el caso ya no trataba de un muro, sino de algo más delicado: una promesa entre hermanos' and shifts to arguing 'posesión continuada' instead.","https://melolingua.com/learn-spanish/b2-stories/el-juicio","CC BY-NC 4.0"
"es-el-juicio","q4","es","B2","What is the judge's final ruling?","[""He rules entirely against Don Emilio"",""He recognizes Don Emilio's right but orders symbolic compensation"",""He dismisses the case completely""]","1","He recognizes Don Emilio's right but orders symbolic compensation","The judge issues a split ruling: 'reconoció el derecho de don Emilio, pero le ordenó pagar una indemnización simbólica al demandante por la falta de documentación.'","https://melolingua.com/learn-spanish/b2-stories/el-juicio","CC BY-NC 4.0"
"es-el-juicio","q5","es","B2","Which grammatical structure is used in 'Andrea insistió en que su cliente actuó de buena fe' that signals formal legal discourse?","[""Imperfect subjunctive with 'insistir en que'"",""Preterite indicative after 'insistir en que' for a factual claim"",""Conditional perfect""]","1","Preterite indicative after 'insistir en que' for a factual claim","'Insistir en que' is followed by the indicative ('actuó') because Andrea is asserting a fact, not expressing doubt. In legal Spanish, this choice of mood carries evidentiary weight.","https://melolingua.com/learn-spanish/b2-stories/el-juicio","CC BY-NC 4.0"
"es-el-mercado-de-artesanos","q1","es","B2","What does Clara notice about the artisan when she asks about the jaguar piece?","[""He refuses to sell it"",""His gaze suggests the piece is more than a souvenir"",""He demands a much higher price""]","1","His gaze suggests the piece is more than a souvenir","Clara senses 'algo en la mirada del artesano la hizo sentir que aquella pieza no era un simple recuerdo de viaje' — there is implicit meaning the piece carries.","https://melolingua.com/learn-spanish/b2-stories/el-mercado-de-artesanos","CC BY-NC 4.0"
"es-el-mercado-de-artesanos","q2","es","B2","Why doesn't Pablo translate what the artisan says in his mother tongue?","[""He doesn't speak Zapotec himself"",""He didn't know if it was important enough to translate"",""He was angry at the artisan""]","1","He didn't know if it was important enough to translate","Pablo admits 'no quise traducirlo porque no sabía si era para tanto' — he didn't judge the story as worth translating, revealing a cultural filter.","https://melolingua.com/learn-spanish/b2-stories/el-mercado-de-artesanos","CC BY-NC 4.0"
"es-el-mercado-de-artesanos","q3","es","B2","What story does the jaguar figure represent?","[""A mythical Zapotec king"",""The guardian of a spring that disappeared when roads were built"",""A hunting trophy from the jungle""]","1","The guardian of a spring that disappeared when roads were built","The jaguar was 'el guardián de un manantial que su abuelo había protegido hasta que llegaron las carreteras' — a symbol of environmental loss.","https://melolingua.com/learn-spanish/b2-stories/el-mercado-de-artesanos","CC BY-NC 4.0"
"es-el-mercado-de-artesanos","q4","es","B2","What does Clara conclude about the experience at the end?","[""She regrets not learning Zapotec before traveling"",""She prefers not having understood the full translation, as some stories feel better without exact words"",""She will only buy from tourist shops in the future""]","1","She prefers not having understood the full translation, as some stories feel better without exact words","Clara says 'Prefiero no haber entendido la traducción completa. Algunas historias se sienten mejor sin palabras exactas' — embracing the ambiguity.","https://melolingua.com/learn-spanish/b2-stories/el-mercado-de-artesanos","CC BY-NC 4.0"
"es-el-mercado-de-artesanos","q5","es","B2","Which grammatical feature of the phrase 'guardaba la memoria del lugar donde él creció' makes it higher-level Spanish?","[""The use of the conditional perfect"",""The imperfect 'guardaba' for a state that persists and 'donde' with preterite 'creció'"",""The imperative form of 'guardar'""]","1","The imperfect 'guardaba' for a state that persists and 'donde' with preterite 'creció'","The imperfect 'guardaba' describes an ongoing quality (the figure holds memory), while 'donde él creció' uses preterite for a completed past action — a B2-level tense contrast.","https://melolingua.com/learn-spanish/b2-stories/el-mercado-de-artesanos","CC BY-NC 4.0"
"es-el-vuelo-reprogramado","q1","es","B2","What happened to Pablo’s original flight?","[""It was delayed thirty minutes"",""It was cancelled because of fog in Lisbon"",""He missed check-in at the airport""]","1","It was cancelled because of fog in Lisbon","The airline app and the agent both cite fog in Lisbon («niebla en Lisboa») as the reason the flight was cancelled, not a simple delay.","https://melolingua.com/learn-spanish/b2-stories/el-vuelo-reprogramado","CC BY-NC 4.0"
"es-el-vuelo-reprogramado","q2","es","B2","Why does Pablo go to Atocha instead of staying at the airport?","[""He prefers the café on the platform"",""His new plan combines a train to Lisbon with a morning connection"",""He lost his passport at the station""]","1","His new plan combines a train to Lisbon with a morning connection","The agent offers a night train plus a morning connection; Pablo accepts and heads to platform 8 with a new ticket on his phone.","https://melolingua.com/learn-spanish/b2-stories/el-vuelo-reprogramado","CC BY-NC 4.0"
"es-el-vuelo-reprogramado","q3","es","B2","Which detail shows preterite narration of completed events?","[""«La pantalla parpadeó y cancelaron el vuelo de las diez»"",""«Los altavoces nunca dejan de anunciar retrasos»"",""«Pablo lleva una maleta pequeña»""]","0","«La pantalla parpadeó y cancelaron el vuelo de las diez»","«Parpadeó» and «cancelaron» are preterite: the screen blinked once, and the airline cancelled the flight—finished actions pushing the plot forward.","https://melolingua.com/learn-spanish/b2-stories/el-vuelo-reprogramado","CC BY-NC 4.0"
"es-la-entrevista-final","q1","es","B2","What makes the silent woman question different from the others Valeria had been asked?","[""It is a technical question about her field"",""It asks about a real failure that still hurts, not a rehearsed lesson-learned answer"",""It is in English""]","1","It asks about a real failure that still hurts, not a rehearsed lesson-learned answer","The woman asks for a real mistake that still causes pain, which is deliberately outside the standard interview script.","https://melolingua.com/learn-spanish/b2-stories/la-entrevista-final","CC BY-NC 4.0"
"es-la-entrevista-final","q2","es","B2","How does Valeria respond to the unexpected question?","[""She deflects and talks about a minor scheduling conflict"",""She honestly describes a product launch where she made unilateral decisions and two people quit"",""She asks for time to think and does not answer""]","1","She honestly describes a product launch where she made unilateral decisions and two people quit","Valeria tells the truth about a failed product launch where she acted unilaterally to meet a deadline, causing two resignations.","https://melolingua.com/learn-spanish/b2-stories/la-entrevista-final","CC BY-NC 4.0"
"es-la-entrevista-final","q3","es","B2","What does Valeria say she learned from that failure?","[""That deadlines should never be compromised"",""That leadership means creating a safe space for feedback and earning trust through listening"",""That she should never lead a team again""]","1","That leadership means creating a safe space for feedback and earning trust through listening","Valeria says leadership is not just making the right decisions but creating a space where the team can speak honestly without fear.","https://melolingua.com/learn-spanish/b2-stories/la-entrevista-final","CC BY-NC 4.0"
"es-la-entrevista-final","q4","es","B2","What does the observer say after Valeria honest answer?","[""She looks disappointed and closes her notebook"",""She thanks Valeria for her honesty and invites her to speak with the CEO"",""She leaves the room without comment""]","1","She thanks Valeria for her honesty and invites her to speak with the CEO","The silent woman catches Valeria in the elevator and says she should come back to speak with the director general, validating her honesty.","https://melolingua.com/learn-spanish/b2-stories/la-entrevista-final","CC BY-NC 4.0"
"es-la-entrevista-final","q5","es","B2","What does Valeria realize at the end of the interview?","[""She should have prepared better answers"",""Sometimes the door that seems to close is the one that truly opens"",""She will never get the job now""]","1","Sometimes the door that seems to close is the one that truly opens","The narrator concludes that sometimes the door that appears to close is the one that truly opens, reflecting Valeria growth through vulnerability.","https://melolingua.com/learn-spanish/b2-stories/la-entrevista-final","CC BY-NC 4.0"
"es-la-renuncia-por-correo","q1","es","B2","Why does Marta write the email that evening?","[""She wants a promotion before the holidays"",""She is responding to a tense review and overheard criticism"",""Her laptop stopped working during the morning meeting""]","1","She is responding to a tense review and overheard criticism","The review comments are still on her screen, and she hears her boss raising his voice next door—she decides to resign rather than repeat that meeting.","https://melolingua.com/learn-spanish/b2-stories/la-renuncia-por-correo","CC BY-NC 4.0"
"es-la-renuncia-por-correo","q2","es","B2","What does Marta lose if she sends the message?","[""Her parking pass and blue company badge"",""Her apartment lease in Gràcia"",""Her train ticket home to Valencia""]","0","Her parking pass and blue company badge","She re-reads the consequences: «mañana ya no tendría llave del parking ni credencial azul»—tomorrow she would no longer have the parking key or the blue badge.","https://melolingua.com/learn-spanish/b2-stories/la-renuncia-por-correo","CC BY-NC 4.0"
"es-la-renuncia-por-correo","q3","es","B2","Which line shows formal regret with the subjunctive?","[""«Ojalá hubiera podido hablar antes de que tomaran la decisión»"",""«El ascensor subía con un zumbido cansado»"",""«La Diagonal brillaba bajo una lluvia fina de mayo»""]","0","«Ojalá hubiera podido hablar antes de que tomaran la decisión»","«Ojalá hubiera podido…» uses the pluperfect subjunctive for a past wish, and «antes de que tomaran» triggers imperfect subjunctive after «antes de que»—typical of careful resignation register in Spain.","https://melolingua.com/learn-spanish/b2-stories/la-renuncia-por-correo","CC BY-NC 4.0"
"fr-le-bus-du-matin","q1","fr","A1","What time does Sophie take the bus?","[""Seven in the morning"",""Midnight"",""Eleven at night""]","0","Seven in the morning","The opening line says that Sophie takes the bus at seven in the morning.","https://melolingua.com/learn-french/a1-stories/le-bus-du-matin","CC BY-NC 4.0"
"fr-le-bus-du-matin","q2","fr","A1","What does Sophie do when getting on the bus?","[""She looks for coins"",""She reads a book"",""She sleeps""]","0","She looks for coins","Sophie looks for three coins in her pocket as the driver closes the door.","https://melolingua.com/learn-french/a1-stories/le-bus-du-matin","CC BY-NC 4.0"
"fr-le-bus-du-matin","q3","fr","A1","What is the weather like during Sophie's commute?","[""It's snowing"",""It's raining"",""It's sunny""]","1","It's raining","The story mentions drizzle on the bus window and light rain outside the school.","https://melolingua.com/learn-french/a1-stories/le-bus-du-matin","CC BY-NC 4.0"
"fr-le-fromager-du-quartier","q1","fr","A1","Why does Noah enter the shop?","[""Because the smell of melted cheese tickles his nose"",""To buy flowers"",""Because he lost his way""]","0","Because the smell of melted cheese tickles his nose","Noah is drawn in by the tempting smell of melted cheese, which leads him to enter the cheese shop.","https://melolingua.com/learn-french/a1-stories/le-fromager-du-quartier","CC BY-NC 4.0"
"fr-le-fromager-du-quartier","q2","fr","A1","How does Noah pay?","[""With shiny coins"",""With a credit card"",""With crumpled bills""]","0","With shiny coins","Noah uses shiny coins to pay for his purchases, which is common in small shops in France.","https://melolingua.com/learn-french/a1-stories/le-fromager-du-quartier","CC BY-NC 4.0"
"fr-le-fromager-du-quartier","q3","fr","A1","What must he do with the cheese before evening?","[""Keep it cool"",""Eat it right away"",""Give it to a friend""]","0","Keep it cool","The cheesemaker advises Noah to keep the cheese cool to preserve its quality until dinner.","https://melolingua.com/learn-french/a1-stories/le-fromager-du-quartier","CC BY-NC 4.0"
"fr-le-matin-a-la-boulangerie","q1","fr","A1","What time does Sophie wake up each morning?","[""Six o'clock"",""Seven o'clock"",""Eight o'clock""]","1","Seven o'clock","Sophie wakes up at seven o'clock each morning, which allows her to start her day with a visit to the bakery.","https://melolingua.com/learn-french/a1-stories/le-matin-a-la-boulangerie","CC BY-NC 4.0"
"fr-le-matin-a-la-boulangerie","q2","fr","A1","What does the bakery smell like?","[""Coffee"",""Fresh bread and warm butter"",""Flowers""]","1","Fresh bread and warm butter","The bakery smells of fresh bread and warm butter, a typical scent of Parisian bakeries.","https://melolingua.com/learn-french/a1-stories/le-matin-a-la-boulangerie","CC BY-NC 4.0"
"fr-le-matin-a-la-boulangerie","q3","fr","A1","How much does Sophie pay for her purchases?","[""Two euros"",""Three euros fifty"",""Five euros""]","1","Three euros fifty","In the story, Sophie pays three euros fifty for a croissant and a baguette.","https://melolingua.com/learn-french/a1-stories/le-matin-a-la-boulangerie","CC BY-NC 4.0"
"fr-le-pique-nique-au-parc","q1","fr","A1","What do Léa and Camille prepare for their Sunday?","[""A dinner at a restaurant"",""A picnic in the park"",""A walk in the city""]","1","A picnic in the park","Léa and Camille prepare a picnic for their Sunday at the park, with bread, cheese, and fruit.","https://melolingua.com/learn-french/a1-stories/le-pique-nique-au-parc","CC BY-NC 4.0"
"fr-le-pique-nique-au-parc","q2","fr","A1","What do they put on the grass?","[""A blue blanket"",""A red-checkered tablecloth"",""A yellow rug""]","1","A red-checkered tablecloth","They put a red-checkered tablecloth on the green grass to set up the picnic.","https://melolingua.com/learn-french/a1-stories/le-pique-nique-au-parc","CC BY-NC 4.0"
"fr-le-pique-nique-au-parc","q3","fr","A1","What does Camille say to ask for the bottle?","[""Give me that"",""Pass me the bottle, please"",""I want water""]","1","Pass me the bottle, please","Camille uses the polite phrase ""Pass me the bottle, please"" to make her request.","https://melolingua.com/learn-french/a1-stories/le-pique-nique-au-parc","CC BY-NC 4.0"
"fr-le-pique-nique-au-parc","q4","fr","A1","What do they do after the meal?","[""They leave everything on the ground"",""They pick everything up and throw away the trash"",""They run in the park""]","1","They pick everything up and throw away the trash","After the meal, they pick everything up and throw the trash in a bin, because you must be clean.","https://melolingua.com/learn-french/a1-stories/le-pique-nique-au-parc","CC BY-NC 4.0"
"fr-une-promenade-le-long-de-la-seine","q1","fr","A1","What day of the week is it in the story?","[""Monday"",""Sunday"",""Saturday"",""Friday""]","1","Sunday","The story begins with ""It's a peaceful Sunday afternoon.""","https://melolingua.com/learn-french/a1-stories/une-promenade-le-long-de-la-seine","CC BY-NC 4.0"
"fr-une-promenade-le-long-de-la-seine","q2","fr","A1","What does Lucas do during his walk?","[""He rides a bike"",""He strolls along the Seine"",""He swims in the river"",""He visits a museum""]","1","He strolls along the Seine","Lucas decides to take a walk along the Seine, admiring books and postcards.","https://melolingua.com/learn-french/a1-stories/une-promenade-le-long-de-la-seine","CC BY-NC 4.0"
"fr-une-promenade-le-long-de-la-seine","q3","fr","A1","What does Lucas spot in the sky?","[""Birds"",""Planes"",""White clouds"",""Stars""]","2","White clouds","Lucas gazes at the white clouds floating in the sky, adding to the tranquility of the afternoon.","https://melolingua.com/learn-french/a1-stories/une-promenade-le-long-de-la-seine","CC BY-NC 4.0"
"fr-une-promenade-le-long-de-la-seine","q4","fr","A1","What is the condition of the river water?","[""Rough"",""Calm and green"",""Muddy"",""Frozen""]","1","Calm and green","The river water is described as calm and a deep green, reflecting the serenity of the environment.","https://melolingua.com/learn-french/a1-stories/une-promenade-le-long-de-la-seine","CC BY-NC 4.0"
"fr-une-promenade-le-long-de-la-seine","q5","fr","A1","What does Lucas think of Paris?","[""He thinks it's noisy"",""He thinks it's boring"",""He thinks it's truly beautiful"",""He thinks it's too big""]","2","He thinks it's truly beautiful","Lucas thinks with wonder that ""Paris is truly beautiful,"" capturing the beauty of the city.","https://melolingua.com/learn-french/a1-stories/une-promenade-le-long-de-la-seine","CC BY-NC 4.0"
"fr-une-rencontre-au-cafe","q1","fr","A1","What is Thomas's profession?","[""Photographer"",""Music teacher"",""Journalist"",""Chef""]","1","Music teacher","Thomas is a music teacher, which is revealed when he talks to Marie.","https://melolingua.com/learn-french/a1-stories/une-rencontre-au-cafe","CC BY-NC 4.0"
"fr-une-rencontre-au-cafe","q2","fr","A1","What does Marie drink at the café?","[""A tea"",""A coffee with cream"",""An orange juice"",""A hot chocolate""]","1","A coffee with cream","Marie drinks a coffee with cream, a typical beverage in French cafés.","https://melolingua.com/learn-french/a1-stories/une-rencontre-au-cafe","CC BY-NC 4.0"
"fr-une-rencontre-au-cafe","q3","fr","A1","How does Marie describe her time with Thomas?","[""Boring"",""Pleasant"",""Too short"",""Awkward""]","1","Pleasant","Marie says « c'était très agréable » — it was very pleasant — before she leaves.","https://melolingua.com/learn-french/a1-stories/une-rencontre-au-cafe","CC BY-NC 4.0"
"fr-une-rencontre-au-cafe","q4","fr","A1","Which topic is NOT discussed by Marie and Thomas?","[""Paris"",""Music"",""Travel"",""Cooking""]","3","Cooking","Marie and Thomas talk about Paris, music, and travel, but not about cooking.","https://melolingua.com/learn-french/a1-stories/une-rencontre-au-cafe","CC BY-NC 4.0"
"fr-une-rencontre-au-cafe","q5","fr","A1","How does the meeting between Marie and Thomas end?","[""They argue."",""They exchange phone numbers."",""They leave together."",""They say goodbye without exchanging contacts.""]","1","They exchange phone numbers.","Marie and Thomas exchange phone numbers, suggesting a possible future meeting.","https://melolingua.com/learn-french/a1-stories/une-rencontre-au-cafe","CC BY-NC 4.0"
"fr-cinq-minutes-sous-la-pluie","q1","fr","A2","Why is Nora worried about being late?","[""She is going to a job interview."",""She is meeting friends for lunch."",""She is visiting the town hall.""]","0","She is going to a job interview.","The phrase « son entretien » means her interview; here it is a work-related meeting with a recruiter.","https://melolingua.com/learn-french/a2-stories/cinq-minutes-sous-la-pluie","CC BY-NC 4.0"
"fr-cinq-minutes-sous-la-pluie","q2","fr","A2","What choice does Nora make on the bus?","[""She keeps her seat and ignores the problem."",""She asks the driver to wait longer."",""She stands up and helps fold the stroller.""]","2","She stands up and helps fold the stroller.","« Je vous aide? » is a polite, quick offer to a stranger. Using vous fits the bus setting.","https://melolingua.com/learn-french/a2-stories/cinq-minutes-sous-la-pluie","CC BY-NC 4.0"
"fr-cinq-minutes-sous-la-pluie","q3","fr","A2","How does Nora feel at the end of the story?","[""Angry at the delay"",""Relieved and calm"",""Still worried about being late""]","1","Relieved and calm","« Nora respirait enfin » — Nora could finally breathe. She's relieved the recruiter was understanding.","https://melolingua.com/learn-french/a2-stories/cinq-minutes-sous-la-pluie","CC BY-NC 4.0"
"fr-cinq-minutes-sous-la-pluie","q4","fr","A2","Défi A2+ : Pourquoi l'auteur écrit-il « Cinq minutes de retard, pas de souci » ? Quelle est la leçon de cette histoire ?","[""La gentillesse et l'entraide sont plus importantes que la ponctualité"",""Il faut toujours arriver en avance"",""Les bus sont toujours en retard en France""]","0","La gentillesse et l'entraide sont plus importantes que la ponctualité","Nora choisit d'aider une femme avec sa poussette, et le recruteur se montre compréhensif. L'histoire montre que les petits gestes comptent.","https://melolingua.com/learn-french/a2-stories/cinq-minutes-sous-la-pluie","CC BY-NC 4.0"
"fr-lentretien-du-mardi","q1","fr","A2","How many minutes early does Yanis arrive?","[""Ten minutes early"",""One hour after everyone else"",""Exactly at midnight closed""]","0","Ten minutes early","Yanis arrives ten minutes early to show his respect for punctuality, a value often emphasized in professional settings.","https://melolingua.com/learn-french/a2-stories/lentretien-du-mardi","CC BY-NC 4.0"
"fr-lentretien-du-mardi","q2","fr","A2","What does the manager show on the screen?","[""A shared calendar"",""A movie about national weather"",""A vacation closure schedule""]","0","A shared calendar","The manager uses a shared calendar to coordinate the team's tasks, an essential tool in project management.","https://melolingua.com/learn-french/a2-stories/lentretien-du-mardi","CC BY-NC 4.0"
"fr-lentretien-du-mardi","q3","fr","A2","What does Yanis plan to do after the meeting?","[""Send a thank-you email that same evening"",""Write a very long letter to his former boss"",""Post an anonymous critical message on social media""]","0","Send a thank-you email that same evening","Sending a thank-you email is a common practice after an interview, showing professionalism and interest in the position.","https://melolingua.com/learn-french/a2-stories/lentretien-du-mardi","CC BY-NC 4.0"
"fr-lentretien-du-mardi","q4","fr","A2","Défi A2+ : Quelles qualités professionnelles Yanis montre-t-il pendant l'entretien ? Donne deux exemples.","[""La ponctualité et l'organisation"",""La créativité et l'humour"",""La patience et la force physique""]","0","La ponctualité et l'organisation","Yanis montre sa ponctualité en arrivant dix minutes avant l'heure et son organisation en écrivant trois priorités chaque matin.","https://melolingua.com/learn-french/a2-stories/lentretien-du-mardi","CC BY-NC 4.0"
"fr-un-diner-entre-amis","q1","fr","A2","Which dish do Julie and Paul decide to cook together?","[""A pizza"",""A quiche"",""A cake"",""Pasta""]","1","A quiche","Julie and Paul decide to cook a quiche together, a typically French dish.","https://melolingua.com/learn-french/a2-stories/un-diner-entre-amis","CC BY-NC 4.0"
"fr-un-diner-entre-amis","q2","fr","A2","What does Paul do with the cheese?","[""He cuts it"",""He grates it"",""He eats it"",""He melts it""]","1","He grates it","Paul grates the cheese to add to the quiche, an essential step for getting a melting texture.","https://melolingua.com/learn-french/a2-stories/un-diner-entre-amis","CC BY-NC 4.0"
"fr-un-diner-entre-amis","q3","fr","A2","What is the salad they prepare like?","[""Spicy"",""Crunchy"",""Salty"",""Sweet""]","1","Crunchy","The salad is described as fresh and crunchy, perfect to accompany the quiche.","https://melolingua.com/learn-french/a2-stories/un-diner-entre-amis","CC BY-NC 4.0"
"fr-un-diner-entre-amis","q4","fr","A2","What dessert do they have after the meal?","[""Cake"",""Fruit"",""A chocolate fondant"",""Ice cream""]","2","A chocolate fondant","They finish the meal with a chocolate fondant, a small chocolate cake with a soft centre.","https://melolingua.com/learn-french/a2-stories/un-diner-entre-amis","CC BY-NC 4.0"
"fr-un-diner-entre-amis","q5","fr","A2","Défi A2+ : Pourquoi est-ce important de cuisiner ensemble selon cette histoire ? Qu'apprend-on sur l'amitié ?","[""Cuisiner ensemble renforce les liens et crée des moments de partage"",""Cuisiner ensemble fait gagner du temps"",""Cuisiner ensemble permet d'économiser de l'argent""]","0","Cuisiner ensemble renforce les liens et crée des moments de partage","L'histoire montre que cuisiner ensemble crée des rires, de la complicité et des souvenirs, comme quand Paul et Julie rient et se complimentent.","https://melolingua.com/learn-french/a2-stories/un-diner-entre-amis","CC BY-NC 4.0"
"fr-un-train-pour-marseille","q1","fr","A2","Why does Inès speak to the attendant?","[""Because she didn't understand the announcement"",""Because she wants to change her ticket"",""Because she has lost her suitcase""]","0","Because she didn't understand the announcement","Inès asks the attendant which platform the train to Marseille leaves from because she did not understand the announcement.","https://melolingua.com/learn-french/a2-stories/un-train-pour-marseille","CC BY-NC 4.0"
"fr-un-train-pour-marseille","q2","fr","A2","What does Inès note in her notebook?","[""The platform number"",""The café's phone number"",""The price of her suitcase""]","0","The platform number","While she waits, Inès checks her connection and notes the platform number in her notebook.","https://melolingua.com/learn-french/a2-stories/un-train-pour-marseille","CC BY-NC 4.0"
"fr-un-train-pour-marseille","q3","fr","A2","What does Inès notice when she reaches Marseille?","[""Warmer air and light on the buildings"",""Fresh snow on the platform"",""A dark, empty station""]","0","Warmer air and light on the buildings","Inès feels the warmer air and sees light reflecting on the buildings as she arrives.","https://melolingua.com/learn-french/a2-stories/un-train-pour-marseille","CC BY-NC 4.0"
"fr-un-train-pour-marseille","q4","fr","A2","Défi A2+ : Comment Inès transforme-t-elle ses difficultés en expérience positive ? Explique.","[""Elle demande de l'aide et vérifie les informations de son voyage"",""Elle ignore les problèmes et continue son chemin"",""Elle se plaint au conducteur du train""]","0","Elle demande de l'aide et vérifie les informations de son voyage","Au lieu de paniquer, Inès demande de l'aide à l'agente, vérifie sa correspondance et note le numéro du quai.","https://melolingua.com/learn-french/a2-stories/un-train-pour-marseille","CC BY-NC 4.0"
"fr-un-week-end-a-lyon","q1","fr","A2","Why did Emma go to Lyon?","[""To visit the old city"",""To see a concert"",""To meet friends"",""To work""]","0","To visit the old city","Emma wanted to explore the old city, taste the local cuisine, and stroll along the Saône.","https://melolingua.com/learn-french/a2-stories/un-week-end-a-lyon","CC BY-NC 4.0"
"fr-un-week-end-a-lyon","q2","fr","A2","What did Emma buy at the bakery?","[""A baguette"",""A praline brioche"",""A croissant"",""A pain au chocolat""]","1","A praline brioche","Emma looked for a bakery to buy a praline brioche, a local specialty.","https://melolingua.com/learn-french/a2-stories/un-week-end-a-lyon","CC BY-NC 4.0"
"fr-un-week-end-a-lyon","q3","fr","A2","How did Emma react after taking the wrong bus?","[""She panicked"",""She cried"",""She asked for help"",""She went back to the hotel""]","2","She asked for help","Instead of panicking, Emma asked a woman at the stop for help.","https://melolingua.com/learn-french/a2-stories/un-week-end-a-lyon","CC BY-NC 4.0"
"fr-un-week-end-a-lyon","q4","fr","A2","What time did Emma arrive in Old Lyon?","[""In the morning"",""Just before noon"",""In the afternoon"",""In the evening""]","1","Just before noon","Emma arrived in Old Lyon just before noon, after her bus adventure.","https://melolingua.com/learn-french/a2-stories/un-week-end-a-lyon","CC BY-NC 4.0"
"fr-un-week-end-a-lyon","q5","fr","A2","Défi A2+ : Quelle est l'attitude d'Emma face à l'imprévu ? Que peut-on apprendre de sa réaction ?","[""Elle reste calme et demande de l'aide, ce qui transforme l'erreur en aventure"",""Elle s'énerve et critique le système de bus"",""Elle abandonne son voyage et retourne à l'hôtel""]","0","Elle reste calme et demande de l'aide, ce qui transforme l'erreur en aventure","Emma ne panique pas : elle demande de l'aide. La femme lui explique ensuite le chemin avec beaucoup de patience, et Emma transforme son erreur en aventure.","https://melolingua.com/learn-french/a2-stories/un-week-end-a-lyon","CC BY-NC 4.0"
"fr-une-surprise-au-bureau","q1","fr","A2","Why were Nadia's colleagues quieter than usual?","[""They were tired."",""They were preparing a surprise."",""They had a lot of work.""]","1","They were preparing a surprise.","Nadia's colleagues were quieter because they were preparing a surprise for her work anniversary.","https://melolingua.com/learn-french/a2-stories/une-surprise-au-bureau","CC BY-NC 4.0"
"fr-une-surprise-au-bureau","q2","fr","A2","What did Nadia find in the meeting room?","[""A new project."",""A chocolate cake."",""A computer.""]","1","A chocolate cake.","In the meeting room, Nadia found a chocolate cake and a card signed by the team.","https://melolingua.com/learn-french/a2-stories/une-surprise-au-bureau","CC BY-NC 4.0"
"fr-une-surprise-au-bureau","q3","fr","A2","How long did the surprise meeting last?","[""Five minutes."",""Fifteen minutes."",""Thirty minutes.""]","1","Fifteen minutes.","The surprise meeting lasted only fifteen minutes, but it had a big impact on Nadia's day.","https://melolingua.com/learn-french/a2-stories/une-surprise-au-bureau","CC BY-NC 4.0"
"fr-une-surprise-au-bureau","q4","fr","A2","Défi A2+ : Pourquoi les collègues de Nadia ont-ils organisé cette surprise ? Qu'est-ce que cela dit sur leur relation ?","[""Ils célèbrent son anniversaire de travail, ce qui montre une relation chaleureuse et solidaire"",""Ils veulent lui faire peur pour s'amuser"",""Ils essaient de la distraire de son travail""]","0","Ils célèbrent son anniversaire de travail, ce qui montre une relation chaleureuse et solidaire","Les collègues se sont organisés en secret pour fêter son anniversaire de travail, preuve d'une bonne ambiance d'équipe.","https://melolingua.com/learn-french/a2-stories/une-surprise-au-bureau","CC BY-NC 4.0"
"fr-au-marche","q1","fr","B1","What day does Claire go to the market?","[""Monday"",""Saturday"",""Sunday""]","1","Saturday","Claire goes to the market on Saturday, a typical day for shopping in France.","https://melolingua.com/learn-french/b1-stories/au-marche","CC BY-NC 4.0"
"fr-au-marche","q2","fr","B1","What does Claire do after buying apples?","[""She buys carrots."",""She goes to the bakery."",""She goes home.""]","0","She buys carrots.","After the apples, Claire also buys orange carrots, white cheese, and eggs.","https://melolingua.com/learn-french/b1-stories/au-marche","CC BY-NC 4.0"
"fr-au-marche","q3","fr","B1","Why does Claire stop in front of the flowers?","[""To smell their fragrance."",""To buy vegetables."",""To talk to the seller.""]","0","To smell their fragrance.","Claire is drawn by the sweet fragrance of the flowers, which makes her stop.","https://melolingua.com/learn-french/b1-stories/au-marche","CC BY-NC 4.0"
"fr-au-marche","q4","fr","B1","How much are the tulips?","[""Two euros"",""Five euros"",""Ten euros""]","1","Five euros","The tulips cost five euros per bouquet, a common price for flowers at the market.","https://melolingua.com/learn-french/b1-stories/au-marche","CC BY-NC 4.0"
"fr-au-marche","q5","fr","B1","What does Claire do with the flowers at home?","[""She puts them in a vase."",""She gives them to a friend."",""She leaves them in the bag.""]","0","She puts them in a vase.","At home, Claire puts the flowers in a vase, adding a touch of color to her table.","https://melolingua.com/learn-french/b1-stories/au-marche","CC BY-NC 4.0"
"fr-la-rencontre-au-marche","q1","fr","B1","Where does the story take place?","[""At the Croix-Rousse market in Lyon"",""At a cheese shop in Paris"",""At a supermarket in the suburbs""]","0","At the Croix-Rousse market in Lyon","The story takes place at the Croix-Rousse market, a famous Lyon market, on a Saturday morning.","https://melolingua.com/learn-french/b1-stories/la-rencontre-au-marche","CC BY-NC 4.0"
"fr-la-rencontre-au-marche","q2","fr","B1","Why do Chloé and Hugo end up competing?","[""For the last kilo of apples"",""For the last portion of Comté"",""For a parking spot""]","1","For the last portion of Comté","There is only one portion of Comté left, and they both ask for it when their turn comes.","https://melolingua.com/learn-french/b1-stories/la-rencontre-au-marche","CC BY-NC 4.0"
"fr-la-rencontre-au-marche","q3","fr","B1","What solution does Hugo propose?","[""To let Chloé have the wheel"",""To share the portion"",""To go to another store""]","1","To share the portion","Hugo suggests sharing the last portion of Comté.","https://melolingua.com/learn-french/b1-stories/la-rencontre-au-marche","CC BY-NC 4.0"
"fr-la-rencontre-au-marche","q4","fr","B1","What is Hugo's profession?","[""Bookseller"",""Cheesemonger"",""Architect""]","2","Architect","Hugo says he is an architect, while Chloé works in a bookshop in Old Lyon.","https://melolingua.com/learn-french/b1-stories/la-rencontre-au-marche","CC BY-NC 4.0"
"fr-la-rencontre-au-marche","q5","fr","B1","How does their meeting end?","[""They part coldly"",""They decide to taste Comté together"",""They forget about the cheese""]","1","They decide to taste Comté together","Their competition turns into a friendly date: Chloé offers to show Hugo a bistro where they can taste the Comté.","https://melolingua.com/learn-french/b1-stories/la-rencontre-au-marche","CC BY-NC 4.0"
"fr-la-reunion-des-anciens","q1","fr","B1","Where does the class reunion take place?","[""In a big hotel in Paris"",""In a small café in Brittany"",""In the old school""]","1","In a small café in Brittany","The reunion takes place in a small café in Brittany, with garlands and local cider.","https://melolingua.com/learn-french/b1-stories/la-reunion-des-anciens","CC BY-NC 4.0"
"fr-la-reunion-des-anciens","q2","fr","B1","What does Pierre find in the box of memories?","[""An old grade notebook"",""An old yellowed photograph"",""A love letter""]","1","An old yellowed photograph","Pierre pulls out an old yellowed photograph from a box of memories and shows it to everyone.","https://melolingua.com/learn-french/b1-stories/la-reunion-des-anciens","CC BY-NC 4.0"
"fr-la-reunion-des-anciens","q3","fr","B1","Who is the mysterious person in the photo?","[""A foreign student"",""Ms. Le Goff, their substitute teacher"",""The school principal""]","1","Ms. Le Goff, their substitute teacher","Marcel reveals that it was Ms. Le Goff, the substitute teacher who was dismissed after supporting the students' strike.","https://melolingua.com/learn-french/b1-stories/la-reunion-des-anciens","CC BY-NC 4.0"
"fr-la-reunion-des-anciens","q4","fr","B1","What does Sophie regret?","[""That they organized the strike"",""That they said nothing to defend Ms. Le Goff"",""That Pierre brought the photo""]","1","That they said nothing to defend Ms. Le Goff","Sophie regrets that the class stayed silent when Ms. Le Goff was dismissed for supporting them.","https://melolingua.com/learn-french/b1-stories/la-reunion-des-anciens","CC BY-NC 4.0"
"fr-la-reunion-des-anciens","q5","fr","B1","What does Pierre decide to do at the end?","[""Destroy the photograph"",""Look for Ms. Le Goff the next day"",""Give the photograph to the café owner""]","1","Look for Ms. Le Goff the next day","Pierre decides to look for Ms. Le Goff because he now believes that the memory should finally be told.","https://melolingua.com/learn-french/b1-stories/la-reunion-des-anciens","CC BY-NC 4.0"
"fr-le-musee-rodin-en-octobre","q1","fr","B1","Why does Sara choose a rainy Tuesday?","[""Because she hates queuing when the sun brings crowds"",""Because no museum opens on Tuesday"",""Because she hates taking photos""]","0","Because she hates queuing when the sun brings crowds","Sara prefers to visit the museum when there are fewer people, which is often the case on rainy days.","https://melolingua.com/learn-french/b1-stories/le-musee-rodin-en-octobre","CC BY-NC 4.0"
"fr-le-musee-rodin-en-octobre","q2","fr","B1","What does she write in her notebook?","[""A short phrase about the patience of the material"",""A chocolate cake recipe"",""A poem written on her broken phone""]","0","A short phrase about the patience of the material","She is touched by a phrase about the patience of the material, which contrasts with the rush of visits.","https://melolingua.com/learn-french/b1-stories/le-musee-rodin-en-octobre","CC BY-NC 4.0"
"fr-le-musee-rodin-en-octobre","q3","fr","B1","Why doesn't she buy a postcard?","[""She prefers blurry images in her memory to a perfect photo"",""Because postcards are banned that day"",""Because she forgot her wallet at home""]","0","She prefers blurry images in her memory to a perfect photo","Sara prefers to keep personal and imperfect memories rather than perfect but impersonal images.","https://melolingua.com/learn-french/b1-stories/le-musee-rodin-en-octobre","CC BY-NC 4.0"
"fr-les-voisins-du-dessous","q1","fr","B1","Why did Marc write a note to Chloé?","[""Because she was too loud after ten p.m."",""Because she had taken his mail by mistake"",""Because he wanted to borrow a book""]","0","Because she was too loud after ten p.m.","Marc wrote the note because Chloé's footsteps were very loud after ten p.m.","https://melolingua.com/learn-french/b1-stories/les-voisins-du-dessous","CC BY-NC 4.0"
"fr-les-voisins-du-dessous","q2","fr","B1","How does Chloé first react to the note?","[""She is happy"",""She feels offended, then understands Marc is right"",""She throws the note away without reading it""]","1","She feels offended, then understands Marc is right","Chloé first feels offended, then sighs and admits Marc is right: she often dances late at night.","https://melolingua.com/learn-french/b1-stories/les-voisins-du-dessous","CC BY-NC 4.0"
"fr-les-voisins-du-dessous","q3","fr","B1","What does Chloé do after reading the note?","[""She turns the music up louder"",""She goes upstairs to apologize"",""She moves out""]","1","She goes upstairs to apologize","Chloé gathers her courage and goes upstairs to apologize directly to Marc.","https://melolingua.com/learn-french/b1-stories/les-voisins-du-dessous","CC BY-NC 4.0"
"fr-les-voisins-du-dessous","q4","fr","B1","What subject brings them together?","[""Dancing"",""Reading"",""Cooking""]","1","Reading","Chloé notices the books stacked near Marc's door and they discover their shared interest in reading.","https://melolingua.com/learn-french/b1-stories/les-voisins-du-dessous","CC BY-NC 4.0"
"fr-les-voisins-du-dessous","q5","fr","B1","How does the story end?","[""They never speak again"",""They become friends and exchange books and messages"",""Marc moves away because of the noise""]","1","They become friends and exchange books and messages","The noise hasn't completely disappeared, but they now exchange books and friendly texts instead of cold notes.","https://melolingua.com/learn-french/b1-stories/les-voisins-du-dessous","CC BY-NC 4.0"
"fr-un-dimanche-en-provence","q1","fr","B1","What was Thomas's initial plan?","[""Visit the museums of Aix-en-Provence"",""Rent a bike and see the lavender fields"",""Go hiking in the Alps""]","1","Rent a bike and see the lavender fields","Thomas had planned to rent a bike and visit the lavender fields before the summer crowds.","https://melolingua.com/learn-french/b1-stories/un-dimanche-en-provence","CC BY-NC 4.0"
"fr-un-dimanche-en-provence","q2","fr","B1","Why does Mireille advise against the tourist road?","[""Because there is a village festival in Saint-Rémy"",""Because the road is closed for construction"",""Because there is no lavender this season""]","0","Because there is a village festival in Saint-Rémy","Mireille warns Thomas that there is a village festival in Saint-Rémy and the heat is becoming intense.","https://melolingua.com/learn-french/b1-stories/un-dimanche-en-provence","CC BY-NC 4.0"
"fr-un-dimanche-en-provence","q3","fr","B1","What does Mireille offer instead?","[""To drive him there by car"",""Lunch on the terrace and the story of the village"",""Another tourist itinerary""]","1","Lunch on the terrace and the story of the village","Mireille offers to prepare lunch on the terrace and tell Thomas the story of the village.","https://melolingua.com/learn-french/b1-stories/un-dimanche-en-provence","CC BY-NC 4.0"
"fr-un-dimanche-en-provence","q4","fr","B1","What does Thomas learn during lunch?","[""The recipe for tapenade"",""The stories of Mireille's grandfather who planted the first olive trees"",""The names of all the cheeses in the region""]","1","The stories of Mireille's grandfather who planted the first olive trees","Mireille tells the stories of her grandfather, who had planted the first olive trees after the war.","https://melolingua.com/learn-french/b1-stories/un-dimanche-en-provence","CC BY-NC 4.0"
"fr-un-dimanche-en-provence","q5","fr","B1","What does Thomas remember most from that day?","[""The perfect photos of the lavender fields"",""The taste of the tapenade and Mireille's stories"",""The difficulty of the tourist road""]","1","The taste of the tapenade and Mireille's stories","Thomas realizes that the taste of the tapenade and Mireille's stories will stay in his memory longer than the photos.","https://melolingua.com/learn-french/b1-stories/un-dimanche-en-provence","CC BY-NC 4.0"
"fr-la-carte-postale","q1","fr","B2","What does Julie find while sorting the mail?","[""A registered letter with no recipient"",""A yellowed postcard addressed to an address that no longer exists"",""A package lost for thirty years""]","1","A yellowed postcard addressed to an address that no longer exists","Julie comes across a yellowed postcard addressed to number fourteen, Rue des Pêcheurs, an address that no longer exists.","https://melolingua.com/learn-french/b2-stories/la-carte-postale","CC BY-NC 4.0"
"fr-la-carte-postale","q2","fr","B2","What does the message on the card say?","[""\""Happy birthday, Mathilde.\"""",""\""I'm leaving tomorrow. I'll come back. I love you.\"""",""\""I'm in Paris, see you soon.\""""]","1","""I'm leaving tomorrow. I'll come back. I love you.""","The brief message says that Pierre is leaving the next day, promises to return, and tells Mathilde he loves her.","https://melolingua.com/learn-french/b2-stories/la-carte-postale","CC BY-NC 4.0"
"fr-la-carte-postale","q3","fr","B2","Where does Julie finally find the recipient?","[""At the address on the card"",""At the Saint-Joseph retirement home"",""At the village town hall""]","1","At the Saint-Joseph retirement home","After questioning shopkeepers, Julie goes to the Saint-Joseph retirement home where she finds Mathilde Cardin.","https://melolingua.com/learn-french/b2-stories/la-carte-postale","CC BY-NC 4.0"
"fr-la-carte-postale","q4","fr","B2","Who is Pierre?","[""The mail carrier from the neighboring village"",""Mathilde's husband, who disappeared at sea in 1985"",""The original recipient of the card""]","1","Mathilde's husband, who disappeared at sea in 1985","Pierre is Mathilde's husband. He wrote to her just before one last fishing season and his ship disappeared without a trace in November 1985.","https://melolingua.com/learn-french/b2-stories/la-carte-postale","CC BY-NC 4.0"
"fr-la-carte-postale","q5","fr","B2","Why is this card important to Mathilde?","[""Because it contains money"",""Because it proves Pierre thought of her before disappearing"",""Because it is signed by a celebrity""]","1","Because it proves Pierre thought of her before disappearing","For years, Mathilde thought Pierre had left without a word. The card proves he wrote to her and was waiting for her.","https://melolingua.com/learn-french/b2-stories/la-carte-postale","CC BY-NC 4.0"
"fr-la-fabrique-du-souvenir","q1","fr","B2","Where is Marguerite's studio located?","[""In the heart of Montmartre"",""In the Marais in Paris"",""Near the Seine""]","0","In the heart of Montmartre","Marguerite's studio is in the heart of Montmartre, where she painted for sixty years.","https://melolingua.com/learn-french/b2-stories/la-fabrique-du-souvenir","CC BY-NC 4.0"
"fr-la-fabrique-du-souvenir","q2","fr","B2","What strange detail does Emma notice in the paintings?","[""They are all signed with a fake name"",""Each canvas carries hidden clues: street names, dates, initials"",""They are all painted on the same type of canvas""]","1","Each canvas carries hidden clues: street names, dates, initials","Emma notices that each canvas carries clues: a street name carved into the frame, a tiny date, an initial.","https://melolingua.com/learn-french/b2-stories/la-fabrique-du-souvenir","CC BY-NC 4.0"
"fr-la-fabrique-du-souvenir","q3","fr","B2","What story do the paintings tell?","[""The story of a journey across Europe"",""The story of Marguerite's twin brother, lost during the war"",""The story of a successful artistic career""]","1","The story of Marguerite's twin brother, lost during the war","The paintings tell the story of Marguerite's twin brother, lost during the war, whose trace she never found.","https://melolingua.com/learn-french/b2-stories/la-fabrique-du-souvenir","CC BY-NC 4.0"
"fr-la-fabrique-du-souvenir","q4","fr","B2","Why did Marguerite encode her story in paintings?","[""Because she couldn't write"",""Because she had promised her brother to bear witness for him"",""Because she wanted to sell her paintings for more""]","1","Because she had promised her brother to bear witness for him","A letter from 1944 reveals that Marguerite had promised her brother to bear witness for him. The paintings were her silent testimony.","https://melolingua.com/learn-french/b2-stories/la-fabrique-du-souvenir","CC BY-NC 4.0"
"fr-la-fabrique-du-souvenir","q5","fr","B2","What does Emma do at the end of the story?","[""She sells all the paintings"",""She organizes an exhibition called La Fabrique du Souvenir"",""She destroys the canvases""]","1","She organizes an exhibition called La Fabrique du Souvenir","Emma organizes an exhibition called La Fabrique du Souvenir, showing the canvases in the order of their secret code.","https://melolingua.com/learn-french/b2-stories/la-fabrique-du-souvenir","CC BY-NC 4.0"
"fr-le-debat-en-classe","q1","fr","B2","What is the topic of the week's debate?","[""University reforms"",""Secularism in the public sphere"",""Presidential elections""]","1","Secularism in the public sphere","The debate is about secularism in the public sphere, a sensitive topic at this university in the Paris suburbs.","https://melolingua.com/learn-french/b2-stories/le-debat-en-classe","CC BY-NC 4.0"
"fr-le-debat-en-classe","q2","fr","B2","How does Samia usually behave in class?","[""She talks a lot and contradicts everyone"",""She listens in silence and never intervenes"",""She sleeps at the back of the class""]","1","She listens in silence and never intervenes","Since the start of the semester, Samia listens in silence, takes notes, but never speaks up.","https://melolingua.com/learn-french/b2-stories/le-debat-en-classe","CC BY-NC 4.0"
"fr-le-debat-en-classe","q3","fr","B2","What does Samia say for the first time?","[""That secularism is a bad idea"",""That secularism guarantees that no religion imposes its truth on others"",""That religious symbols should be banned""]","1","That secularism guarantees that no religion imposes its truth on others","Samia explains that secularism is not the absence of religion but the guarantee that none imposes its truth on others.","https://melolingua.com/learn-french/b2-stories/le-debat-en-classe","CC BY-NC 4.0"
"fr-le-debat-en-classe","q4","fr","B2","How does Antoine react to Samia's intervention?","[""He agrees immediately"",""He is surprised and challenges her"",""He leaves the room""]","1","He is surprised and challenges her","Antoine turns to her, surprised, and rephrases her argument to challenge her.","https://melolingua.com/learn-french/b2-stories/le-debat-en-classe","CC BY-NC 4.0"
"fr-le-debat-en-classe","q5","fr","B2","What advice does the professor give Samia after class?","[""To speak less in class"",""That ideas are refined through confrontation, not silence"",""To change the debate topic""]","1","That ideas are refined through confrontation, not silence","The professor catches up with her in the hallway to tell her that ideas are refined through confrontation, not silence.","https://melolingua.com/learn-french/b2-stories/le-debat-en-classe","CC BY-NC 4.0"
"fr-le-diner-de-la-discorde","q1","fr","B2","Where does the Sunday dinner take place?","[""In a Parisian restaurant"",""At the Montforts' home, in the sixteenth arrondissement"",""In the countryside""]","1","At the Montforts' home, in the sixteenth arrondissement","Sunday dinner is an institution at the Montforts', who live in the sixteenth arrondissement of Paris.","https://melolingua.com/learn-french/b2-stories/le-diner-de-la-discorde","CC BY-NC 4.0"
"fr-le-diner-de-la-discorde","q2","fr","B2","What wine does Antoine bring?","[""An ordinary red burgundy"",""A Saint-Émilion grand cru"",""A non-vintage champagne""]","1","A Saint-Émilion grand cru","Antoine brings a Saint-Émilion grand cru, a wine their father particularly cherishes.","https://melolingua.com/learn-french/b2-stories/le-diner-de-la-discorde","CC BY-NC 4.0"
"fr-le-diner-de-la-discorde","q3","fr","B2","Why does the bottle cause discomfort?","[""Because the wine is too expensive"",""Because the estate belongs to Hélène, the father's former business partner"",""Because the bottle is broken""]","1","Because the estate belongs to Hélène, the father's former business partner","The label bears the name of Hélène's estate, the father's former partner who left under troubled circumstances that no one mentions.","https://melolingua.com/learn-french/b2-stories/le-diner-de-la-discorde","CC BY-NC 4.0"
"fr-le-diner-de-la-discorde","q4","fr","B2","How does Clara react to Antoine's provocation?","[""She laughs and serves the wine"",""She says he knows very well what he's doing and the bottle is not a coincidence"",""She immediately leaves the table""]","1","She says he knows very well what he's doing and the bottle is not a coincidence","Clara replies in a voice trembling with contained anger that Antoine knows very well what he's doing and this bottle is not a coincidence.","https://melolingua.com/learn-french/b2-stories/le-diner-de-la-discorde","CC BY-NC 4.0"
"fr-le-diner-de-la-discorde","q5","fr","B2","What is Antoine's reason for bringing this wine?","[""He bought the bottle without paying attention"",""He thinks it's time the story of their father and Hélène came out"",""He simply wants to please his father""]","1","He thinks it's time the story of their father and Hélène came out","Antoine explains to Clara in the hallway that it's time this story came out, breaking years of family silence.","https://melolingua.com/learn-french/b2-stories/le-diner-de-la-discorde","CC BY-NC 4.0"
"fr-le-stage-qui-change-tout","q1","fr","B2","What advice does Mehdi give Elias?","[""To take as many initiatives as possible"",""To stay discreet and not go beyond his assignment"",""To quit the internship before the end""]","1","To stay discreet and not go beyond his assignment","Mehdi advises Elias to stay discreet and not take initiatives that go beyond his mission — a strategy of caution.","https://melolingua.com/learn-french/b2-stories/le-stage-qui-change-tout","CC BY-NC 4.0"
"fr-le-stage-qui-change-tout","q2","fr","B2","What does management criticize about Elias in his evaluation?","[""Being too ambitious"",""Lacking autonomy and executing without proposing"",""Arriving late in the morning""]","1","Lacking autonomy and executing without proposing","The report indicates that Elias executes without proposing and that his autonomy remains to be proven, contradicting Mehdi's advice of caution.","https://melolingua.com/learn-french/b2-stories/le-stage-qui-change-tout","CC BY-NC 4.0"
"fr-le-stage-qui-change-tout","q3","fr","B2","Why does the CEO stop Elias in the hallway?","[""To congratulate him on his work on the client dashboard"",""To ask why he didn't present his work in the meeting"",""To fire him""]","1","To ask why he didn't present his work in the meeting","The CEO saw Elias's work on the client dashboard and asks him why he didn't present it in the meeting.","https://melolingua.com/learn-french/b2-stories/le-stage-qui-change-tout","CC BY-NC 4.0"
"fr-le-stage-qui-change-tout","q4","fr","B2","What does Elias do after understanding the gap?","[""He immediately leaves the company"",""He asks for a meeting with Mehdi to talk about it"",""He ignores the situation""]","1","He asks for a meeting with Mehdi to talk about it","Elias asks for a meeting with Mehdi to understand the gap between the advice he received and the company's expectations.","https://melolingua.com/learn-french/b2-stories/le-stage-qui-change-tout","CC BY-NC 4.0"
"fr-le-stage-qui-change-tout","q5","fr","B2","What lesson does Elias learn from this experience?","[""That you should always follow your supervisor's advice"",""That loyalty and ambition can coexist if you know when to apply them"",""That the working world is too complicated""]","1","That loyalty and ambition can coexist if you know when to apply them","Elias understands that loyalty and ambition don't always oppose each other — it all depends on the moment and context.","https://melolingua.com/learn-french/b2-stories/le-stage-qui-change-tout","CC BY-NC 4.0"
"fr-les-coulisses-du-journal","q1","fr","B2","What subject is Inès investigating?","[""A sports scandal"",""A public contract awarded under questionable circumstances"",""A celebrity's private life""]","1","A public contract awarded under questionable circumstances","Inès has been cross-referencing documents about a public contract awarded under questionable circumstances for three weeks.","https://melolingua.com/learn-french/b2-stories/les-coulisses-du-journal","CC BY-NC 4.0"
"fr-les-coulisses-du-journal","q2","fr","B2","Why does Paul ask Inès not to publish?","[""Because the article lacks evidence"",""Because the main person implicated is a personal friend"",""Because the newspaper already published a similar article""]","1","Because the main person implicated is a personal friend","Paul reveals that the main person implicated in the investigation is a personal friend, creating a conflict of interest.","https://melolingua.com/learn-french/b2-stories/les-coulisses-du-journal","CC BY-NC 4.0"
"fr-les-coulisses-du-journal","q3","fr","B2","What argument does Inès use to defend publication?","[""That the article will sell more newspapers"",""That not publishing would betray journalistic ethics"",""That Paul should resign if he opposes it""]","1","That not publishing would betray journalistic ethics","Inès insists on ethics: the documents are authentic and not publishing would amount to betraying journalistic ethics.","https://melolingua.com/learn-french/b2-stories/les-coulisses-du-journal","CC BY-NC 4.0"
"fr-les-coulisses-du-journal","q4","fr","B2","What compromise solution does Inès propose?","[""Have an independent editor review the article and disclose Paul's conflict"",""Wait six months before publishing"",""Publish the article in another newspaper""]","0","Have an independent editor review the article and disclose Paul's conflict","Inès proposes independent editorial review and formal disclosure of Paul's conflict of interest.","https://melolingua.com/learn-french/b2-stories/les-coulisses-du-journal","CC BY-NC 4.0"
"fr-les-coulisses-du-journal","q5","fr","B2","What does Paul leave on Inès's keyboard at the end?","[""A bonus"",""A note saying she made the right choice"",""His resignation letter""]","1","A note saying she made the right choice","Paul's note says Inès made the right choice and that journalists sometimes need to step aside to protect an investigation.","https://melolingua.com/learn-french/b2-stories/les-coulisses-du-journal","CC BY-NC 4.0"
"it-al-mercato","q1","it","A1","Where does Giulia go on Saturday morning?","[""To the park"",""To the market"",""To the cinema"",""To the beach""]","1","To the market","Giulia goes to the Campo de' Fiori market, a famous place in Rome known for its colorful and lively stalls.","https://melolingua.com/learn-italian/a1-stories/al-mercato","CC BY-NC 4.0"
"it-al-mercato","q2","it","A1","What does Giulia buy at the market?","[""Only tomatoes"",""Tomatoes and peppers"",""Only basil"",""Bread and cheeses""]","1","Tomatoes and peppers","Giulia buys a kilo of tomatoes and half a kilo of red peppers, among other things.","https://melolingua.com/learn-italian/a1-stories/al-mercato","CC BY-NC 4.0"
"it-al-mercato","q3","it","A1","What is the seller's gift?","[""Mozzarella"",""Bread"",""Basil"",""Strawberries""]","2","Basil","The seller offers Giulia a bunch of fresh basil as a gift.","https://melolingua.com/learn-italian/a1-stories/al-mercato","CC BY-NC 4.0"
"it-al-mercato","q4","it","A1","How does Giulia describe the tomatoes?","[""Green and unripe"",""Red and fragrant"",""Yellow and sweet"",""Small and bitter""]","1","Red and fragrant","The tomatoes are described as red and fragrant, suggesting freshness and quality.","https://melolingua.com/learn-italian/a1-stories/al-mercato","CC BY-NC 4.0"
"it-al-mercato","q5","it","A1","What does Giulia prepare when she gets home?","[""A pizza"",""A caprese salad"",""A soup"",""A sandwich""]","1","A caprese salad","Giulia prepares a caprese salad with the tomatoes, mozzarella, and basil she bought.","https://melolingua.com/learn-italian/a1-stories/al-mercato","CC BY-NC 4.0"
"it-la-colazione-da-marta","q1","it","A1","Where does Marco go every day for breakfast?","[""To the restaurant"",""To the bar \""Da Marta\"""",""To the supermarket"",""To the office""]","1","To the bar ""Da Marta""","Marco goes to the bar ""Da Marta"" for breakfast before going to the office.","https://melolingua.com/learn-italian/a1-stories/la-colazione-da-marta","CC BY-NC 4.0"
"it-la-colazione-da-marta","q2","it","A1","What does Marco always order?","[""A tea and an empty croissant"",""A cappuccino and a cream-filled brioche"",""A coffee and a pizza"",""A juice and a brioche""]","1","A cappuccino and a cream-filled brioche","For him it's always a cappuccino and a cream-filled brioche, every day.","https://melolingua.com/learn-italian/a1-stories/la-colazione-da-marta","CC BY-NC 4.0"
"it-la-colazione-da-marta","q3","it","A1","What happens differently today?","[""Marco orders a tea"",""Marta picks a brioche with jam by mistake"",""The bar is closed"",""Marta isn't working""]","1","Marta picks a brioche with jam by mistake","Marta is very busy and by mistake picks a brioche with jam.","https://melolingua.com/learn-italian/a1-stories/la-colazione-da-marta","CC BY-NC 4.0"
"it-la-colazione-da-marta","q4","it","A1","How does Marco react when he discovers the mistake?","[""He gets angry"",""He smiles and says it's good"",""He leaves the bar"",""He doesn't eat anything""]","1","He smiles and says it's good","Marco smiles and thinks: ""The apricot jam is warm and sweet. How good!""","https://melolingua.com/learn-italian/a1-stories/la-colazione-da-marta","CC BY-NC 4.0"
"it-la-colazione-da-marta","q5","it","A1","What flavor of jam is in the brioche?","[""Strawberry"",""Apricot"",""Cherry"",""Fig""]","1","Apricot","The jam is apricot, warm and sweet.","https://melolingua.com/learn-italian/a1-stories/la-colazione-da-marta","CC BY-NC 4.0"
"it-la-gita-al-mercato","q1","it","A1","Where do Sofia and her family go on Saturday morning?","[""To the park"",""To the market"",""To the cinema"",""To the beach""]","1","To the market","Sofia goes to the market with her mom and brother Luca every Saturday morning.","https://melolingua.com/learn-italian/a1-stories/la-gita-al-mercato","CC BY-NC 4.0"
"it-la-gita-al-mercato","q2","it","A1","What does Sofia have in her hand?","[""A book"",""A shopping list"",""A toy"",""A map""]","1","A shopping list","Sofia has a shopping list a meter long, full of colorful drawings.","https://melolingua.com/learn-italian/a1-stories/la-gita-al-mercato","CC BY-NC 4.0"
"it-la-gita-al-mercato","q3","it","A1","What does Luca want to see first?","[""The flowers"",""The fish"",""The books"",""The toys""]","1","The fish","Luca pulls mom's shirt and says: ""Mom, I want to see the fish!""","https://melolingua.com/learn-italian/a1-stories/la-gita-al-mercato","CC BY-NC 4.0"
"it-la-gita-al-mercato","q4","it","A1","How much does a kilo of apples cost for Luca?","[""Two euros"",""One euro and fifty"",""One euro"",""Three euros""]","1","One euro and fifty","The seller says: ""For you, one euro and fifty!""","https://melolingua.com/learn-italian/a1-stories/la-gita-al-mercato","CC BY-NC 4.0"
"it-la-gita-al-mercato","q5","it","A1","What does Luca choose for after lunch?","[""A cake"",""A watermelon"",""An ice cream"",""A pizza""]","1","A watermelon","Luca chooses a huge watermelon for after lunch.","https://melolingua.com/learn-italian/a1-stories/la-gita-al-mercato","CC BY-NC 4.0"
"it-la-pizzeria-di-quartiere","q1","it","A1","What pizza does Claudia suggest for Matteo?","[""Margherita as usual"",""Empty pizza with only ice"",""Hot pepper gelato""]","0","Margherita as usual","Claudia suggests the Margherita pizza, which is a common and simple choice, perfect for those who love classic flavors.","https://melolingua.com/learn-italian/a1-stories/la-pizzeria-di-quartiere","CC BY-NC 4.0"
"it-la-pizzeria-di-quartiere","q2","it","A1","What extra does Matteo ask for today?","[""A bit more fresh basil on the edge"",""Less mozzarella without any real reason"",""Only hot milk in a strange improbable tomato""]","0","A bit more fresh basil on the edge","Matteo asks for more fresh basil because he learned the word in class, showing his interest in the language.","https://melolingua.com/learn-italian/a1-stories/la-pizzeria-di-quartiere","CC BY-NC 4.0"
"it-la-pizzeria-di-quartiere","q3","it","A1","How does Matteo return home?","[""With a warm box after paying at the register"",""Without pizza that exists on the moon"",""Running without stopping without possible feet""]","0","With a warm box after paying at the register","Matteo returns home with a warm box, enjoying the aroma of the freshly baked pizza.","https://melolingua.com/learn-italian/a1-stories/la-pizzeria-di-quartiere","CC BY-NC 4.0"
"it-una-domenica-al-parco","q1","it","A1","What does Giulia bring when she goes to the park?","[""A canvas tote bag and a slim book"",""A bicycle without lights"",""Only binoculars for the mountains""]","0","A canvas tote bag and a slim book","Giulia brings a canvas tote bag and a slim book, elements that suggest a relaxing day at the park.","https://melolingua.com/learn-italian/a1-stories/una-domenica-al-parco","CC BY-NC 4.0"
"it-una-domenica-al-parco","q2","it","A1","Where does Giulia sit?","[""On a free bench next to the pond"",""Under the stage of a huge concert"",""Inside a closed shoe store""]","0","On a free bench next to the pond","Giulia sits on a bench next to the pond, a peaceful place to observe nature.","https://melolingua.com/learn-italian/a1-stories/una-domenica-al-parco","CC BY-NC 4.0"
"it-una-domenica-al-parco","q3","it","A1","What does she prefer today over long reading?","[""Watching the leaves and taking her time"",""Reading the whole book in one hour"",""Buying lemon gelato for the swans""]","0","Watching the leaves and taking her time","Today Giulia prefers watching the leaves and enjoying the moment, rather than reading intensely.","https://melolingua.com/learn-italian/a1-stories/una-domenica-al-parco","CC BY-NC 4.0"
"it-una-passeggiata-a-roma","q1","it","A1","What does Anna want to see in Rome?","[""The Colosseum"",""The Trevi Fountain"",""The Vatican"",""The station""]","1","The Trevi Fountain","Anna wants to see the Trevi Fountain, one of the most famous monuments in Rome.","https://melolingua.com/learn-italian/a1-stories/una-passeggiata-a-roma","CC BY-NC 4.0"
"it-una-passeggiata-a-roma","q2","it","A1","Why can't Anna find the fountain?","[""She doesn't have a map"",""The streets are narrow and she doesn't understand the map well"",""The fountain is closed"",""She doesn't want to walk""]","1","The streets are narrow and she doesn't understand the map well","The streets are narrow and full of people. Anna looks at the map but doesn't understand it well.","https://melolingua.com/learn-italian/a1-stories/una-passeggiata-a-roma","CC BY-NC 4.0"
"it-una-passeggiata-a-roma","q3","it","A1","Who helps Anna?","[""A police officer"",""A local guide"",""A taxi driver"",""A child""]","1","A local guide","A local guide smiles and asks: ""Do you need help?""","https://melolingua.com/learn-italian/a1-stories/una-passeggiata-a-roma","CC BY-NC 4.0"
"it-una-passeggiata-a-roma","q4","it","A1","What does the guide do before giving directions?","[""Calls a taxi"",""Shows a beautiful square"",""Buys a gelato"",""Reads the map""]","1","Shows a beautiful square","The guide says: ""First, though, look at this beautiful square with an ancient fountain.""","https://melolingua.com/learn-italian/a1-stories/una-passeggiata-a-roma","CC BY-NC 4.0"
"it-una-passeggiata-a-roma","q5","it","A1","What does Anna think at the end of the story?","[""The map is wrong"",""Getting lost is sometimes nice"",""Rome is too big"",""She needs to buy a new map""]","1","Getting lost is sometimes nice","Anna thinks: ""I got lost, but I saw beautiful things. Sometimes getting lost is nice!""","https://melolingua.com/learn-italian/a1-stories/una-passeggiata-a-roma","CC BY-NC 4.0"
"it-cena-alla-pizzeria","q1","it","A2","What does Marco ask for on the phone?","[""If he can reserve a quiet table near the window"",""If the pizzeria only sells artisanal gelato"",""If he should bring his home oven""]","0","If he can reserve a quiet table near the window","Marco wants a quiet table near the window, showing his desire for a relaxing experience.","https://melolingua.com/learn-italian/a2-stories/cena-alla-pizzeria","CC BY-NC 4.0"
"it-cena-alla-pizzeria","q2","it","A2","What do they order to drink at the start?","[""Still water and a small beer to share"",""Only scalding hot industrial lemon juice"",""Nothing because they already drank the sea""]","0","Still water and a small beer to share","They order still water and a small beer, a classic choice to accompany pizza.","https://melolingua.com/learn-italian/a2-stories/cena-alla-pizzeria","CC BY-NC 4.0"
"it-cena-alla-pizzeria","q3","it","A2","How do they eat the pizza when it arrives?","[""They cut it in half and enjoy it without looking at their phones"",""They throw it out the window for an aerodynamic test"",""They swap it for an empty menu""]","0","They cut it in half and enjoy it without looking at their phones","They appreciate the pizza without distractions, showing a moment of connection and simple pleasure.","https://melolingua.com/learn-italian/a2-stories/cena-alla-pizzeria","CC BY-NC 4.0"
"it-cena-alla-pizzeria","q4","it","A2","Sfida: Perché Marco preferisce un tavolo vicino alla finestra?","[""Per ascoltare musica dalla strada"",""Per un'esperienza più rilassante e piacevole"",""Per vedere il forno a legna""]","1","Per un'esperienza più rilassante e piacevole","Marco desidera un tavolo tranquillo per godersi la cena in un'atmosfera rilassante.","https://melolingua.com/learn-italian/a2-stories/cena-alla-pizzeria","CC BY-NC 4.0"
"it-domenica-al-parco","q1","it","A2","What do Matteo and Lucia do at the start of their walk?","[""They take their dog Leo to the park while the air is still fresh"",""They buy new headphones at the drink kiosk"",""They jump into the pond with mountain boots""]","0","They take their dog Leo to the park while the air is still fresh","Matteo and Lucia start their day by taking their dog Leo to the park, enjoying the fresh morning air.","https://melolingua.com/learn-italian/a2-stories/domenica-al-parco","CC BY-NC 4.0"
"it-domenica-al-parco","q2","it","A2","Where do they sit to eat the apple?","[""On a dark wooden bench"",""On the roof of the kiosk bar"",""Under the band stage""]","0","On a dark wooden bench","They sit on a dark wooden bench, a perfect place to relax and enjoy the apple.","https://melolingua.com/learn-italian/a2-stories/domenica-al-parco","CC BY-NC 4.0"
"it-domenica-al-parco","q3","it","A2","What do they decide before going home?","[""To organize a picnic the following Sunday if the weather holds"",""To buy another dog with the same name"",""To close the park for a whole year""]","0","To organize a picnic the following Sunday if the weather holds","Before going home, they decide to organize a picnic the following Sunday, hoping for good weather.","https://melolingua.com/learn-italian/a2-stories/domenica-al-parco","CC BY-NC 4.0"
"it-domenica-al-parco","q4","it","A2","Sfida: Perché il picnic è programmato per domenica e non subito?","[""Perché il parco è chiuso oggi"",""Perché aspettano che il tempo sia bello e stabile"",""Perché Matteo ha paura dei cani""]","1","Perché aspettano che il tempo sia bello e stabile","Discutono di organizzare un picnic la domenica successiva 'se il tempo meteorologico resta stabile e gentile', quindi aspettano condizioni favorevoli.","https://melolingua.com/learn-italian/a2-stories/domenica-al-parco","CC BY-NC 4.0"
"it-il-colloquio-di-lavoro","q1","it","A2","What does Elena bring to the interview?","[""An updated résumé and a light tablet"",""Only a swimsuit"",""An electric guitar without an amplifier""]","0","An updated résumé and a light tablet","Elena arrives at the interview with an updated résumé and a light tablet, essential tools for a professional meeting.","https://melolingua.com/learn-italian/a2-stories/il-colloquio-di-lavoro","CC BY-NC 4.0"
"it-il-colloquio-di-lavoro","q2","it","A2","What is the first question about?","[""Two past projects with concrete numbers"",""How to cook pasta carbonara"",""The weather on Rimini beach""]","0","Two past projects with concrete numbers","The first question is about two past projects, where Elena gives concrete details about improvements made.","https://melolingua.com/learn-italian/a2-stories/il-colloquio-di-lavoro","CC BY-NC 4.0"
"it-il-colloquio-di-lavoro","q3","it","A2","How does Elena answer the salary question?","[""With a polite pause, proposing a reasonable range she prepared"",""She laughs without answering for ten minutes"",""She promises triple salary without checking""]","0","With a polite pause, proposing a reasonable range she prepared","Elena answers the salary question with a polite pause, proposing a reasonable range she prepared in advance.","https://melolingua.com/learn-italian/a2-stories/il-colloquio-di-lavoro","CC BY-NC 4.0"
"it-il-colloquio-di-lavoro","q4","it","A2","Sfida: Perché Elena ammette un ritardo causato da comunicazione poco chiara?","[""Per mostrare onestà e capacità di riflessione"",""Perché si è dimenticata la risposta preparata"",""Per colpa di un collega lento""]","0","Per mostrare onestà e capacità di riflessione","Elena è trasparente riguardo a un errore passato, dimostrando maturità professionale e capacità di apprendere dagli errori.","https://melolingua.com/learn-italian/a2-stories/il-colloquio-di-lavoro","CC BY-NC 4.0"
"it-il-corso-di-cucina","q1","it","A2","Why did Marco sign up for the cooking course?","[""To learn how to make pizza"",""To learn how to prepare fresh pasta"",""To meet new people"",""To become a teacher""]","1","To learn how to prepare fresh pasta","Marco signed up for the cooking course because he wanted to learn how to prepare fresh pasta, one of the basics of Italian cuisine.","https://melolingua.com/learn-italian/a2-stories/il-corso-di-cucina","CC BY-NC 4.0"
"it-il-corso-di-cucina","q2","it","A2","Where was the cooking lesson held?","[""At a large school"",""At a small school near the market"",""At a famous restaurant"",""At Marco's house""]","1","At a small school near the market","The lesson was held at a small school near the market, a perfect place to learn with fresh ingredients.","https://melolingua.com/learn-italian/a2-stories/il-corso-di-cucina","CC BY-NC 4.0"
"it-il-corso-di-cucina","q3","it","A2","How did the lady next to Marco react when he made a mistake?","[""She laughed at him"",""She gave him a valuable tip"",""She got angry"",""She didn't say anything""]","1","She gave him a valuable tip","The lady next to Marco laughed kindly and gave him a valuable tip, showing support and friendliness.","https://melolingua.com/learn-italian/a2-stories/il-corso-di-cucina","CC BY-NC 4.0"
"it-il-corso-di-cucina","q4","it","A2","What was the final result of Marco's pasta?","[""Perfect"",""Not perfect but very tasty"",""Inedible"",""Burnt""]","1","Not perfect but very tasty","Although Marco's pasta wasn't perfect, it tasted wonderful, showing that effort matters.","https://melolingua.com/learn-italian/a2-stories/il-corso-di-cucina","CC BY-NC 4.0"
"it-il-corso-di-cucina","q5","it","A2","What did Marco decide at the end of the course?","[""To never cook again"",""To cook for his friends"",""To sign up for another course"",""To open a restaurant""]","1","To cook for his friends","Leaving the school, Marco decided to cook for his friends the following Saturday, excited to share what he had learned.","https://melolingua.com/learn-italian/a2-stories/il-corso-di-cucina","CC BY-NC 4.0"
"it-il-corso-di-cucina","q6","it","A2","Sfida: Perché la signora accanto a Marco gli dà un consiglio invece di criticarlo?","[""Perché vuole finire prima la lezione"",""Perché sa che imparare insieme è meglio che giudicare"",""Perché Marco è il più bravo della classe""]","1","Perché sa che imparare insieme è meglio che giudicare","La signora dimostra uno spirito di collaborazione tipico dei corsi di cucina, dove ci si aiuta invece di competere.","https://melolingua.com/learn-italian/a2-stories/il-corso-di-cucina","CC BY-NC 4.0"
"it-il-gelato-perfetto","q1","it","A2","Where do Sofia and Chiara sit to eat their gelato?","[""Near the Arno river"",""At a pizzeria"",""In the park"",""At a café""]","0","Near the Arno river","Sofia and Chiara sit on a bench near the Arno river to enjoy their gelato and the sunset.","https://melolingua.com/learn-italian/a2-stories/il-gelato-perfetto","CC BY-NC 4.0"
"it-il-gelato-perfetto","q2","it","A2","What gelato flavors does Sofia choose?","[""Chocolate and strawberry"",""Pistachio and hazelnut"",""Lemon and hazelnut"",""Strawberry and lemon""]","1","Pistachio and hazelnut","Sofia chooses pistachio and hazelnut, while Chiara chooses chocolate and strawberry.","https://melolingua.com/learn-italian/a2-stories/il-gelato-perfetto","CC BY-NC 4.0"
"it-il-gelato-perfetto","q3","it","A2","What does Chiara say at the end of the story?","[""This is the perfect gelato."",""This is the perfect afternoon."",""I want another gelato."",""Let's go home.""]","1","This is the perfect afternoon.","Chiara says this is the perfect afternoon, emphasizing the special moment shared with Sofia.","https://melolingua.com/learn-italian/a2-stories/il-gelato-perfetto","CC BY-NC 4.0"
"it-il-gelato-perfetto","q4","it","A2","Sfida: Perché Chiara dice che è il 'pomeriggio perfetto'?","[""Perché il gelato era in offerta speciale"",""Perché condivide un momento speciale con Sofia"",""Perché non c'era coda alla gelateria""]","1","Perché condivide un momento speciale con Sofia","Chiara sottolinea la bellezza del momento condiviso, non solo il gelato in sé.","https://melolingua.com/learn-italian/a2-stories/il-gelato-perfetto","CC BY-NC 4.0"
"it-una-gita-a-firenze","q1","it","A2","Where did Giulia go after lunch?","[""To the museum"",""To a quiet street"",""To a restaurant"",""To a park""]","1","To a quiet street","After lunch, Giulia chose a quieter street instead of the main road.","https://melolingua.com/learn-italian/a2-stories/una-gita-a-firenze","CC BY-NC 4.0"
"it-una-gita-a-firenze","q2","it","A2","What did Giulia buy at the bookstore?","[""A book"",""A postcard"",""A guidebook"",""A painting""]","1","A postcard","Giulia bought a postcard for her grandmother at the small bookstore.","https://melolingua.com/learn-italian/a2-stories/una-gita-a-firenze","CC BY-NC 4.0"
"it-una-gita-a-firenze","q3","it","A2","How did Florence seem to Giulia away from the crowd?","[""Noisier"",""More beautiful"",""More crowded"",""More modern""]","1","More beautiful","Away from the crowd, Florence seemed even more beautiful to Giulia.","https://melolingua.com/learn-italian/a2-stories/una-gita-a-firenze","CC BY-NC 4.0"
"it-una-gita-a-firenze","q4","it","A2","Sfida: Perché Giulia sceglie una via tranquilla invece della strada principale?","[""Perché ha paura della folla"",""Per scoprire la città in modo più autentico e personale"",""Perché la strada principale era chiusa""]","1","Per scoprire la città in modo più autentico e personale","Giulia preferisce un'esperienza più tranquilla e autentica, lontana dal turismo di massa.","https://melolingua.com/learn-italian/a2-stories/una-gita-a-firenze","CC BY-NC 4.0"
"it-weekend-a-venezia","q1","it","A2","Why do Chiara and Tommaso need to ask about a different vaporetto line?","[""Because their usual stop is closed for repairs"",""Because they want a scenic route"",""Because they lost their tickets""]","0","Because their usual stop is closed for repairs","Their usual vaporetto stop is closed for repairs, so they ask the dock staff which line can take them near San Marco.","https://melolingua.com/learn-italian/a2-stories/weekend-a-venezia","CC BY-NC 4.0"
"it-weekend-a-venezia","q2","it","A2","What do they do on Saturday morning?","[""Visit the Rialto fish market"",""Take a gondola ride"",""Visit a museum""]","0","Visit the Rialto fish market","On Saturday morning they stroll to the noisy fish market near Rialto, where Tommaso politely asks about fresh calamari.","https://melolingua.com/learn-italian/a2-stories/weekend-a-venezia","CC BY-NC 4.0"
"it-weekend-a-venezia","q3","it","A2","What does Chiara write in her notebook on Sunday?","[""Key words like vaporetto, alley, and bridge"",""A list of restaurants to visit"",""Her travel expenses""]","0","Key words like vaporetto, alley, and bridge","Chiara writes key words like vaporetto, alley, and bridge because she wants to remember the weekend without chasing perfect photos online.","https://melolingua.com/learn-italian/a2-stories/weekend-a-venezia","CC BY-NC 4.0"
"it-weekend-a-venezia","q4","it","A2","Sfida: Perché Chiara preferisce scrivere parole chiave anziché fare foto?","[""Perché ha finito la memoria del telefono"",""Perché vuole ricordare il viaggio in modo più personale e autentico"",""Perché la fotocamera è rotta""]","1","Perché vuole ricordare il viaggio in modo più personale e autentico","Chiara vuole vivere il momento senza l'ossessione di foto perfette, preferendo un ricordo più autentico.","https://melolingua.com/learn-italian/a2-stories/weekend-a-venezia","CC BY-NC 4.0"
"it-colloquio-per-lo-stage","q1","it","B1","Why did Giulia send her résumé on Saturday night?","[""Because she feared forgetting important attachments before the interview"",""Because she wanted to cancel the internship offer"",""Because the glass-walled room was closed on Sunday""]","0","Because she feared forgetting important attachments before the interview","Giulia sent her résumé on Saturday night to avoid forgetting important attachments before the interview.","https://melolingua.com/learn-italian/b1-stories/colloquio-per-lo-stage","CC BY-NC 4.0"
"it-colloquio-per-lo-stage","q2","it","B1","How does she answer about her choice of department?","[""She cites a university project similar to their quarterly roadmap"",""She says she chose it randomly by looking at a roulette"",""She claims she never read the company website""]","0","She cites a university project similar to their quarterly roadmap","Giulia chose the department because a university project was similar to their quarterly roadmap.","https://melolingua.com/learn-italian/b1-stories/colloquio-per-lo-stage","CC BY-NC 4.0"
"it-colloquio-per-lo-stage","q3","it","B1","What will she receive by Friday?","[""An email with the outcome and instructions on documents to sign"",""A package of frozen pizza from HR"",""A ticket to underground concerts""]","0","An email with the outcome and instructions on documents to sign","Giulia will receive an email with the interview outcome and instructions on documents to sign.","https://melolingua.com/learn-italian/b1-stories/colloquio-per-lo-stage","CC BY-NC 4.0"
"it-il-caffe-della-mattina","q1","it","B1","What is the name of the bar Marco visits every morning?","[""Bar Roma"",""Bar Milano"",""Bar Napoli"",""Bar Firenze""]","0","Bar Roma","The bar is called ""Bar Roma"" and it's a small but lively place, always full of voices and laughter.","https://melolingua.com/learn-italian/b1-stories/il-caffe-della-mattina","CC BY-NC 4.0"
"it-il-caffe-della-mattina","q2","it","B1","What does Marco order at the bar?","[""A cappuccino"",""A tea"",""A coffee"",""An orange juice""]","2","A coffee","Marco orders a coffee, a typical Italian drink, strong and hot.","https://melolingua.com/learn-italian/b1-stories/il-caffe-della-mattina","CC BY-NC 4.0"
"it-il-caffe-della-mattina","q3","it","B1","How much does the coffee and croissant that Marco has cost?","[""Two euros"",""One euro and fifty"",""Three euros"",""One euro""]","1","One euro and fifty","The cost of the coffee and croissant is one euro and fifty, a common price for an Italian breakfast.","https://melolingua.com/learn-italian/b1-stories/il-caffe-della-mattina","CC BY-NC 4.0"
"it-il-caffe-della-mattina","q4","it","B1","What does Marco do after drinking his coffee?","[""He goes to the park"",""He goes home"",""He goes to the office"",""He visits a friend""]","2","He goes to the office","After enjoying his coffee, Marco heads to the office, ready to start the day.","https://melolingua.com/learn-italian/b1-stories/il-caffe-della-mattina","CC BY-NC 4.0"
"it-il-caffe-della-mattina","q5","it","B1","How does Marco feel as he walks to the office?","[""Sad"",""Angry"",""Happy"",""Tired""]","2","Happy","Marco feels happy, with the aroma of coffee still in his nose and a smile on his face.","https://melolingua.com/learn-italian/b1-stories/il-caffe-della-mattina","CC BY-NC 4.0"
"it-in-treno-verso-firenze","q1","it","B1","What is Luca's final destination?","[""Milan"",""Florence"",""Venice""]","1","Florence","Luca is traveling from Rome to Florence, a city famous for its art and architecture.","https://melolingua.com/learn-italian/b1-stories/in-treno-verso-firenze","CC BY-NC 4.0"
"it-in-treno-verso-firenze","q2","it","B1","What does Luca see out the window?","[""The sea"",""Green hills"",""A city""]","1","Green hills","During the journey, Luca admires the green hills of Tuscany and the sunflower fields.","https://melolingua.com/learn-italian/b1-stories/in-treno-verso-firenze","CC BY-NC 4.0"
"it-in-treno-verso-firenze","q3","it","B1","Who sits next to Luca on the train?","[""A child"",""A man"",""An elderly lady""]","2","An elderly lady","An elderly lady sits next to Luca and starts a friendly conversation.","https://melolingua.com/learn-italian/b1-stories/in-treno-verso-firenze","CC BY-NC 4.0"
"it-in-treno-verso-firenze","q4","it","B1","What does the lady recommend Luca visit in Florence?","[""The Colosseum"",""The Duomo and Ponte Vecchio"",""The Leaning Tower of Pisa""]","1","The Duomo and Ponte Vecchio","The lady suggests Luca visit the Duomo and Ponte Vecchio, two famous places in Florence.","https://melolingua.com/learn-italian/b1-stories/in-treno-verso-firenze","CC BY-NC 4.0"
"it-in-treno-verso-firenze","q5","it","B1","How does Luca feel when he arrives in Florence?","[""Sad"",""Excited"",""Indifferent""]","1","Excited","Luca is excited upon arriving in Florence, ready to start his adventure.","https://melolingua.com/learn-italian/b1-stories/in-treno-verso-firenze","CC BY-NC 4.0"
"it-la-cena-della-nonna","q1","it","B1","What is grandmother's famous dish?","[""Pizza"",""Lasagna"",""Risotto"",""Tiramisù""]","1","Lasagna","Grandmother is famous for her lasagna, a traditional Italian dish loved by many.","https://melolingua.com/learn-italian/b1-stories/la-cena-della-nonna","CC BY-NC 4.0"
"it-la-cena-della-nonna","q2","it","B1","What do the children do after dinner?","[""Watch TV"",""Play in the garden"",""Do homework"",""Sleep""]","1","Play in the garden","After dinner, the children play in the garden, enjoying time outdoors.","https://melolingua.com/learn-italian/b1-stories/la-cena-della-nonna","CC BY-NC 4.0"
"it-la-cena-della-nonna","q3","it","B1","What does grandmother say about her culinary secret?","[""She uses a lot of salt"",""She adds sugar"",""She puts lots of love"",""She cooks quickly""]","2","She puts lots of love","Grandmother reveals that her secret is lots of love and a bit of patience, a special ingredient in every dish.","https://melolingua.com/learn-italian/b1-stories/la-cena-della-nonna","CC BY-NC 4.0"
"it-una-visita-agli-uffizi","q1","it","B1","Why does Sofia read the captions before taking quick photos?","[""To absorb the details without filtering them only through hurried lenses"",""Because captions always forbid museum entry"",""Because she's never interested in real paintings""]","0","To absorb the details without filtering them only through hurried lenses","Sofia wants to savor the details of the paintings through the captions, rather than relying on hastily taken photos.","https://melolingua.com/learn-italian/b1-stories/una-visita-agli-uffizi","CC BY-NC 4.0"
"it-una-visita-agli-uffizi","q2","it","B1","What does the guide explain about restoration?","[""The difference between conservative restoration and pictorial integration"",""Concrete examples on how to protect damaged canvases"",""Because the Uffizi never had canvases""]","0","The difference between conservative restoration and pictorial integration","The guide illustrates restoration techniques, helping Sofia understand the different conditions of the artworks.","https://melolingua.com/learn-italian/b1-stories/una-visita-agli-uffizi","CC BY-NC 4.0"
"it-una-visita-agli-uffizi","q3","it","B1","What does Sofia do when the crowd gathers in front of a famous room?","[""She moves to the emptier gallery with paper sketches"",""She climbs onto the Uffizi roof without a ticket"",""She buys three identical posters without looking at them""]","0","She moves to the emptier gallery with paper sketches","Sofia seeks a quieter environment to observe the sketches without the pressure of the crowd.","https://melolingua.com/learn-italian/b1-stories/una-visita-agli-uffizi","CC BY-NC 4.0"
"it-visita-serale-al-museo","q1","it","B1","When does Alessandro enter the museum?","[""A few minutes before the evening guided tour"",""After total closing without a ticket"",""Only when the courtyard is completely pitch black""]","0","A few minutes before the evening guided tour","Alessandro enters the museum shortly before the start of the evening guided tour, taking advantage of the courtyard's soft lighting.","https://melolingua.com/learn-italian/b1-stories/visita-serale-al-museo","CC BY-NC 4.0"
"it-visita-serale-al-museo","q2","it","B1","What does the guide explain about the statues?","[""They were cleaned with delicate techniques that respect the original patina"",""They always have to look brand new like shiny plastic"",""They have never had dust in their entire lives""]","0","They were cleaned with delicate techniques that respect the original patina","The guide emphasizes the importance of preserving the original patina of the statues, a sign of passing time.","https://melolingua.com/learn-italian/b1-stories/visita-serale-al-museo","CC BY-NC 4.0"
"it-visita-serale-al-museo","q3","it","B1","What does he write in his notebook as he leaves?","[""Three precise adjectives to remember the sensations"",""Only the menu of an imaginary trattoria"",""A list of famous cats on the internet""]","0","Three precise adjectives to remember the sensations","Alessandro focuses on the sensations experienced during the visit, noting adjectives that describe them.","https://melolingua.com/learn-italian/b1-stories/visita-serale-al-museo","CC BY-NC 4.0"
"it-il-condominio-del-sabato","q1","it","B2","What is the only item on the meeting agenda?","[""The condominium stairs"",""The garden / internal courtyard"",""The heating costs""]","1","The garden / internal courtyard","The agenda has only one item: the garden, that is the internal courtyard with the well and lemon pots.","https://melolingua.com/learn-italian/b2-stories/il-condominio-del-sabato","CC BY-NC 4.0"
"it-il-condominio-del-sabato","q2","it","B2","What do the old residents want and what do the new residents want?","[""The old ones want a barbecue, the new ones want plants"",""The old ones want to keep the courtyard as it is, the new ones want to modernize it"",""The old ones want to sell, the new ones want to buy""]","1","The old ones want to keep the courtyard as it is, the new ones want to modernize it","The old residents want to keep the courtyard as it is with lemons and lavender. The new ones would like a barbecue, designer table, and modern lighting.","https://melolingua.com/learn-italian/b2-stories/il-condominio-del-sabato","CC BY-NC 4.0"
"it-il-condominio-del-sabato","q3","it","B2","What does Signora Elena, the ground floor resident, reveal?","[""That the courtyard is hers"",""That the third-floor residents never attend the meetings"",""That she wants to build a pool""]","1","That the third-floor residents never attend the meetings","Signora Elena says: ""The third-floor residents have never participated in any meeting. Maybe the real problem is that half the building doesn't talk to the other half.""","https://melolingua.com/learn-italian/b2-stories/il-condominio-del-sabato","CC BY-NC 4.0"
"it-il-condominio-del-sabato","q4","it","B2","What compromise emerges at the end?","[""The courtyard stays as it is without changes"",""Lorenzo will water the lemons and Elvira will teach him to prune them; a barbecue will be built surrounded by lemon trees"",""The new residents move out""]","1","Lorenzo will water the lemons and Elvira will teach him to prune them; a barbecue will be built surrounded by lemon trees","Lorenzo proposes: ""If I water your lemons, can you teach me to prune them?"" The compromise is a barbecue surrounded by lemon trees.","https://melolingua.com/learn-italian/b2-stories/il-condominio-del-sabato","CC BY-NC 4.0"
"it-il-condominio-del-sabato","q5","it","B2","Sfida: Perché la signora Elena, nuova inquilina, riesce a sbloccare la situazione?","[""Perché conosce le leggi del condominio"",""Perché osserva il problema da una prospettiva diversa e neutrale"",""Perché ha più anzianità di tutti""]","1","Perché osserva il problema da una prospettiva diversa e neutrale","Elena, essendo nuova ma attenta, nota che il vero problema non è il giardino ma la mancanza di comunicazione tra i residenti.","https://melolingua.com/learn-italian/b2-stories/il-condominio-del-sabato","CC BY-NC 4.0"
"it-il-convegno-a-milano","q1","it","B2","What presentation did Valentina prepare for months?","[""An urban recovery project in the Isola district with modular spaces and rooftop greenery"",""A fashion show for Milan Fashion Week"",""A new software for building management""]","1","A fashion show for Milan Fashion Week","Valentina's project is ambitious: an urban recovery in the Isola district with modular spaces and rooftop greenery.","https://melolingua.com/learn-italian/b2-stories/il-convegno-a-milano","CC BY-NC 4.0"
"it-il-convegno-a-milano","q2","it","B2","How does Marco, her colleague, act during the presentation?","[""He raises his hand and presents Valentina's idea as if it were his"",""He falls asleep during the session"",""He leaves the conference early""]","1","He falls asleep during the session","Marco raises his hand and describes exactly Valentina's idea: urban gardens on rooftops and a rainwater collection system.","https://melolingua.com/learn-italian/b2-stories/il-convegno-a-milano","CC BY-NC 4.0"
"it-il-convegno-a-milano","q3","it","B2","What happens to Valentina a week later?","[""She is fired"",""She receives an email about a concrete project on urban gardens"",""She wins a design award""]","1","She receives an email about a concrete project on urban gardens","The head of innovation emails Valentina: ""We really appreciated your presentation. We'd like to talk to you about a concrete project on urban gardens.""","https://melolingua.com/learn-italian/b2-stories/il-convegno-a-milano","CC BY-NC 4.0"
"it-il-convegno-a-milano","q4","it","B2","What does the innovation manager reveal in the meeting?","[""That Marco was fired"",""That Marco presented the idea well but they already knew it was hers"",""That the project was canceled""]","2","That the project was canceled","The manager tells Valentina: ""Marco presented your idea very well. But we already knew it was yours.""","https://melolingua.com/learn-italian/b2-stories/il-convegno-a-milano","CC BY-NC 4.0"
"it-il-convegno-a-milano","q5","it","B2","Sfida: Perché Valentina decide di non denunciare Marco per il furto d'idea?","[""Perché non ha prove scritte"",""Perché sa che Marco ha più potere e anzianità, e denunciare sarebbe inutile"",""Perché Marco è il suo capo diretto""]","1","Perché sa che Marco ha più potere e anzianità, e denunciare sarebbe inutile","Valentina capisce che in un ambiente professionale conta chi parla per primo, ma il vero riconoscimento arriva da chi ascolta attentamente.","https://melolingua.com/learn-italian/b2-stories/il-convegno-a-milano","CC BY-NC 4.0"
"it-il-posto-vacante","q1","it","B2","What position was advertised in the job posting?","[""Junior editor"",""Senior editor with growth potential"",""Editorial director""]","1","Senior editor with growth potential","The posting mentioned a senior editor role with growth potential.","https://melolingua.com/learn-italian/b2-stories/il-posto-vacante","CC BY-NC 4.0"
"it-il-posto-vacante","q2","it","B2","What does clause seven of the contract reveal?","[""That the salary is higher than expected"",""That the role's duties have changed from the posting"",""That the office is in Milan and not Bologna""]","1","That the role's duties have changed from the posting","Clause seven says that the duties of the role have changed from the posting to today.","https://melolingua.com/learn-italian/b2-stories/il-posto-vacante","CC BY-NC 4.0"
"it-il-posto-vacante","q3","it","B2","Why doesn't Chiara remember clause seven?","[""Because the contract was in English"",""Because she read the contract quickly, trusting the job posting"",""Because the clause didn't exist""]","1","Because she read the contract quickly, trusting the job posting","Chiara read the contract quickly, trusting the job posting, without verifying the clauses.","https://melolingua.com/learn-italian/b2-stories/il-posto-vacante","CC BY-NC 4.0"
"it-il-posto-vacante","q4","it","B2","What positive thing does the man with glasses notice?","[""That Chiara has an impeccable résumé"",""That Chiara stayed despite the difficult question"",""That Chiara speaks three languages""]","1","That Chiara stayed despite the difficult question","The man says: ""You failed the first question. But you stayed. That's already a good sign.""","https://melolingua.com/learn-italian/b2-stories/il-posto-vacante","CC BY-NC 4.0"
"it-il-posto-vacante","q5","it","B2","How does the story end for Chiara?","[""She never receives a response"",""She is hired: the test was to see who actually reads the clauses"",""She finds a job at another publishing house""]","1","She is hired: the test was to see who actually reads the clauses","A week later she receives an email: ""Welcome to the editorial team. It wasn't a trap, but a test.""","https://melolingua.com/learn-italian/b2-stories/il-posto-vacante","CC BY-NC 4.0"
"it-il-posto-vacante","q6","it","B2","Sfida: Perché la casa editrice ha nascosto una clausola diversa nel contratto?","[""Per risparmiare sullo stipendio"",""Per testare l'attenzione e la serietà dei candidati"",""Perché l'annuncio era vecchio""]","1","Per testare l'attenzione e la serietà dei candidati","La clausola era un test deliberato per vedere chi legge davvero i contratti, un'abilità fondamentale nel mondo editoriale.","https://melolingua.com/learn-italian/b2-stories/il-posto-vacante","CC BY-NC 4.0"
"it-la-bottiglia-di-barolo","q1","it","B2","Where does the tasting take place?","[""In a restaurant in Turin"",""In the historic cellar of a Piedmont estate"",""In a wine bar in Alba""]","1","In the historic cellar of a Piedmont estate","The tasting takes place in the historic cellar of a Piedmont estate, among oak barrels and soft lighting.","https://melolingua.com/learn-italian/b2-stories/la-bottiglia-di-barolo","CC BY-NC 4.0"
"it-la-bottiglia-di-barolo","q2","it","B2","What is the problem with the first bottle of Barolo?","[""It's not aged enough"",""It tastes corked — it has a musty note it shouldn't have"",""It's too young to be served""]","1","It tastes corked — it has a musty note it shouldn't have","The wine tastes corked, with a damp musty note and an olfactory closure that a Barolo shouldn't have.","https://melolingua.com/learn-italian/b2-stories/la-bottiglia-di-barolo","CC BY-NC 4.0"
"it-la-bottiglia-di-barolo","q3","it","B2","Who is the suspicious man in reality?","[""A famous wine critic"",""A competing oenologist hired to discredit the winery"",""The owner of the estate""]","1","A competing oenologist hired to discredit the winery","Marco realizes that man is a competing oenologist, hired to discredit the winery.","https://melolingua.com/learn-italian/b2-stories/la-bottiglia-di-barolo","CC BY-NC 4.0"
"it-la-bottiglia-di-barolo","q4","it","B2","What does Marco do to resolve the situation?","[""He closes the tasting"",""He takes another bottle of the same vintage and opens it in front of everyone"",""He calls the police""]","1","He takes another bottle of the same vintage and opens it in front of everyone","Marco takes another bottle of the same vintage, opens it in front of everyone, and the wine is perfect.","https://melolingua.com/learn-italian/b2-stories/la-bottiglia-di-barolo","CC BY-NC 4.0"
"it-la-bottiglia-di-barolo","q5","it","B2","How does the competing oenologist react at the end?","[""He apologizes and stays for the tasting"",""He stands up, leaves his glass, and walks out without a word"",""He accuses Marco of ruining the first bottle""]","1","He stands up, leaves his glass, and walks out without a word","The oenologist stands up, leaves his glass, and walks out without a word. The tasting continues with the real Barolo.","https://melolingua.com/learn-italian/b2-stories/la-bottiglia-di-barolo","CC BY-NC 4.0"
"it-la-bottiglia-di-barolo","q6","it","B2","Sfida: Perché Marco non accusa direttamente l'enologo davanti a tutti?","[""Perché non è sicuro che sia lui il colpevole"",""Perché preferisce risolvere il problema con discrezione e professionalità"",""Perché ha paura di uno scandalo""]","1","Perché preferisce risolvere il problema con discrezione e professionalità","Marco dimostra intelligenza professionale: invece di creare una scena, risolve il problema silenziosamente sostituendo la bottiglia.","https://melolingua.com/learn-italian/b2-stories/la-bottiglia-di-barolo","CC BY-NC 4.0"
"it-la-notte-della-lirica","q1","it","B2","What does Marco Ferrari notice during the performance?","[""The soprano's voice is off-key"",""The soprano's technique is flawless but something is wrong in her expression"",""The set design is falling apart""]","1","The soprano's technique is flawless but something is wrong in her expression","Marco notes impeccable technique but senses a tension in Elena's gaze that he knows well.","https://melolingua.com/learn-italian/b2-stories/la-notte-della-lirica","CC BY-NC 4.0"
"it-la-notte-della-lirica","q2","it","B2","What does Marco notice is missing from the program?","[""The second act"",""The dedication"",""The composer's name""]","1","The dedication","Marco notices the dedication is missing. Usually Elena dedicates every performance to someone, but tonight nothing.","https://melolingua.com/learn-italian/b2-stories/la-notte-della-lirica","CC BY-NC 4.0"
"it-la-notte-della-lirica","q3","it","B2","What news does Elena give Marco in the dressing room?","[""That she's leaving opera"",""That her father died the day before"",""That she's pregnant""]","1","That her father died the day before","Elena says: ""My father died yesterday. Cancer. He was gone in three months.""","https://melolingua.com/learn-italian/b2-stories/la-notte-della-lirica","CC BY-NC 4.0"
"it-la-notte-della-lirica","q4","it","B2","Why did Elena decide to sing despite her loss?","[""Because the theater was already sold out and she couldn't cancel"",""Because she wanted to prove she was professional"",""Because her father didn't love opera""]","0","Because the theater was already sold out and she couldn't cancel","Elena explains: ""I couldn't cancel. The theater was already sold out. People bought the tickets.""","https://melolingua.com/learn-italian/b2-stories/la-notte-della-lirica","CC BY-NC 4.0"
"it-la-notte-della-lirica","q5","it","B2","Sfida: Perché Marco chiude il taccuino senza scrivere la recensione che aveva immaginato?","[""Perché non ha capito la performance"",""Perché la scoperta personale cambia la prospettiva critica: l'arte va oltre la tecnica"",""Perché Elena lo ha pregato di non scrivere nulla""]","1","Perché la scoperta personale cambia la prospettiva critica: l'arte va oltre la tecnica","Marco capisce che la performance di Elena non era solo tecnica, ma un atto di profonda forza interiore. La critica deve tener conto dell'umano.","https://melolingua.com/learn-italian/b2-stories/la-notte-della-lirica","CC BY-NC 4.0"
"it-lo-scambio","q1","it","B2","Why was the house exchange planned three months in advance?","[""Because the two families had never spoken before"",""To ensure precise departure and arrival dates for both"",""Because the houses were in two different and distant cities""]","1","To ensure precise departure and arrival dates for both","The exchange was organized three months in advance with precise dates: the Romanos leave on August 1st, the Rizzutos on the 15th.","https://melolingua.com/learn-italian/b2-stories/lo-scambio","CC BY-NC 4.0"
"it-lo-scambio","q2","it","B2","What do the Romanos find when they arrive in Palermo?","[""An empty house with keys under the mat"",""The Rizzuto family still in the house with the light on and music from the balcony"",""An apology note and a bouquet of flowers""]","1","The Rizzuto family still in the house with the light on and music from the balcony","The Romanos find the light on and Sicilian music from the balcony — the Rizzutos are still there because their return flight was canceled.","https://melolingua.com/learn-italian/b2-stories/lo-scambio","CC BY-NC 4.0"
"it-lo-scambio","q3","it","B2","What compromise do the two families reach?","[""The Romanos sleep in a hotel paid by the Rizzutos"",""They organize a dinner together and share the house for two days"",""The Rizzutos leave immediately by car""]","1","They organize a dinner together and share the house for two days","They find a compromise: sharing the house for two days and preparing a dinner together — pasta alla Norma for the Romanos, carbonara for the Rizzutos.","https://melolingua.com/learn-italian/b2-stories/lo-scambio","CC BY-NC 4.0"
"it-lo-scambio","q4","it","B2","What do the Rizzutos leave when they finally leave?","[""The car keys"",""A note saying \""The couch is always free\"""",""An empty wine bottle""]","1","A note saying ""The couch is always free""","The Rizzutos leave a note: ""The house is yours. But if you come back to Palermo, the couch is always free.""","https://melolingua.com/learn-italian/b2-stories/lo-scambio","CC BY-NC 4.0"
"it-lo-scambio","q5","it","B2","What do the Romanos find upon their return to Rome?","[""Their house occupied by strangers"",""A package of Sicilian cookies with a thank-you note"",""A parking ticket""]","1","A package of Sicilian cookies with a thank-you note","They find a package of Sicilian cookies on the table with a note: ""Thanks for dinner. See you next time.""","https://melolingua.com/learn-italian/b2-stories/lo-scambio","CC BY-NC 4.0"
"it-lo-scambio","q6","it","B2","Sfida: Perché lo scambio di case, nonostante l'inconveniente, si trasforma in un'esperienza positiva?","[""Perché i Rizzuto pagano il conto del ristorante"",""Perché entrambe le famiglie scelgono la flessibilità e l'ospitalità invece del conflitto"",""Perché il volo cancellato era una coincidence fortunata""]","1","Perché entrambe le famiglie scelgono la flessibilità e l'ospitalità invece del conflitto","Invece di litigare, le famiglie trasformano un imprevisto in un'occasione di convivialità, dimostrando che la vera ospitalità italiana supera ogni inconveniente.","https://melolingua.com/learn-italian/b2-stories/lo-scambio","CC BY-NC 4.0"
"ko-a-coffee-in-hongdae","q1","ko","A1","Why does Junho change his drink order?","[""The café has no milk"",""The latte is too expensive"",""The café is closing""]","0","The café has no milk","The barista says 우유가 없어요, so Junho substitutes soy milk with 대신.","https://melolingua.com/learn-korean/stories/a1/a-coffee-in-hongdae","CC BY-NC 4.0"
"ko-a-coffee-in-hongdae","q2","ko","A1","What shows that the other customer agrees to share the table?","[""They order another drink"",""They move their bag"",""They close the window""]","1","They move their bag","Moving the bag clears the seat; the action answers Junho’s 자리 있어요? without extra dialogue.","https://melolingua.com/learn-korean/stories/a1/a-coffee-in-hongdae","CC BY-NC 4.0"
"ko-a-rainy-afternoon","q1","ko","A1","What is Jisoo trying to protect from the rain?","[""A paper bag"",""A yellow coat"",""A box of food""]","0","A paper bag","She has a 종이 봉투 and later holds it against her chest under the umbrella.","https://melolingua.com/learn-korean/stories/a1/a-rainy-afternoon","CC BY-NC 4.0"
"ko-a-rainy-afternoon","q2","ko","A1","How does Jisoo return Minho’s help?","[""She carries his bag"",""She holds the umbrella"",""She calls a taxi""]","1","She holds the umbrella","Minho offers to share; Jisoo answers with 제가 우산을 들어 줄게요, offering to hold it.","https://melolingua.com/learn-korean/stories/a1/a-rainy-afternoon","CC BY-NC 4.0"
"ko-first-day-in-seoul","q1","ko","A1","Why can’t Leo check the route on his phone?","[""The screen is broken"",""The battery is dead"",""There is no map app""]","1","The battery is dead","The second line says 배터리가 다 됐어요, so the handwritten address becomes essential.","https://melolingua.com/learn-korean/stories/a1/first-day-in-seoul","CC BY-NC 4.0"
"ko-first-day-in-seoul","q2","ko","A1","What does the employee’s gesture tell Leo?","[""Use the stairs on the right"",""Wait beside the bakery"",""Return to the ticket hall""]","0","Use the stairs on the right","The employee points to 오른쪽 계단, the stairs on the right, before describing the exit as 저쪽.","https://melolingua.com/learn-korean/stories/a1/first-day-in-seoul","CC BY-NC 4.0"
"ko-lunch-at-the-market","q1","ko","A1","What makes Daniel drink water immediately?","[""The gimbap is dry"",""The tteokbokki is spicy"",""The market is hot""]","1","The tteokbokki is spicy","He drinks just after tasting the red tteokbokki, then says it is 조금 매워요.","https://melolingua.com/learn-korean/stories/a1/lunch-at-the-market","CC BY-NC 4.0"
"ko-lunch-at-the-market","q2","ko","A1","How does the vendor respond to Daniel’s second request?","[""Uses less sauce and adds gimbap"",""Removes the tteokbokki"",""Offers only cold water""]","0","Uses less sauce and adds gimbap","The vendor makes the dish gentler with less sauce and adds a small extra piece of gimbap.","https://melolingua.com/learn-korean/stories/a1/lunch-at-the-market","CC BY-NC 4.0"
"ko-the-missed-bus","q1","ko","A1","What prevents Sua from boarding the first bus?","[""She cannot find her transit card"",""She is at the wrong stop"",""The bus is already full""]","0","She cannot find her transit card","The card is hidden under other items in her bag while the bus doors are open.","https://melolingua.com/learn-korean/stories/a1/the-missed-bus","CC BY-NC 4.0"
"ko-the-missed-bus","q2","ko","A1","Why does Sua hold the card tightly at the end?","[""She plans to buy a new card"",""She does not want to lose time again"",""The person beside her asks for it""]","1","She does not want to lose time again","This is an inference: after missing one bus while searching, she makes sure the card is ready for the next one.","https://melolingua.com/learn-korean/stories/a1/the-missed-bus","CC BY-NC 4.0"
"ko-a-new-library-card","q1","ko","A2","Why can Alex leave the 보호자 box empty?","[""The field is only for children"",""The printer is broken"",""The address is enough for every applicant""]","0","The field is only for children","The librarian identifies it as 어린이에게 필요한 항목, a field needed for children.","https://melolingua.com/learn-korean/stories/a2/a-new-library-card","CC BY-NC 4.0"
"ko-a-new-library-card","q2","ko","A2","What shows Alex has become more independent by the end?","[""Alex sharpens the pencil"",""Alex checks out the books without help"",""Alex asks for a second form""]","1","Alex checks out the books without help","The final line contrasts the earlier explanation with 직접 대출하고, completing the checkout independently.","https://melolingua.com/learn-korean/stories/a2/a-new-library-card","CC BY-NC 4.0"
"ko-a-small-birthday-surprise","q1","ko","A2","What reveals the surprise before Nari enters the kitchen?","[""The smell of cake"",""Three pairs of friends’ shoes"",""Music from the living room""]","1","Three pairs of friends’ shoes","The shoes by the entryway are physical evidence that her friends are already inside.","https://melolingua.com/learn-korean/stories/a2/a-small-birthday-surprise","CC BY-NC 4.0"
"ko-a-small-birthday-surprise","q2","ko","A2","Why do the friends keep the celebration small?","[""Nari dislikes big parties"",""The apartment has no table"",""Most friends are working late""]","0","Nari dislikes big parties","Hyejin says 큰 파티 싫어하니까, showing that the scale reflects Nari’s preference.","https://melolingua.com/learn-korean/stories/a2/a-small-birthday-surprise","CC BY-NC 4.0"
"ko-the-late-train-home","q1","ko","A2","What first suggests that the older passenger needs help?","[""They repeatedly turn the route map around"",""They ask Taeho for money"",""They stand on the wrong platform""]","0","They repeatedly turn the route map around","The repeated movement of the folded map is a visual clue before Taeho asks any question.","https://melolingua.com/learn-korean/stories/a2/the-late-train-home","CC BY-NC 4.0"
"ko-the-late-train-home","q2","ko","A2","How does Taeho reduce the passenger’s worry about the last transfer?","[""He calls a taxi"",""He offers to travel together to Gongdeok"",""He asks the train to wait""]","1","He offers to travel together to Gongdeok","Because he is going the same way, Taeho offers concrete help through the transfer point.","https://melolingua.com/learn-korean/stories/a2/the-late-train-home","CC BY-NC 4.0"
"ko-the-lost-umbrella","q1","ko","A2","What proves that the black umbrella is not Hana’s?","[""A broken handle"",""Doyun’s blue name tag"",""A café receipt""]","1","Doyun’s blue name tag","The name 도윤 on the blue tag overturns Hana’s assumption that the umbrella is hers.","https://melolingua.com/learn-korean/stories/a2/the-lost-umbrella","CC BY-NC 4.0"
"ko-the-lost-umbrella","q2","ko","A2","Why is Doyun already holding Hana’s striped umbrella?","[""He bought it for her"",""He also noticed the umbrellas were switched"",""The barista gave it to him as a gift""]","1","He also noticed the umbrellas were switched","His line 저도 바뀐 줄 알았어요 shows that he independently understood the same mix-up.","https://melolingua.com/learn-korean/stories/a2/the-lost-umbrella","CC BY-NC 4.0"
"ko-the-weekend-hike","q1","ko","A2","Why does the ranger recommend the right-hand trail?","[""The upper trail is slippery"",""The lookout is closed"",""The hikers lack tickets""]","0","The upper trail is slippery","미끄러우니까 directly links the wet upper trail to the safer route recommendation.","https://melolingua.com/learn-korean/stories/a2/the-weekend-hike","CC BY-NC 4.0"
"ko-the-weekend-hike","q2","ko","A2","What unexpected benefit comes from choosing the longer route?","[""They reach the summit first"",""They find a quiet lookout view"",""They avoid all clouds""]","1","They find a quiet lookout view","The slower route leads to a lower lookout where the city rooftops appear between clouds.","https://melolingua.com/learn-korean/stories/a2/the-weekend-hike","CC BY-NC 4.0"
"ru-a-snowy-walk","q1","ru","A1","What clue helps Lena find the mitten’s owner?","[""Children’s footprints"",""A written name"",""A tram ticket""]","0","Children’s footprints","The детские следы lead from the mitten toward the stop where a child has only one mitten.","https://melolingua.com/learn-russian/stories/a1/a-snowy-walk","CC BY-NC 4.0"
"ru-a-snowy-walk","q2","ru","A1","How does Lena confirm ownership?","[""She asks whether it is theirs"",""She checks the child’s pocket"",""She calls the police""]","0","She asks whether it is theirs","Это ваша варежка? is a direct but polite ownership check with an unfamiliar adult.","https://melolingua.com/learn-russian/stories/a1/a-snowy-walk","CC BY-NC 4.0"
"ru-lunch-at-the-dacha","q1","ru","A1","What is missing from the lunch table?","[""Salt"",""Tomatoes"",""Dill""]","0","Salt","The jar is empty, and Misha says У нас нет соли, using the genitive after нет.","https://melolingua.com/learn-russian/stories/a1/lunch-at-the-dacha","CC BY-NC 4.0"
"ru-lunch-at-the-dacha","q2","ru","A1","What extra item does Vera send back with Lena?","[""Three green apples"",""A loaf of rye bread"",""Two cucumbers""]","0","Three green apples","The final line adds three green apples, turning a borrowed ingredient into a small neighborly exchange.","https://melolingua.com/learn-russian/stories/a1/lunch-at-the-dacha","CC BY-NC 4.0"
"ru-morning-at-the-bakery","q1","ru","A1","Why does Anna change her order?","[""The bakery has no tea"",""Another customer takes the last cinnamon bun"",""The clerk recommends rye bread""]","1","Another customer takes the last cinnamon bun","Последнюю булочку means “the last bun,” so Anna must ask what else is warm.","https://melolingua.com/learn-russian/stories/a1/morning-at-the-bakery","CC BY-NC 4.0"
"ru-morning-at-the-bakery","q2","ru","A1","What suggests that Anna enjoys the replacement?","[""She orders another cinnamon bun"",""She smiles at the pastry’s crisp sound"",""She leaves the plate untouched""]","1","She smiles at the pastry’s crisp sound","The final line joins the хруст, or crisp crackle, with her smile and explicit approval.","https://melolingua.com/learn-russian/stories/a1/morning-at-the-bakery","CC BY-NC 4.0"
"ru-the-metro-ticket","q1","ru","A1","What confuses Maria at first?","[""The screen shows many ticket choices"",""Her suitcase is missing"",""The metro entrance is closed""]","0","The screen shows many ticket choices","The many ticket options on the machine lead her to ask a staff member where to buy the card.","https://melolingua.com/learn-russian/stories/a1/the-metro-ticket","CC BY-NC 4.0"
"ru-the-metro-ticket","q2","ru","A1","What does Maria verify before paying?","[""Whether the card is blue"",""Whether the machine accepts bank cards"",""Whether the train has seats""]","1","Whether the machine accepts bank cards","Her follow-up uses этот автомат to confirm the payment method for the specific machine.","https://melolingua.com/learn-russian/stories/a1/the-metro-ticket","CC BY-NC 4.0"
"ru-the-new-neighbor","q1","ru","A1","What prevents Pavel from entering his apartment?","[""The key will not turn"",""He is on the wrong floor"",""The bags block the door""]","0","The key will not turn","The key fits the lock but не поворачивается, so the difficulty is the handle technique.","https://melolingua.com/learn-russian/stories/a1/the-new-neighbor","CC BY-NC 4.0"
"ru-the-new-neighbor","q2","ru","A1","What future invitation grows out of Olga’s help?","[""A walk by the river"",""Tea after Pavel unpacks"",""Dinner at a restaurant""]","1","Tea after Pavel unpacks","The practical first meeting ends with Pavel promising to visit Olga for tea after the move.","https://melolingua.com/learn-russian/stories/a1/the-new-neighbor","CC BY-NC 4.0"
"ru-the-birthday-phone-call","q1","ru","A2","What had Olga planned to do before the incoming call?","[""Call her mother"",""Bake a full cake"",""Visit her brother""]","0","Call her mother","Как раз собиралась звонить marks the action Olga was on the point of starting.","https://melolingua.com/learn-russian/stories/a2/the-birthday-phone-call","CC BY-NC 4.0"
"ru-the-birthday-phone-call","q2","ru","A2","Why has the family gathered at Olga’s mother’s home?","[""To repair the phone"",""To congratulate Olga together"",""To watch a concert""]","1","To congratulate Olga together","Чтобы поздравить states the family’s shared purpose directly.","https://melolingua.com/learn-russian/stories/a2/the-birthday-phone-call","CC BY-NC 4.0"
"ru-the-cat-in-the-courtyard","q1","ru","A2","Which two clues point toward the basement grille?","[""A collar bell and tracks"",""An empty bowl and rain"",""A note and a bicycle""]","0","A collar bell and tracks","Galina hears the bell beneath the steps, and Timur sees tracks beside the grille.","https://melolingua.com/learn-russian/stories/a2/the-cat-in-the-courtyard","CC BY-NC 4.0"
"ru-the-cat-in-the-courtyard","q2","ru","A2","What finally persuades Barsik to come out?","[""Sasha calling his name"",""A spoon tapping his metal bowl"",""The caretaker opening the gate""]","1","A spoon tapping his metal bowl","Только тогда, когда marks the bowl sound as the condition that succeeds after calling fails.","https://melolingua.com/learn-russian/stories/a2/the-cat-in-the-courtyard","CC BY-NC 4.0"
"ru-the-forgotten-gloves","q1","ru","A2","What makes Nina suspect the café rather than the tram?","[""She remembers removing the gloves at the counter"",""The tram driver calls her"",""She sees gloves through the café window""]","0","She remembers removing the gloves at the counter","Her memory of снимала перчатки у стойки gives her a concrete last location.","https://melolingua.com/learn-russian/stories/a2/the-forgotten-gloves","CC BY-NC 4.0"
"ru-the-forgotten-gloves","q2","ru","A2","How could the barista identify Nina?","[""Her name is on the receipt"",""Her photograph is in a glove"",""A friend described her""]","0","Her name is on the receipt","The receipt connects the customer’s name to the gray gloves left near the counter.","https://melolingua.com/learn-russian/stories/a2/the-forgotten-gloves","CC BY-NC 4.0"
"ru-the-note-at-the-museum","q1","ru","A2","Why does Ira use a paper note instead of sending a message?","[""Denis has no phone signal"",""The exhibition bans phones"",""She forgot his number""]","0","Denis has no phone signal","Телефон не ловил сеть establishes the practical reason for the handwritten route.","https://melolingua.com/learn-russian/stories/a2/the-note-at-the-museum","CC BY-NC 4.0"
"ru-the-note-at-the-museum","q2","ru","A2","Which visual landmark confirms Denis is following the right route?","[""A blue partition"",""A red staircase"",""A glass elevator""]","0","A blue partition","The note names a синяя стена, and Denis later finds the matching синяя перегородка.","https://melolingua.com/learn-russian/stories/a2/the-note-at-the-museum","CC BY-NC 4.0"
"ru-the-weekend-train","q1","ru","A2","Why do both travelers appear to have seat twelve?","[""Their tickets are for different carriages"",""One ticket has the wrong date"",""The conductor changed the seats""]","0","Their tickets are for different carriages","The seat number matches, but the carriage numbers differ; Misha then sees he entered не в тот вагон.","https://melolingua.com/learn-russian/stories/a2/the-weekend-train","CC BY-NC 4.0"
"ru-the-weekend-train","q2","ru","A2","What turns the awkward seat check into a friendly plan?","[""They own identical umbrellas"",""They are reading the same book"",""They both live in Moscow""]","1","They are reading the same book","The matching book and nearly matching page create a reason to continue the conversation over coffee.","https://melolingua.com/learn-russian/stories/a2/the-weekend-train","CC BY-NC 4.0"
