"story_id","sentence_id","language_code","language_name","locale","cefr_level","canonical_url","text","translation","license"
"de-auf-dem-weihnachtsmarkt","s1","de","German","de-DE","A1","https://melolingua.com/learn-german/a1-stories/auf-dem-weihnachtsmarkt","Es ist Dezember und Lukas schlendert über den Weihnachtsmarkt.","It's December, and Lukas strolls through the Christmas market.","CC BY-NC 4.0"
"de-auf-dem-weihnachtsmarkt","s2","de","German","de-DE","A1","https://melolingua.com/learn-german/a1-stories/auf-dem-weihnachtsmarkt","Der Markt glitzert im Lichtermeer. Überall erklingt fröhliche Musik.","The market sparkles in a sea of lights. Joyful music echoes everywhere.","CC BY-NC 4.0"
"de-auf-dem-weihnachtsmarkt","s3","de","German","de-DE","A1","https://melolingua.com/learn-german/a1-stories/auf-dem-weihnachtsmarkt","Lukas riecht den Duft von Glühwein und gebrannten Mandeln.","Lukas smells the aroma of mulled wine and roasted almonds.","CC BY-NC 4.0"
"de-auf-dem-weihnachtsmarkt","s4","de","German","de-DE","A1","https://melolingua.com/learn-german/a1-stories/auf-dem-weihnachtsmarkt","„Einen Glühwein, bitte“, sagt er lächelnd zur Verkäuferin.","""One mulled wine, please,"" he says to the saleswoman with a smile.","CC BY-NC 4.0"
"de-auf-dem-weihnachtsmarkt","s5","de","German","de-DE","A1","https://melolingua.com/learn-german/a1-stories/auf-dem-weihnachtsmarkt","Der Glühwein wärmt seine Hände und ist süß. Lukas bummelt von Stand zu Stand.","The mulled wine warms his hands and is sweet. Lukas wanders from stall to stall.","CC BY-NC 4.0"
"de-auf-dem-weihnachtsmarkt","s6","de","German","de-DE","A1","https://melolingua.com/learn-german/a1-stories/auf-dem-weihnachtsmarkt","Er kauft einen Holzstern für seine Mutter und eine Kerze für seine Schwester.","He buys a wooden star for his mother and a candle for his sister.","CC BY-NC 4.0"
"de-auf-dem-weihnachtsmarkt","s7","de","German","de-DE","A1","https://melolingua.com/learn-german/a1-stories/auf-dem-weihnachtsmarkt","Ein Mann spielt Weihnachtslieder auf der Gitarre. Kinder lachen und knabbern an Lebkuchen. Lukas lächelt zufrieden.","A man plays Christmas songs on the guitar. Children laugh and nibble on gingerbread. Lukas smiles contentedly.","CC BY-NC 4.0"
"de-auf-dem-weihnachtsmarkt","s8","de","German","de-DE","A1","https://melolingua.com/learn-german/a1-stories/auf-dem-weihnachtsmarkt","Er liebt die Weihnachtszeit mit all ihren Wundern.","He loves the Christmas season with all its wonders.","CC BY-NC 4.0"
"de-das-fruehstueck","s1","de","German","de-DE","A1","https://melolingua.com/learn-german/a1-stories/das-fruehstueck","Jeden Morgen wacht Anna um sieben Uhr auf.","Every morning, Anna wakes up at seven o'clock.","CC BY-NC 4.0"
"de-das-fruehstueck","s2","de","German","de-DE","A1","https://melolingua.com/learn-german/a1-stories/das-fruehstueck","Sie geht in die Küche und macht Kaffee. Der Kaffee ist heiß und stark.","She heads into the kitchen and brews some coffee. The coffee is steaming hot and robust.","CC BY-NC 4.0"
"de-das-fruehstueck","s3","de","German","de-DE","A1","https://melolingua.com/learn-german/a1-stories/das-fruehstueck","Anna setzt sich an den Tisch und schaut aus dem Fenster. Heute scheint die Sonne.","Anna sits at the table, gazing out the window. Today, the sun is shining brightly.","CC BY-NC 4.0"
"de-das-fruehstueck","s4","de","German","de-DE","A1","https://melolingua.com/learn-german/a1-stories/das-fruehstueck","Sie lächelt und trinkt ihren Kaffee.","She smiles and drinks her coffee.","CC BY-NC 4.0"
"de-das-fruehstueck","s5","de","German","de-DE","A1","https://melolingua.com/learn-german/a1-stories/das-fruehstueck","„Heute wird ein guter Tag“, denkt Anna.","""Today is going to be a good day,"" Anna thinks.","CC BY-NC 4.0"
"de-das-fruehstueck","s6","de","German","de-DE","A1","https://melolingua.com/learn-german/a1-stories/das-fruehstueck","Sie isst ein Brötchen mit Butter und Marmelade.","She eats a bread roll with butter and jam.","CC BY-NC 4.0"
"de-das-fruehstueck","s7","de","German","de-DE","A1","https://melolingua.com/learn-german/a1-stories/das-fruehstueck","Das Brötchen ist frisch von der Bäckerei. Danach duscht sie und zieht sich an.","The roll is fresh from the bakery. Afterwards, she showers and gets dressed.","CC BY-NC 4.0"
"de-das-fruehstueck","s8","de","German","de-DE","A1","https://melolingua.com/learn-german/a1-stories/das-fruehstueck","Um acht Uhr verlässt Anna das Haus und geht zur Arbeit.","At eight, Anna leaves the house and heads to work.","CC BY-NC 4.0"
"de-der-regentag-in-berlin","s1","de","German","de-DE","A1","https://melolingua.com/learn-german/a1-stories/der-regentag-in-berlin","Es regnet den ganzen Tag in Berlin. Emma steht am Fenster ihres Hotels und schaut auf die nassen Straßen.","It rains the whole day in Berlin. Emma stands at the window of her hotel and looks at the wet streets.","CC BY-NC 4.0"
"de-der-regentag-in-berlin","s2","de","German","de-DE","A1","https://melolingua.com/learn-german/a1-stories/der-regentag-in-berlin","Sie hat einen kleinen Regenschirm dabei. Emma springt über große Pfützen auf dem Weg zur U-Bahn.","She has a small umbrella with her. Emma jumps over big puddles on the way to the subway.","CC BY-NC 4.0"
"de-der-regentag-in-berlin","s3","de","German","de-DE","A1","https://melolingua.com/learn-german/a1-stories/der-regentag-in-berlin","Der Regen wird stärker. Emma sucht Schutz und sieht eine alte Tür. „Das Museum für Alltagsgeschichten“, steht auf dem Schild.","The rain gets stronger. Emma looks for shelter and sees an old door. ""The Museum of Everyday Stories,"" says the sign.","CC BY-NC 4.0"
"de-der-regentag-in-berlin","s4","de","German","de-DE","A1","https://melolingua.com/learn-german/a1-stories/der-regentag-in-berlin","Emma geht hinein. Ein freundlicher Mann sitzt an einem kleinen Tisch und lächelt. „Eintritt ist frei“, sagt er.","Emma goes inside. A friendly man sits at a small table and smiles. ""Admission is free,"" he says.","CC BY-NC 4.0"
"de-der-regentag-in-berlin","s5","de","German","de-DE","A1","https://melolingua.com/learn-german/a1-stories/der-regentag-in-berlin","Das Museum ist klein, aber es gibt viele bunte Bilder und alte Sachen. Emma sieht Telefone, Schuhe und Spielzeug von früher.","The museum is small, but there are many colorful pictures and old things. Emma sees telephones, shoes, and toys from the past.","CC BY-NC 4.0"
"de-der-regentag-in-berlin","s6","de","German","de-DE","A1","https://melolingua.com/learn-german/a1-stories/der-regentag-in-berlin","Ein alter Herr zeigt Emma eine Kamera aus dem Jahr 1950. „Die Kamera hat viele Geschichten gesehen“, sagt er.","An old gentleman shows Emma a camera from the year 1950. ""The camera has seen many stories,"" he says.","CC BY-NC 4.0"
"de-der-regentag-in-berlin","s7","de","German","de-DE","A1","https://melolingua.com/learn-german/a1-stories/der-regentag-in-berlin","Emma probiert, durch die Kamera zu schauen. Sie lacht und macht ein Foto von einem alten Teddybär.","Emma tries to look through the camera. She laughs and takes a photo of an old teddy bear.","CC BY-NC 4.0"
"de-der-regentag-in-berlin","s8","de","German","de-DE","A1","https://melolingua.com/learn-german/a1-stories/der-regentag-in-berlin","Draußen regnet es noch immer, aber Emma hat keine Eile. Sie setzt sich auf eine Bank und liest in einem alten Buch.","Outside it is still raining, but Emma is in no hurry. She sits on a bench and reads in an old book.","CC BY-NC 4.0"
"de-der-regentag-in-berlin","s9","de","German","de-DE","A1","https://melolingua.com/learn-german/a1-stories/der-regentag-in-berlin","Am Abend hört der Regen auf. Emma geht zurück zum Hotel und denkt: „Der regnerische Tag war der beste Tag in Berlin!“","In the evening the rain stops. Emma goes back to the hotel and thinks: ""The rainy day was the best day in Berlin!""","CC BY-NC 4.0"
"de-der-supermarkt-am-samstag","s1","de","German","de-DE","A1","https://melolingua.com/learn-german/a1-stories/der-supermarkt-am-samstag","Lina geht am Samstag in den Supermarkt neben dem Park. Viele Leute schieben laute Wagen zwischen Regalen voller Brot und Joghurt.","On Saturday, Lina strolls to the supermarket beside the park. Many people push noisy carts between shelves brimming with bread and yogurt.","CC BY-NC 4.0"
"de-der-supermarkt-am-samstag","s2","de","German","de-DE","A1","https://melolingua.com/learn-german/a1-stories/der-supermarkt-am-samstag","Sie findet frische Äpfel, Milch und eine kleine Butter für den Kuchen. Am Kassenband wartet sie geduldig mit Münzen in der Hand.","She finds fresh apples, milk, and a small pack of butter for the cake. At the checkout, she waits patiently with coins in hand.","CC BY-NC 4.0"
"de-der-supermarkt-am-samstag","s3","de","German","de-DE","A1","https://melolingua.com/learn-german/a1-stories/der-supermarkt-am-samstag","Die Kassiererin fragt, ob sie noch eine Tasche braucht, und Lina nickt. Sie zahlt langsam, nimmt den Kassenbon und sagt danke.","The cashier asks if she needs another bag, and Lina nods. She pays slowly, takes the receipt, and says thank you.","CC BY-NC 4.0"
"de-der-supermarkt-am-samstag","s4","de","German","de-DE","A1","https://melolingua.com/learn-german/a1-stories/der-supermarkt-am-samstag","Draußen riecht die Straße nach dem Regen von gestern, aber ihr Einkauf bleibt trocken im Stoffbeutel.","Outside, the street smells of yesterday's rain, but her shopping stays dry in the fabric bag.","CC BY-NC 4.0"
"de-ein-besuch-beim-bauern","s1","de","German","de-DE","A1","https://melolingua.com/learn-german/a1-stories/ein-besuch-beim-bauern","Am Samstag kommt Lina mit ihrer Mama zu einem kleinen Stand. Ein freundlicher Bauer sitzt hinter einem Tisch voller Äpfel und Käse.","On Saturday Lina comes with her mom to a small stand. A friendly farmer sits behind a table full of apples and cheese.","CC BY-NC 4.0"
"de-ein-besuch-beim-bauern","s2","de","German","de-DE","A1","https://melolingua.com/learn-german/a1-stories/ein-besuch-beim-bauern","Lina möchte frische Milch kaufen. Der Bauer lächelt und sagt: „Komm, ich zeige dir meine Kühe!“","Lina wants to buy fresh milk. The farmer smiles and says: ""Come, I'll show you my cows!""","CC BY-NC 4.0"
"de-ein-besuch-beim-bauern","s3","de","German","de-DE","A1","https://melolingua.com/learn-german/a1-stories/ein-besuch-beim-bauern","Hinter dem Stand steht eine große Kuh mit braunen und weißen Flecken. Die Kuh schaut Lina an und macht „Muh!“.","Behind the stand stands a big cow with brown and white spots. The cow looks at Lina and goes ""Moo!"".","CC BY-NC 4.0"
"de-ein-besuch-beim-bauern","s4","de","German","de-DE","A1","https://melolingua.com/learn-german/a1-stories/ein-besuch-beim-bauern","Lina hat ein bisschen Angst und geht einen Schritt zurück. Der Bauer lacht leise und sagt: „Keine Angst, sie ist ganz sanft.“","Lina is a little scared and takes a step back. The farmer laughs quietly and says: ""No fear, she is very gentle.""","CC BY-NC 4.0"
"de-ein-besuch-beim-bauern","s5","de","German","de-DE","A1","https://melolingua.com/learn-german/a1-stories/ein-besuch-beim-bauern","Lina atmet tief ein und macht einen Schritt nach vorne. Langsam streckt sie ihre Hand aus und die Kuh leckt ihre Finger.","Lina takes a deep breath and takes a step forward. Slowly she reaches out her hand and the cow licks her fingers.","CC BY-NC 4.0"
"de-ein-besuch-beim-bauern","s6","de","German","de-DE","A1","https://melolingua.com/learn-german/a1-stories/ein-besuch-beim-bauern","Die Kuh hat warme, weiche Zunge. Lina muss lachen und dreht sich zu ihrer Mama um. „Die Kuh mag mich!“","The cow has a warm, soft tongue. Lina has to laugh and turns to her mom. ""The cow likes me!""","CC BY-NC 4.0"
"de-ein-besuch-beim-bauern","s7","de","German","de-DE","A1","https://melolingua.com/learn-german/a1-stories/ein-besuch-beim-bauern","Der Bauer nickt und gibt Lina eine Flasche Milch. „Die Milch kommt von dieser Kuh. Sie heißt Rosa.“","The farmer nods and gives Lina a bottle of milk. ""The milk comes from this cow. Her name is Rosa.""","CC BY-NC 4.0"
"de-ein-besuch-beim-bauern","s8","de","German","de-DE","A1","https://melolingua.com/learn-german/a1-stories/ein-besuch-beim-bauern","Lina nimmt die Milch, schaut Rosa an und sagt: „Danke, Rosa!“ Die Kuh blinzelt langsam mit den Augen.","Lina takes the milk, looks at Rosa and says: ""Thank you, Rosa!"" The cow blinks slowly with her eyes.","CC BY-NC 4.0"
"de-ein-besuch-beim-bauern","s9","de","German","de-DE","A1","https://melolingua.com/learn-german/a1-stories/ein-besuch-beim-bauern","Der Bauer zeigt Lina noch drei Hühner und ein kleines Schwein. Lina zählt: „Ein, zwei, drei, vier!“","The farmer shows Lina three more chickens and a small pig. Lina counts: ""One, two, three, four!""","CC BY-NC 4.0"
"de-ein-besuch-beim-bauern","s10","de","German","de-DE","A1","https://melolingua.com/learn-german/a1-stories/ein-besuch-beim-bauern","Auf dem Weg nach Hause lächelt Lina die ganze Zeit. „Mama, nächste Woche besuchen wir Rosa wieder!“","On the way home Lina smiles the whole time. ""Mom, next week we'll visit Rosa again!""","CC BY-NC 4.0"
"de-ein-tag-im-schwarzwald","s1","de","German","de-DE","A1","https://melolingua.com/learn-german/a1-stories/ein-tag-im-schwarzwald","Am Samstag fahren Maria und Jan in den Schwarzwald. Sie wollen wandern.","On Saturday, Maria and Jan drive to the Black Forest. They want to go hiking.","CC BY-NC 4.0"
"de-ein-tag-im-schwarzwald","s2","de","German","de-DE","A1","https://melolingua.com/learn-german/a1-stories/ein-tag-im-schwarzwald","Die Luft ist frisch und der Wald ist grün. Sie gehen auf einem schmalen Weg zwischen hohen Bäumen.","The air is fresh and the forest is green. They walk along a narrow path between tall trees.","CC BY-NC 4.0"
"de-ein-tag-im-schwarzwald","s3","de","German","de-DE","A1","https://melolingua.com/learn-german/a1-stories/ein-tag-im-schwarzwald","„Hör mal! Ein Vogel singt“, sagt Maria. Jan hört den Vogel und lächelt.","""Listen! A bird is singing,"" says Maria. Jan hears the bird and smiles.","CC BY-NC 4.0"
"de-ein-tag-im-schwarzwald","s4","de","German","de-DE","A1","https://melolingua.com/learn-german/a1-stories/ein-tag-im-schwarzwald","Nach einer Stunde kommen sie zu einem kleinen See. Das Wasser ist klar und kalt.","After an hour, they reach a small lake. The water is clear and cold.","CC BY-NC 4.0"
"de-ein-tag-im-schwarzwald","s5","de","German","de-DE","A1","https://melolingua.com/learn-german/a1-stories/ein-tag-im-schwarzwald","Sie setzen sich auf einen Stein und essen ihre Butterbrote.","They sit on a rock and eat their sandwiches.","CC BY-NC 4.0"
"de-ein-tag-im-schwarzwald","s6","de","German","de-DE","A1","https://melolingua.com/learn-german/a1-stories/ein-tag-im-schwarzwald","„Der Schwarzwald ist so schön“, sagt Jan.","""The Black Forest is so beautiful,"" says Jan.","CC BY-NC 4.0"
"de-ein-tag-im-schwarzwald","s7","de","German","de-DE","A1","https://melolingua.com/learn-german/a1-stories/ein-tag-im-schwarzwald","„Ja, ich bin gern in der Natur“, antwortet Maria.","""Yes, I love being in nature,"" replies Maria.","CC BY-NC 4.0"
"de-ein-tag-im-schwarzwald","s8","de","German","de-DE","A1","https://melolingua.com/learn-german/a1-stories/ein-tag-im-schwarzwald","Am Nachmittag gehen sie in ein Gasthaus und trinken heißen Kakao. Es ist ein perfekter Tag.","In the afternoon, they visit a guesthouse and sip hot cocoa. It is a perfect day.","CC BY-NC 4.0"
"de-das-team-meeting-am-montag","s1","de","German","de-DE","A2","https://melolingua.com/learn-german/a2-stories/das-team-meeting-am-montag","Am Montagmorgen öffnet Nico das Video-Meeting mit einer ruhigen Begrüßung, die wie ein sanfter Morgenwind wirkt.","On Monday morning, Nico opens the video meeting with a calm greeting, like a gentle morning breeze.","CC BY-NC 4.0"
"de-das-team-meeting-am-montag","s2","de","German","de-DE","A2","https://melolingua.com/learn-german/a2-stories/das-team-meeting-am-montag","Seine Chefin möchte drei klare Punkte zu den Zahlen vom letzten Monat und eine präzise Liste der nächsten Schritte.","His boss wants three clear points on last month's figures and a precise list of next steps.","CC BY-NC 4.0"
"de-das-team-meeting-am-montag","s3","de","German","de-DE","A2","https://melolingua.com/learn-german/a2-stories/das-team-meeting-am-montag","Nico erklärt ohne Fachwortschwall, dass zwei Projekte schneller laufen als geplant und dass ein Projekt drei Tage länger braucht wegen eines Lieferproblems.","Without drowning in jargon, Nico explains that two projects are ahead of schedule, while one needs three extra days due to a delivery issue.","CC BY-NC 4.0"
"de-das-team-meeting-am-montag","s4","de","German","de-DE","A2","https://melolingua.com/learn-german/a2-stories/das-team-meeting-am-montag","Die Kollegen stellen wenige, aber präzise Fragen, vor allem zum Budget für neue Softwaretests.","Colleagues ask few but precise questions, mainly about the budget for new software tests.","CC BY-NC 4.0"
"de-das-team-meeting-am-montag","s5","de","German","de-DE","A2","https://melolingua.com/learn-german/a2-stories/das-team-meeting-am-montag","Kurz vor dem Ende legt das Team neue Termine für Mittwoch und Freitag fest, und alle notieren ihre Aufgaben im Chat.","Just before the end, the team sets new appointments for Wednesday and Friday, and everyone notes their tasks in the chat.","CC BY-NC 4.0"
"de-das-team-meeting-am-montag","s6","de","German","de-DE","A2","https://melolingua.com/learn-german/a2-stories/das-team-meeting-am-montag","Direkt nach dem Meeting schreibt Nico eine höfliche Mail mit Datum, Verantwortlichen und Deadline, die fast so kurz wie sein mündlicher Bericht ist.","Right after the meeting, Nico writes a polite email with dates, responsible parties, and deadlines, almost as brief as his verbal report.","CC BY-NC 4.0"
"de-der-baecker-an-der-ecke","s1","de","German","de-DE","A2","https://melolingua.com/learn-german/a2-stories/der-baecker-an-der-ecke","Tim steht nach der Arbeit vor der kleinen Bäckerei an der Ecke. Drinnen riecht es nach warmem Brot und süßem Zimt, ein Duft, der die Sinne weckt.","After work, Tim stands outside the quaint corner bakery. Inside, it smells of warm bread and sweet cinnamon, a scent that awakens the senses.","CC BY-NC 4.0"
"de-der-baecker-an-der-ecke","s2","de","German","de-DE","A2","https://melolingua.com/learn-german/a2-stories/der-baecker-an-der-ecke","Die Verkäuferin lächelt und fragt mit einem freundlichen „Guten Tag“, ob er wie immer zwei Brötchen möchte.","The assistant smiles and asks with a friendly ""Guten Tag"" if he wants his usual two rolls.","CC BY-NC 4.0"
"de-der-baecker-an-der-ecke","s3","de","German","de-DE","A2","https://melolingua.com/learn-german/a2-stories/der-baecker-an-der-ecke","Tim nickt, zeigt auf ein dunkles Roggenbrot und sagt langsam: „Noch ein halbes, bitte.“","Tim nods, points at a dark rye loaf, and slowly says, ""Another half loaf, please.""","CC BY-NC 4.0"
"de-der-baecker-an-der-ecke","s4","de","German","de-DE","A2","https://melolingua.com/learn-german/a2-stories/der-baecker-an-der-ecke","Er zahlt mit Karte und steckt die Tüte in seinen Rucksack.","He pays by card and puts the bag in his backpack.","CC BY-NC 4.0"
"de-der-baecker-an-der-ecke","s5","de","German","de-DE","A2","https://melolingua.com/learn-german/a2-stories/der-baecker-an-der-ecke","Vor der Tür riecht Tim noch einmal bewusst an der warmen Kruste.","Outside the door, Tim deliberately smells the warm crust once more.","CC BY-NC 4.0"
"de-der-baecker-an-der-ecke","s6","de","German","de-DE","A2","https://melolingua.com/learn-german/a2-stories/der-baecker-an-der-ecke","Die Verkäuferin winkt ihm zu und wünscht ihm einen schönen Abend.","The saleswoman waves to him and wishes him a pleasant evening.","CC BY-NC 4.0"
"de-der-baecker-an-der-ecke","s7","de","German","de-DE","A2","https://melolingua.com/learn-german/a2-stories/der-baecker-an-der-ecke","Draußen flattert eine Taube fast gegen seinen Schuh, aber er lacht leise und geht nach Hause, wo die Küche bald nach frischem Brot duftet.","Outside, a pigeon nearly flutters against his shoe, but he chuckles softly and heads home, where the kitchen soon smells of fresh bread.","CC BY-NC 4.0"
"de-die-neue-kollegin","s1","de","German","de-DE","A2","https://melolingua.com/learn-german/a2-stories/die-neue-kollegin","Mira begann am Montag ihre neue Arbeit in einer kleinen, lebhaften Designagentur.","Mira started her new job at a small, bustling design agency on Monday.","CC BY-NC 4.0"
"de-die-neue-kollegin","s2","de","German","de-DE","A2","https://melolingua.com/learn-german/a2-stories/die-neue-kollegin","Sie war nervös, weil sie niemanden kannte und die Luft nach frischem Kaffee roch.","She was nervous because she didn't know anyone, and the air smelled of fresh coffee.","CC BY-NC 4.0"
"de-die-neue-kollegin","s3","de","German","de-DE","A2","https://melolingua.com/learn-german/a2-stories/die-neue-kollegin","Ihr Schreibtisch stand neben dem Fenster, und auf dem Bildschirm lag ein Zettel: „Willkommen, Mira!“","Her desk was next to the window, and there was a note on the screen: ""Welcome, Mira!""","CC BY-NC 4.0"
"de-die-neue-kollegin","s4","de","German","de-DE","A2","https://melolingua.com/learn-german/a2-stories/die-neue-kollegin","Am Vormittag zeigte ihr Kollege Ben ihr das Büro, die Küche und den gemütlichen Besprechungsraum.","In the morning, her colleague Ben showed her the office, the kitchen, and the cozy meeting room.","CC BY-NC 4.0"
"de-die-neue-kollegin","s5","de","German","de-DE","A2","https://melolingua.com/learn-german/a2-stories/die-neue-kollegin","Danach stellte Ben ihr die anderen Kolleginnen und Kollegen vor.","Afterwards, Ben introduced her to the other colleagues.","CC BY-NC 4.0"
"de-die-neue-kollegin","s6","de","German","de-DE","A2","https://melolingua.com/learn-german/a2-stories/die-neue-kollegin","Dann bekam Mira ihre erste Aufgabe: Sie sollte Ideen für ein Plakat sammeln.","Then Mira received her first task: she was to gather ideas for a poster.","CC BY-NC 4.0"
"de-die-neue-kollegin","s7","de","German","de-DE","A2","https://melolingua.com/learn-german/a2-stories/die-neue-kollegin","Zuerst wusste sie nicht, was sie sagen sollte, während die Uhr leise tickte.","At first, she didn't know what to say as the clock ticked softly.","CC BY-NC 4.0"
"de-die-neue-kollegin","s8","de","German","de-DE","A2","https://melolingua.com/learn-german/a2-stories/die-neue-kollegin","Aber Ben fragte nach ihrer Meinung, und Mira erklärte eine einfache Idee mit hellen Farben.","But Ben asked for her opinion, and Mira explained a simple idea with bright colors.","CC BY-NC 4.0"
"de-die-neue-kollegin","s9","de","German","de-DE","A2","https://melolingua.com/learn-german/a2-stories/die-neue-kollegin","Das Team fand den Vorschlag gut und nickte zustimmend. Am Ende des Tages war Mira müde, aber stolz auf sich.","The team liked the suggestion and nodded in agreement. At the end of the day, Mira was tired but proud of herself.","CC BY-NC 4.0"
"de-die-neue-kollegin","s10","de","German","de-DE","A2","https://melolingua.com/learn-german/a2-stories/die-neue-kollegin","Sie hatte gelernt, dass ein neuer Anfang nicht perfekt sein muss, um gut zu werden.","She had learned that a new beginning doesn't have to be perfect to be good.","CC BY-NC 4.0"
"de-ein-wochenende-am-see","s1","de","German","de-DE","A2","https://melolingua.com/learn-german/a2-stories/ein-wochenende-am-see","Jonas fuhr am Freitagabend mit zwei Freunden an einen kleinen, versteckten See in Bayern.","On Friday evening, Jonas drove with two friends to a small, hidden lake in Bavaria.","CC BY-NC 4.0"
"de-ein-wochenende-am-see","s2","de","German","de-DE","A2","https://melolingua.com/learn-german/a2-stories/ein-wochenende-am-see","Sie wollten schwimmen, grillen und in einer einfachen, gemütlichen Hütte schlafen.","They wanted to swim, barbecue, and sleep in a simple, cozy cabin.","CC BY-NC 4.0"
"de-ein-wochenende-am-see","s3","de","German","de-DE","A2","https://melolingua.com/learn-german/a2-stories/ein-wochenende-am-see","Am Samstagmorgen war das Wetter zuerst wie aus einem Bilderbuch. Die Sonne schien hell, und das Wasser glitzerte ruhig.","On Saturday morning, the weather was picture-perfect at first. The sun shone brightly, and the water glittered calmly.","CC BY-NC 4.0"
"de-ein-wochenende-am-see","s4","de","German","de-DE","A2","https://melolingua.com/learn-german/a2-stories/ein-wochenende-am-see","Nach dem Frühstück gingen sie spazieren und sammelten Holz für das Lagerfeuer am Abend.","After breakfast, they went for a walk and collected wood for the campfire in the evening.","CC BY-NC 4.0"
"de-ein-wochenende-am-see","s5","de","German","de-DE","A2","https://melolingua.com/learn-german/a2-stories/ein-wochenende-am-see","Plötzlich wurde der Himmel dunkel, und ein starker Regen prasselte nieder.","Suddenly, the sky turned dark, and heavy rain poured down.","CC BY-NC 4.0"
"de-ein-wochenende-am-see","s6","de","German","de-DE","A2","https://melolingua.com/learn-german/a2-stories/ein-wochenende-am-see","Die Freunde liefen schnell zur Hütte zurück, um sich zu schützen.","The friends quickly ran back to the cabin for shelter.","CC BY-NC 4.0"
"de-ein-wochenende-am-see","s7","de","German","de-DE","A2","https://melolingua.com/learn-german/a2-stories/ein-wochenende-am-see","Drinnen kochten sie eine heiße Suppe, spielten Karten und erzählten sich Geschichten.","Inside, they cooked hot soup, played cards, and shared stories.","CC BY-NC 4.0"
"de-ein-wochenende-am-see","s8","de","German","de-DE","A2","https://melolingua.com/learn-german/a2-stories/ein-wochenende-am-see","Am Abend hörte der Regen auf, und die Luft war frisch.","In the evening, the rain stopped, and the air was fresh.","CC BY-NC 4.0"
"de-ein-wochenende-am-see","s9","de","German","de-DE","A2","https://melolingua.com/learn-german/a2-stories/ein-wochenende-am-see","Der See war still, und über dem Wasser lag ein geheimnisvoller Nebel.","The lake was quiet, and a mysterious fog lay over the water.","CC BY-NC 4.0"
"de-ein-wochenende-am-see","s10","de","German","de-DE","A2","https://melolingua.com/learn-german/a2-stories/ein-wochenende-am-see","Jonas dachte, dass das Wochenende anders war als geplant, aber vielleicht gerade deshalb besonders schön.","Jonas thought that the weekend was different from what they planned, but perhaps that made it especially beautiful.","CC BY-NC 4.0"
"de-morgens-in-der-baeckerei","s1","de","German","de-DE","A2","https://melolingua.com/learn-german/a2-stories/morgens-in-der-baeckerei","Jonas steht früh in der Bäckerei Schlange. Der Duft von Butter und warmem Korn füllt die Luft. Er bestellt zwei Brötchen mit Käse und einen Kaffee zum Mitnehmen.","Jonas stands in line early at the bakery. The scent of butter and warm grain fills the air. He orders two cheese rolls and a coffee to go.","CC BY-NC 4.0"
"de-morgens-in-der-baeckerei","s2","de","German","de-DE","A2","https://melolingua.com/learn-german/a2-stories/morgens-in-der-baeckerei","Er gibt der Verkäuferin einen wiederverwendbaren Becher.","He hands the saleswoman a reusable cup.","CC BY-NC 4.0"
"de-morgens-in-der-baeckerei","s3","de","German","de-DE","A2","https://melolingua.com/learn-german/a2-stories/morgens-in-der-baeckerei","Sie legt die Brötchen sorgfältig in eine Papiertüte und erklärt, dass das Roggenbrot in zehn Minuten frisch aus dem Ofen kommt.","She carefully places the rolls into a paper bag and explains that the rye bread will be fresh from the oven in ten minutes.","CC BY-NC 4.0"
"de-morgens-in-der-baeckerei","s4","de","German","de-DE","A2","https://melolingua.com/learn-german/a2-stories/morgens-in-der-baeckerei","Jonas entscheidet sich trotzdem für die schnelle Variante und bedankt sich mit einem klaren „vielen Dank“ am Ende.","Jonas opts for the quicker choice and thanks her with a clear ""vielen Dank"" at the end.","CC BY-NC 4.0"
"de-morgens-in-der-baeckerei","s5","de","German","de-DE","A2","https://melolingua.com/learn-german/a2-stories/morgens-in-der-baeckerei","Draußen trifft er eine Nachbarin, die dasselbe Roggenbrot abholen will. Sie lachen über ihre hungrigen Katzen zu Hause.","Outside, he meets a neighbor who wants to pick up the same rye bread. They laugh about their hungry cats at home.","CC BY-NC 4.0"
"de-morgens-in-der-baeckerei","s6","de","German","de-DE","A2","https://melolingua.com/learn-german/a2-stories/morgens-in-der-baeckerei","Jonas verabschiedet sich von der Nachbarin und geht mit seinem Frühstück zur Arbeit.","Jonas says goodbye to his neighbor and heads to work with his breakfast.","CC BY-NC 4.0"
"de-spaete-im-supermarkt","s1","de","German","de-DE","A2","https://melolingua.com/learn-german/a2-stories/spaete-im-supermarkt","Nach einem langen Bürotag betritt Lea gegen acht Uhr den Supermarkt um die Ecke, weil der Kühlschrank fast leer ist.","After a long day at the office, Lea steps into the corner supermarket around eight because the fridge is nearly empty.","CC BY-NC 4.0"
"de-spaete-im-supermarkt","s2","de","German","de-DE","A2","https://melolingua.com/learn-german/a2-stories/spaete-im-supermarkt","Sie braucht Milch, Joghurt und frisches Brot und möchte auch eine kleine Packung Tomaten für den Salat morgen finden.","She needs milk, yogurt, and fresh bread, and she also wants to find a small pack of tomatoes for tomorrow's salad.","CC BY-NC 4.0"
"de-spaete-im-supermarkt","s3","de","German","de-DE","A2","https://melolingua.com/learn-german/a2-stories/spaete-im-supermarkt","An der Kasse fragt sie höflich, ob sie die Pfandflasche zurückgeben kann, die sie in ihrer Tasche hat.","At the checkout, she politely asks if she can return the deposit bottle she has in her bag.","CC BY-NC 4.0"
"de-spaete-im-supermarkt","s4","de","German","de-DE","A2","https://melolingua.com/learn-german/a2-stories/spaete-im-supermarkt","Die Kassiererin erklärt mit einem freundlichen Lächeln, wie die Maschine den Pfandbon druckt.","The cashier explains with a friendly smile how the machine prints the deposit voucher.","CC BY-NC 4.0"
"de-spaete-im-supermarkt","s5","de","German","de-DE","A2","https://melolingua.com/learn-german/a2-stories/spaete-im-supermarkt","Draußen riecht es nach frischem Regen, und Lea nickt zufrieden, weil ihr Einkauf trotz des Stresses schnell erledigt ist.","Outside, it smells of fresh rain, and Lea nods contentedly because her shopping is done quickly despite the stress.","CC BY-NC 4.0"
"de-spaete-im-supermarkt","s6","de","German","de-DE","A2","https://melolingua.com/learn-german/a2-stories/spaete-im-supermarkt","Zu Hause räumt Lea die Lebensmittel in den Kühlschrank und bereitet den Salat für morgen vor.","At home, Lea puts the groceries in the fridge and prepares tomorrow's salad.","CC BY-NC 4.0"
"de-zugfahrt-nach-muenchen","s1","de","German","de-DE","A2","https://melolingua.com/learn-german/a2-stories/zugfahrt-nach-muenchen","Laura steht am Frankfurter Hauptbahnhof, ihr leichter Rucksack auf dem Rücken, und hält eine Reservierung für den ICE nach München in der Hand.","Laura stands at Frankfurt central, her light backpack on her shoulders, holding a reservation for the ICE to Munich.","CC BY-NC 4.0"
"de-zugfahrt-nach-muenchen","s2","de","German","de-DE","A2","https://melolingua.com/learn-german/a2-stories/zugfahrt-nach-muenchen","Eine plötzliche Durchsage ändert das Gleis, also eilt sie los und fragt einen Schaffner nach dem richtigen Wagen für Platz zwölf.","A sudden announcement changes the platform, so she hurries and asks a conductor about the right coach for seat twelve.","CC BY-NC 4.0"
"de-zugfahrt-nach-muenchen","s3","de","German","de-DE","A2","https://melolingua.com/learn-german/a2-stories/zugfahrt-nach-muenchen","Im Abteil duftet es nach frisch gebrühtem Kaffee; eine ältere Dame bietet ihr ein Stück Apfelkuchen an, aber Laura entscheidet sich später für ein Sandwich aus dem Bistro.","In the compartment, the aroma of freshly brewed coffee fills the air; an older lady offers her a slice of apple cake, but Laura opts for a bistro sandwich later.","CC BY-NC 4.0"
"de-zugfahrt-nach-muenchen","s4","de","German","de-DE","A2","https://melolingua.com/learn-german/a2-stories/zugfahrt-nach-muenchen","Zwischen weiten Feldern und dichten Wäldern murmelt sie neue Wörter wie „Ausgang“, „pünktlich“ und „Ausweis“, damit Deutsch nicht nur im Unterricht bleibt.","Between vast fields and dense forests, she murmurs new words like ""exit,"" ""punctual,"" and ""ID,"" so German doesn't stay just in class.","CC BY-NC 4.0"
"de-zugfahrt-nach-muenchen","s5","de","German","de-DE","A2","https://melolingua.com/learn-german/a2-stories/zugfahrt-nach-muenchen","Als der Zug in München einfährt, wagt sie es, ohne Englisch zu fragen: „Entschuldigung, wo ist hier der Ausgang zur U-Bahn?“","As the train pulls into Munich, she dares to ask without English: ""Excuse me, where is the subway exit?""","CC BY-NC 4.0"
"de-der-neue-mitbewohner","s1","de","German","de-DE","B1","https://melolingua.com/learn-german/b1-stories/der-neue-mitbewohner","Heute zieht ein neuer Mitbewohner in die Wohnung ein. Er heißt Tom und kommt aus dem lebhaften München.","Today a new roommate is moving into the apartment. His name is Tom and he hails from lively Munich.","CC BY-NC 4.0"
"de-der-neue-mitbewohner","s2","de","German","de-DE","B1","https://melolingua.com/learn-german/b1-stories/der-neue-mitbewohner","Tom hat zwei große Koffer und eine alte Gitarre dabei.","Tom has two large suitcases and an old guitar with him.","CC BY-NC 4.0"
"de-der-neue-mitbewohner","s3","de","German","de-DE","B1","https://melolingua.com/learn-german/b1-stories/der-neue-mitbewohner","„Hallo, ich bin Tom. Freut mich, euch kennenzulernen!“, sagt er mit einem breiten Lächeln.","""Hello, I'm Tom. Nice to meet you all!"" he says with a broad smile.","CC BY-NC 4.0"
"de-der-neue-mitbewohner","s4","de","German","de-DE","B1","https://melolingua.com/learn-german/b1-stories/der-neue-mitbewohner","„Hallo Tom, ich bin Sophie. Willkommen in unserem Zuhause!“, antwortet sie herzlich.","""Hello, Tom. I'm Sophie. Welcome to our home!"" she replies warmly.","CC BY-NC 4.0"
"de-der-neue-mitbewohner","s5","de","German","de-DE","B1","https://melolingua.com/learn-german/b1-stories/der-neue-mitbewohner","Sophie führt Tom durch die helle Wohnung. „Hier ist die Küche, das ist das Bad, und hier ist dein Zimmer.“","Sophie shows Tom around the bright apartment. ""Here is the kitchen, that's the bathroom, and here is your room.""","CC BY-NC 4.0"
"de-der-neue-mitbewohner","s6","de","German","de-DE","B1","https://melolingua.com/learn-german/b1-stories/der-neue-mitbewohner","Tom findet sein Zimmer gemütlich. Es hat ein großes Fenster mit Blick auf die Stadt und viel Licht.","Tom finds his room cozy. It has a large window overlooking the city and plenty of light.","CC BY-NC 4.0"
"de-der-neue-mitbewohner","s7","de","German","de-DE","B1","https://melolingua.com/learn-german/b1-stories/der-neue-mitbewohner","Beim Auspacken in seinem Zimmer zeigt Tom Sophie ein Foto von seiner Band in München.","While unpacking in his room, Tom shows Sophie a photo of his band in Munich.","CC BY-NC 4.0"
"de-der-neue-mitbewohner","s8","de","German","de-DE","B1","https://melolingua.com/learn-german/b1-stories/der-neue-mitbewohner","„Ich spiele gern Gitarre, aber natürlich nicht spät am Abend“, erklärt er.","""I like playing guitar, but of course not late in the evening,"" he explains.","CC BY-NC 4.0"
"de-der-neue-mitbewohner","s9","de","German","de-DE","B1","https://melolingua.com/learn-german/b1-stories/der-neue-mitbewohner","Sophie lacht. „Kein Problem. Unsere Nachbarn machen auch oft zusammen Musik.“","Sophie laughs. ""No problem. Our neighbors often make music together too.""","CC BY-NC 4.0"
"de-der-neue-mitbewohner","s10","de","German","de-DE","B1","https://melolingua.com/learn-german/b1-stories/der-neue-mitbewohner","Am Abend kochen sie zusammen eine leckere Pasta.","In the evening, they cook delicious pasta together.","CC BY-NC 4.0"
"de-der-neue-mitbewohner","s11","de","German","de-DE","B1","https://melolingua.com/learn-german/b1-stories/der-neue-mitbewohner","Tom schneidet die Tomaten, während Sophie die Soße zubereitet.","Tom cuts the tomatoes while Sophie prepares the sauce.","CC BY-NC 4.0"
"de-der-neue-mitbewohner","s12","de","German","de-DE","B1","https://melolingua.com/learn-german/b1-stories/der-neue-mitbewohner","Sie reden und lachen viel. Sophie denkt: Tom ist wirklich nett. Die Wohngemeinschaft wird bestimmt wunderbar.","They talk and laugh a lot. Sophie thinks Tom is really nice. The shared apartment will surely be wonderful.","CC BY-NC 4.0"
"de-die-wohnungssuche","s1","de","German","de-DE","B1","https://melolingua.com/learn-german/b1-stories/die-wohnungssuche","Seit Wochen sucht Lea eine neue Wohnung in München. Die Mieten sind hoch, und viele Wohnungen sind schon weg, bevor man sie überhaupt anschauen kann.","For weeks Lea has been looking for a new apartment in Munich. The rents are high, and many apartments are already gone before you can even view them.","CC BY-NC 4.0"
"de-die-wohnungssuche","s2","de","German","de-DE","B1","https://melolingua.com/learn-german/b1-stories/die-wohnungssuche","Dann endlich bekommt Lea eine Nachricht: eine Zweizimmerwohnung in Schwabing, Balkon, Altbau. Der Preis ist fast fair.","Then finally Lea gets a message: a two-room apartment in Schwabing, balcony, old building. The price is almost fair.","CC BY-NC 4.0"
"de-die-wohnungssuche","s3","de","German","de-DE","B1","https://melolingua.com/learn-german/b1-stories/die-wohnungssuche","Die Wohnung sieht auf den Fotos toll aus, und Lea freut sich richtig auf die Besichtigung. „Das könnte ja endlich was werden“, denkt sie.","The apartment looks great in the photos, and Lea is really looking forward to the viewing. ""This could finally be something,"" she thinks.","CC BY-NC 4.0"
"de-die-wohnungssuche","s4","de","German","de-DE","B1","https://melolingua.com/learn-german/b1-stories/die-wohnungssuche","Am Samstag steht Lea pünktlich vor dem Haus. Es ist ein wunderschöner Altbau mit hohen Fenstern und einem Vorgarten.","On Saturday Lea arrives punctually in front of the building. It's a beautiful old building with tall windows and a front garden.","CC BY-NC 4.0"
"de-die-wohnungssuche","s5","de","German","de-DE","B1","https://melolingua.com/learn-german/b1-stories/die-wohnungssuche","Der Vermieter öffnet die Tür — ein älterer Herr mit einer freundlichen Stimme. Doch hinter ihm steht noch jemand: die aktuelle Mieterin, Frau Berger.","The landlord opens the door — an older gentleman with a friendly voice. But behind him stands someone else: the current tenant, Mrs. Berger.","CC BY-NC 4.0"
"de-die-wohnungssuche","s6","de","German","de-DE","B1","https://melolingua.com/learn-german/b1-stories/die-wohnungssuche","Die Wohnung ist wirklich schön — hohe Decken, Parkettboden, ein helles Bad. Lea kann ihr Glück kaum fassen.","The apartment is really beautiful — high ceilings, parquet flooring, a bright bathroom. Lea can hardly believe her luck.","CC BY-NC 4.0"
"de-die-wohnungssuche","s7","de","German","de-DE","B1","https://melolingua.com/learn-german/b1-stories/die-wohnungssuche","Doch dann mischt sich Frau Berger ein. „Eigentlich möchte ich gar nicht ausziehen“, sagt sie leise. „Der Vermieter sagt, die Familie seines Sohnes braucht die Wohnung.“","But then Mrs. Berger steps in. ""Actually I don't want to move out at all,"" she says quietly. ""The landlord says his son's family needs the apartment.""","CC BY-NC 4.0"
"de-die-wohnungssuche","s8","de","German","de-DE","B1","https://melolingua.com/learn-german/b1-stories/die-wohnungssuche","Lea ist verwirrt. Sie fragt den Vermieter: „Wird Frau Berger gekündigt, oder zieht sie freiwillig aus?“ Der Vermieter räuspert sich.","Lea is confused. She asks the landlord: ""Is Mrs. Berger being evicted, or is she moving out voluntarily?"" The landlord clears his throat.","CC BY-NC 4.0"
"de-die-wohnungssuche","s9","de","German","de-DE","B1","https://melolingua.com/learn-german/b1-stories/die-wohnungssuche","„Also, Frau Berger hat einen befristeten Vertrag. Der läuft aus, und dann brauchen wir die Wohnung selbst. Das ist doch ganz normal.“","""Well, Mrs. Berger has a fixed-term contract. It's expiring, and then we need the apartment ourselves. That's quite normal.""","CC BY-NC 4.0"
"de-die-wohnungssuche","s10","de","German","de-DE","B1","https://melolingua.com/learn-german/b1-stories/die-wohnungssuche","Lea nickt, aber sie fühlt sich unwohl. Die Wohnung ist perfekt, doch die Situation mit Frau Berger stimmt sie nachdenklich. Was, wenn ihr das auch passiert?","Lea nods, but she feels uncomfortable. The apartment is perfect, yet the situation with Mrs. Berger makes her thoughtful. What if that happens to her too?","CC BY-NC 4.0"
"de-die-wohnungssuche","s11","de","German","de-DE","B1","https://melolingua.com/learn-german/b1-stories/die-wohnungssuche","Auf der Straße ruft Lea ihre Freundin an. „Die Wohnung ist toll, aber irgendwie läuft da was schief. Soll ich die trotzdem nehmen?“","On the street Lea calls her friend. ""The apartment is great, but somehow something's off there. Should I take it anyway?""","CC BY-NC 4.0"
"de-die-wohnungssuche","s12","de","German","de-DE","B1","https://melolingua.com/learn-german/b1-stories/die-wohnungssuche","Ihre Freundin überlegt kurz. „Wenn du ein schlechtes Gefühl hast, lass es lieber. In München kommt noch eine andere Wohnung — vielleicht sogar eine ohne Drama.“","Her friend thinks briefly. ""If you have a bad feeling, better leave it. In Munich another apartment will come — maybe even one without drama.""","CC BY-NC 4.0"
"de-ein-besuch-im-pergamonmuseum","s1","de","German","de-DE","B1","https://melolingua.com/learn-german/b1-stories/ein-besuch-im-pergamonmuseum","Felix betrat an einem düsteren Donnerstag das Pergamonmuseum, nicht weil TikTok es empfahl, sondern weil er Geschichte als lebendigen Raum erleben wollte, statt sie wie eine trockene Fußnote zu pauken.","Felix entered the Pergamon Museum on a gloomy Thursday, not because TikTok recommended it, but because he wanted to experience history as a living space rather than cramming it like a dry footnote.","CC BY-NC 4.0"
"de-ein-besuch-im-pergamonmuseum","s2","de","German","de-DE","B1","https://melolingua.com/learn-german/b1-stories/ein-besuch-im-pergamonmuseum","Vor dem imposanten Altar hörte er Stimmen, die wie ein Echo zwischen Erklärung und Bewunderung schwankten, und entschied sich, die zweisprachigen Texttafeln langsam zu studieren, anstatt mit dem Handy hektisch Fotos zu schießen.","In front of the imposing altar, he heard voices echoing between explanation and admiration, and decided to study the bilingual panels slowly instead of frantically snapping photos with his phone.","CC BY-NC 4.0"
"de-ein-besuch-im-pergamonmuseum","s3","de","German","de-DE","B1","https://melolingua.com/learn-german/b1-stories/ein-besuch-im-pergamonmuseum","In seinem Notizbuch vermischten sich präzise Daten mit Skizzen, denn er erkannte, dass Begriffe wie „Relief“ erst dann haften bleiben, wenn man ihre Tiefe mit den Augen nachzeichnet.","In his notebook, precise data mingled with sketches, as he realized that terms like ""relief"" only stick when you trace their depth with your eyes.","CC BY-NC 4.0"
"de-ein-besuch-im-pergamonmuseum","s4","de","German","de-DE","B1","https://melolingua.com/learn-german/b1-stories/ein-besuch-im-pergamonmuseum","Als eine Gruppe laut über Restitution stritt, zog er sich in einen ruhigeren Teil der Ausstellung zurück und lauschte, wie Schritte wie gedämpfte Metronome über den Stein hallten.","When a group loudly argued about restitution, he retreated to a quieter part of the exhibit and listened to footsteps echoing like muted metronomes over the stone.","CC BY-NC 4.0"
"de-ein-besuch-im-pergamonmuseum","s5","de","German","de-DE","B1","https://melolingua.com/learn-german/b1-stories/ein-besuch-im-pergamonmuseum","Felix verließ das Museum mit weniger Fotos, als er erwartet hatte, aber mit dem Gefühl, dass Geduld vor Kunst nicht altmodisch ist, sondern ehrlichen Respekt zeigt.","Felix left the museum with fewer photos than he had expected, but with the feeling that taking time with art is not old-fashioned; it shows genuine respect.","CC BY-NC 4.0"
"de-ein-besuch-im-pergamonmuseum","s6","de","German","de-DE","B1","https://melolingua.com/learn-german/b1-stories/ein-besuch-im-pergamonmuseum","Im Museumscafé ordnete er seine Notizen und schrieb drei Fragen auf, die er noch recherchieren wollte.","In the museum café, he organized his notes and wrote down three questions he still wanted to research.","CC BY-NC 4.0"
"de-ein-besuch-im-pergamonmuseum","s7","de","German","de-DE","B1","https://melolingua.com/learn-german/b1-stories/ein-besuch-im-pergamonmuseum","Auf dem Heimweg beschloss er, bald mit einer Freundin wiederzukommen und sich diesmal noch mehr Zeit zu nehmen.","On the way home, he decided to return soon with a friend and take even more time on his next visit.","CC BY-NC 4.0"
"de-im-biergarten","s1","de","German","de-DE","B1","https://melolingua.com/learn-german/b1-stories/im-biergarten","Es ist Freitagabend und Felix trifft seine Freunde im Biergarten. Die Luft ist warm und duftet nach frisch gebackenem Brot.","It's Friday evening, and Felix is meeting his friends at the beer garden. The air is warm and smells of freshly baked bread.","CC BY-NC 4.0"
"de-im-biergarten","s2","de","German","de-DE","B1","https://melolingua.com/learn-german/b1-stories/im-biergarten","Sie sitzen unter einem großen Kastanienbaum, der Schatten spendet. „Was möchtest du trinken?“, fragt Lisa mit einem Lächeln.","They sit under a large chestnut tree that provides shade. ""What would you like to drink?"" Lisa asks with a smile.","CC BY-NC 4.0"
"de-im-biergarten","s3","de","German","de-DE","B1","https://melolingua.com/learn-german/b1-stories/im-biergarten","„Ein helles Bier, bitte“, antwortet Felix fröhlich.","""A pale lager, please,"" Felix replies cheerfully.","CC BY-NC 4.0"
"de-im-biergarten","s4","de","German","de-DE","B1","https://melolingua.com/learn-german/b1-stories/im-biergarten","Die Kellnerin bringt das Bier und eine große, salzige Brezel.","The waitress brings the beer and a large, salty pretzel.","CC BY-NC 4.0"
"de-im-biergarten","s5","de","German","de-DE","B1","https://melolingua.com/learn-german/b1-stories/im-biergarten","Felix bestellt auch eine Portion Obatzda mit knusprigem Brot.","Felix also orders a portion of Obatzda with crusty bread.","CC BY-NC 4.0"
"de-im-biergarten","s6","de","German","de-DE","B1","https://melolingua.com/learn-german/b1-stories/im-biergarten","Die Freunde plaudern über ihre Woche und lachen viel.","The friends chat about their week and laugh a lot.","CC BY-NC 4.0"
"de-im-biergarten","s7","de","German","de-DE","B1","https://melolingua.com/learn-german/b1-stories/im-biergarten","Markus erzählt begeistert von seinem neuen Job.","Markus talks enthusiastically about his new job.","CC BY-NC 4.0"
"de-im-biergarten","s8","de","German","de-DE","B1","https://melolingua.com/learn-german/b1-stories/im-biergarten","Lisa zeigt bunte Fotos von ihrem Urlaub in Italien.","Lisa shows colorful photos from her vacation in Italy.","CC BY-NC 4.0"
"de-im-biergarten","s9","de","German","de-DE","B1","https://melolingua.com/learn-german/b1-stories/im-biergarten","Die Musik spielt leise im Hintergrund und schafft eine gemütliche Atmosphäre.","Music plays softly in the background and creates a cozy atmosphere.","CC BY-NC 4.0"
"de-im-biergarten","s10","de","German","de-DE","B1","https://melolingua.com/learn-german/b1-stories/im-biergarten","Die Sonne sinkt langsam hinter den Bäumen. „Das ist der beste Teil der Woche“, sagt Felix zufrieden.","The sun slowly sinks behind the trees. ""This is the best part of the week,"" Felix says contentedly.","CC BY-NC 4.0"
"de-im-biergarten","s11","de","German","de-DE","B1","https://melolingua.com/learn-german/b1-stories/im-biergarten","Alle lachen und genießen den Moment.","Everyone laughs and enjoys the moment.","CC BY-NC 4.0"
"de-im-biergarten","s12","de","German","de-DE","B1","https://melolingua.com/learn-german/b1-stories/im-biergarten","Sie bleiben, bis der Himmel dunkel wird und die Sterne leuchten.","They stay until the sky turns dark and the stars begin to shine.","CC BY-NC 4.0"
"de-lichtinstallation-im-museum","s1","de","German","de-DE","B1","https://melolingua.com/learn-german/b1-stories/lichtinstallation-im-museum","Am Freitagabend ist Simon ins städtische Museum geschlichen, weil seine Kollegen nicht aufhörten, von einer neuen Lichtinstallation zu schwärmen.","On Friday evening, Simon slipped into the city museum because his colleagues wouldn't stop raving about a new light installation.","CC BY-NC 4.0"
"de-lichtinstallation-im-museum","s2","de","German","de-DE","B1","https://melolingua.com/learn-german/b1-stories/lichtinstallation-im-museum","Er hat erfahren, dass Künstlerinnen und Kuratoren monatelang mit Projektoren experimentiert haben, bis die Schatten sanft und beruhigend wirkten.","He discovered that artists and curators had experimented with projectors for months until the shadows appeared gentle and soothing.","CC BY-NC 4.0"
"de-lichtinstallation-im-museum","s3","de","German","de-DE","B1","https://melolingua.com/learn-german/b1-stories/lichtinstallation-im-museum","In einer dunklen Halle saß er auf einer Bank und beobachtete, wie sich Figuren langsam aus dem Boden erhoben, als wären sie lebendig.","In a dim hall, he sat on a bench and watched figures slowly rise from the floor as if they were alive.","CC BY-NC 4.0"
"de-lichtinstallation-im-museum","s4","de","German","de-DE","B1","https://melolingua.com/learn-german/b1-stories/lichtinstallation-im-museum","Die Besucherin neben ihm flüsterte, dass solche Shows Emotionen wecken, ohne laut zu werden oder kitschig zu erscheinen.","The visitor beside him whispered that such shows evoke emotions without becoming loud or appearing kitschy.","CC BY-NC 4.0"
"de-lichtinstallation-im-museum","s5","de","German","de-DE","B1","https://melolingua.com/learn-german/b1-stories/lichtinstallation-im-museum","Nach einer Stunde trat er hinaus, das Summen der Klimaanlage noch in den Ohren, zufrieden und leicht benommen vom Spiel der Lichter und Schatten.","After an hour, he stepped outside, the hum of the air conditioning still in his ears, satisfied and slightly dazed by the play of light and shadow.","CC BY-NC 4.0"
"de-lichtinstallation-im-museum","s6","de","German","de-DE","B1","https://melolingua.com/learn-german/b1-stories/lichtinstallation-im-museum","Im Foyer entdeckte Simon Skizzen, die zeigten, wie die Installation Schritt für Schritt entstanden war.","In the foyer, Simon discovered sketches showing how the installation had been created step by step.","CC BY-NC 4.0"
"de-lichtinstallation-im-museum","s7","de","German","de-DE","B1","https://melolingua.com/learn-german/b1-stories/lichtinstallation-im-museum","Er sprach kurz mit der Besucherin und erfuhr, dass sie die Ausstellung schon zum zweiten Mal sah.","He spoke briefly with the visitor and learned that she was seeing the exhibition for the second time.","CC BY-NC 4.0"
"de-lichtinstallation-im-museum","s8","de","German","de-DE","B1","https://melolingua.com/learn-german/b1-stories/lichtinstallation-im-museum","Auf dem Heimweg dachte Simon noch lange über das Licht nach und beschloss, am Wochenende mit seiner Schwester wiederzukommen.","On the way home, Simon kept thinking about the light and decided to return with his sister at the weekend.","CC BY-NC 4.0"
"de-roadmap-im-team-meeting","s1","de","German","de-DE","B1","https://melolingua.com/learn-german/b1-stories/roadmap-im-team-meeting","Im wöchentlichen Statusmeeting, während der Regen sanft gegen die Fenster prasselt, erklärt Daniela, dass das neue Feature zwar fertig aussieht, aber noch lästige Bugs im Reporting enthält.","During the weekly status meeting, as rain softly taps against the windows, Daniela explains the new feature looks complete but still harbors pesky reporting bugs.","CC BY-NC 4.0"
"de-roadmap-im-team-meeting","s2","de","German","de-DE","B1","https://melolingua.com/learn-german/b1-stories/roadmap-im-team-meeting","Sie schlägt vor, dass das Team zwei Sessions für manuelle Tests einplant, bevor etwas live geschaltet wird, um Überraschungen zu vermeiden.","She suggests the team schedules two manual test sessions before anything goes live to avoid surprises.","CC BY-NC 4.0"
"de-roadmap-im-team-meeting","s3","de","German","de-DE","B1","https://melolingua.com/learn-german/b1-stories/roadmap-im-team-meeting","Ihr Kollege, mit einem entschlossenen Blick, meint, er könnte die schwersten Fälle übernehmen, weil er bereits letzte Woche ähnliche Fehler gelöst hat.","Her colleague, with a determined look, says he could tackle the toughest cases since he already fixed similar errors last week.","CC BY-NC 4.0"
"de-roadmap-im-team-meeting","s4","de","German","de-DE","B1","https://melolingua.com/learn-german/b1-stories/roadmap-im-team-meeting","Die Projektleiterin betont, dass jede Verzögerung transparent kommuniziert werden muss, damit die Vertriebsexpertinnen Kunden richtig informieren können.","The project lead emphasizes that any delay must be communicated transparently so the sales specialists can accurately inform customers.","CC BY-NC 4.0"
"de-roadmap-im-team-meeting","s5","de","German","de-DE","B1","https://melolingua.com/learn-german/b1-stories/roadmap-im-team-meeting","Am Ende verteilen sie Aufgaben im Taskboard-Tool, und Daniela schickt eine kurze E-Mail mit Deadlines, die exakt den Beschlüssen entspricht.","They distribute tasks in the taskboard tool, and Daniela sends a brief email with deadlines that precisely match the decisions.","CC BY-NC 4.0"
"de-roadmap-im-team-meeting","s6","de","German","de-DE","B1","https://melolingua.com/learn-german/b1-stories/roadmap-im-team-meeting","Gemeinsam entscheidet das Team, den geplanten Start um drei Tage zu verschieben und zuerst die kritischen Fehler zu beheben.","Together, the team decides to postpone the planned launch by three days and fix the critical bugs first.","CC BY-NC 4.0"
"de-roadmap-im-team-meeting","s7","de","German","de-DE","B1","https://melolingua.com/learn-german/b1-stories/roadmap-im-team-meeting","Daniela übernimmt die Tests für das Reporting, während ihr Kollege die schwierigsten Fehler untersucht.","Daniela takes responsibility for the reporting tests while her colleague investigates the most difficult bugs.","CC BY-NC 4.0"
"de-roadmap-im-team-meeting","s8","de","German","de-DE","B1","https://melolingua.com/learn-german/b1-stories/roadmap-im-team-meeting","Am Freitag sind alle Tests erfolgreich, und der Vertrieb kann die Kunden rechtzeitig über den neuen Termin informieren.","On Friday, all the tests pass, and Sales can inform the customers about the new date in good time.","CC BY-NC 4.0"
"de-das-abendessen-mit-freunden","s1","de","German","de-DE","B2","https://melolingua.com/learn-german/b2-stories/das-abendessen-mit-freunden","Das Abendessen beginnt freundlich. In Marias Altbauwohnung in Berlin-Prenzlauer Berg sitzen vier alte Freunde um einen Tisch, der unter Schüsseln mit Linseneintopf, geröstetem Kürbis und einem duftenden Sauerteigbrot kaum Platz lässt. Die Kerzen flackern, Rotwein glänzt in den Gläsern, und zunächst scheint alles wie immer.","The dinner begins amiably. In Maria's pre-war apartment in Berlin-Prenzlauer Berg, four old friends sit around a table that barely has room under bowls of lentil stew, roasted pumpkin, and a fragrant sourdough bread. The candles flicker, red wine gleams in the glasses, and at first everything seems as always.","CC BY-NC 4.0"
"de-das-abendessen-mit-freunden","s2","de","German","de-DE","B2","https://melolingua.com/learn-german/b2-stories/das-abendessen-mit-freunden","Doch dann, während des zweiten Gangs — einem Kichererbsen-Curry mit Kokosmilch — sagt Thomas, der seit einem Jahr in Frankfurt arbeitet und den die anderen selten sehen, beiläufig: „Also, ich muss ja sagen, dieses ganze vegane Zeug — ich finde, es hat was Zwanghaftes.“","But then, during the second course — a chickpea curry with coconut milk — Thomas, who has been working in Frankfurt for a year and whom the others rarely see, says casually: ""Well, I have to say, this whole vegan thing — I find it has something compulsive about it.""","CC BY-NC 4.0"
"de-das-abendessen-mit-freunden","s3","de","German","de-DE","B2","https://melolingua.com/learn-german/b2-stories/das-abendessen-mit-freunden","Es ist still für einen Moment. Maria, die den Abend sorgfältig geplant und ausschließlich vegane Gerichte zubereitet hat — nicht aus Mission, sondern weil sie selbst seit zwei Jahren vegan lebt —, lässt die Gabel sinken. „Zwanghaft?“, wiederholt sie. Ihre Stimme ist ruhig, aber ihre Kiefermuskulatur spannt sich an.","It is quiet for a moment. Maria, who carefully planned the evening and prepared exclusively vegan dishes — not out of mission, but because she herself has been living vegan for two years — lowers her fork. ""Compulsive?"" she repeats. Her voice is calm, but her jaw muscle tenses.","CC BY-NC 4.0"
"de-das-abendessen-mit-freunden","s4","de","German","de-DE","B2","https://melolingua.com/learn-german/b2-stories/das-abendessen-mit-freunden","„Ach komm, das war nicht böse gemeint“, lenkt Thomas ein, aber der Schaden ist angerichtet. Anna, die bisher geschwiegen hat, legt ihr Messer zur Seite. „Doch, Thomas, erklär mal. Was genau ist zwanghaft daran, keine Tiere essen zu wollen?","""Oh come on, that wasn't meant badly,"" Thomas backtracks, but the damage is done. Anna, who had been silent until now, puts her knife aside. ""Yes, Thomas, explain. What exactly is compulsive about not wanting to eat animals?""","CC BY-NC 4.0"
"de-das-abendessen-mit-freunden","s5","de","German","de-DE","B2","https://melolingua.com/learn-german/b2-stories/das-abendessen-mit-freunden","Thomas seufzt. „Ich will doch nur sagen, dass Essen auch Genuss sein darf, ohne dass man ständig eine moralische Keule schwingt. Als ob jeder Bissen eine politische Entscheidung wäre. Früher haben wir einfach gegessen, worauf wir Lust hatten, und niemand hat sich rechtfertigen müssen.“","Thomas sighs. ""I'm just trying to say that eating can also be about enjoyment without constantly wielding a moral club. As if every bite were a political decision. We used to just eat whatever we felt like, and nobody had to justify themselves.""","CC BY-NC 4.0"
"de-das-abendessen-mit-freunden","s6","de","German","de-DE","B2","https://melolingua.com/learn-german/b2-stories/das-abendessen-mit-freunden","„Früher“, sagt Maria leise. „Früher haben wir auch geraucht, ohne nachzudenken. Früher ist man Auto gefahren, ohne Gurt. Früher hat man seine Plastiktüten in den Wald geworfen. Das ist kein Argument, Thomas.“","""Back then,"" Maria says quietly. ""Back then we also smoked without thinking. Back then people drove without seatbelts. Back then people threw their plastic bags into the forest. That's not an argument, Thomas.""","CC BY-NC 4.0"
"de-das-abendessen-mit-freunden","s7","de","German","de-DE","B2","https://melolingua.com/learn-german/b2-stories/das-abendessen-mit-freunden","Felix, der vierte am Tisch und der einzige, der bisher versucht hat, die Stimmung mit harmlosen Kommentaren über das Wetter und den Wein zu retten, räuspert sich. „Vielleicht sollten wir einfach essen, solange es noch warm ist? Das Curry ist wirklich ausgezeichnet, Maria.“","Felix, the fourth at the table and the only one who has tried so far to save the mood with harmless comments about the weather and the wine, clears his throat. ""Maybe we should just eat while it's still warm? The curry is really excellent, Maria.""","CC BY-NC 4.0"
"de-das-abendessen-mit-freunden","s8","de","German","de-DE","B2","https://melolingua.com/learn-german/b2-stories/das-abendessen-mit-freunden","Aber Thomas ist noch nicht fertig. „Es geht mir nicht ums Rauchen oder um Müll. Es geht mir darum, dass wir uns früher einfach verstanden haben. Und jetzt muss ich bei jedem Treffen aufpassen, was ich sage, weil irgendjemand sich angegriffen fühlt. Das ist doch keine Freundschaft mehr, das ist ein Minenfeld.“","But Thomas isn't finished. ""It's not about smoking or trash. It's about the fact that we used to just understand each other. And now I have to watch what I say at every meeting because someone feels attacked. That's not a friendship anymore, it's a minefield.""","CC BY-NC 4.0"
"de-das-abendessen-mit-freunden","s9","de","German","de-DE","B2","https://melolingua.com/learn-german/b2-stories/das-abendessen-mit-freunden","Maria atmet tief ein. „Eine Freundschaft, in der man nicht wächst, ist auch keine Freundschaft. Ich bin nicht mehr dieselbe Person wie mit zwanzig. Du auch nicht. Die Frage ist, ob wir uns trotzdem noch mögen — oder ob wir nur noch die Versionen von uns mögen, die es nicht mehr gibt.“","Maria takes a deep breath. ""A friendship in which you don't grow is also not a friendship. I'm not the same person I was at twenty. Neither are you. The question is whether we still like each other anyway — or whether we only like the versions of ourselves that no longer exist.""","CC BY-NC 4.0"
"de-das-abendessen-mit-freunden","s10","de","German","de-DE","B2","https://melolingua.com/learn-german/b2-stories/das-abendessen-mit-freunden","Langes Schweigen. Felix schaut auf sein Handy. Anna starrt in ihr Glas. Thomas spielt mit seiner Serviette. Schließlich sagt er: „Du hast recht. Tut mir leid, Maria. Das war daneben von mir. Das Essen ist fantastisch. Wirklich. Ich bin nur — ich weiß auch nicht — manchmal überfordert mit allem, was sich verändert.“","Long silence. Felix looks at his phone. Anna stares into her glass. Thomas fiddles with his napkin. Finally he says: ""You're right. I'm sorry, Maria. That was out of line. The food is fantastic. Really. I'm just — I don't know either — sometimes overwhelmed by everything that's changing.""","CC BY-NC 4.0"
"de-das-abendessen-mit-freunden","s11","de","German","de-DE","B2","https://melolingua.com/learn-german/b2-stories/das-abendessen-mit-freunden","Maria nickt langsam. Sie steht auf, holt eine zweite Flasche Rotwein aus der Küche und schenkt nach. Keiner spricht über Veganismus oder Moral. Sie reden über Felix' neuen Job, über Annas Reise nach Japan, über Thomas' Hund, der süß, aber völlig erzogen ist.","Maria nods slowly. She gets up, fetches a second bottle of red wine from the kitchen, and pours refills. Nobody speaks about veganism or morality. They talk about Felix's new job, about Anna's trip to Japan, about Thomas's dog — cute but completely untrained.","CC BY-NC 4.0"
"de-das-abendessen-mit-freunden","s12","de","German","de-DE","B2","https://melolingua.com/learn-german/b2-stories/das-abendessen-mit-freunden","Als der Nachtisch serviert wird — ein veganes Schokoladenmousse mit Avocado und Datteln —, macht Thomas einen Scherz: „Also wenn das hier zwanghaft ist, dann bin ich gerne zwanghaft.“ Alle lachen. Es ist nicht das gleiche Lachen wie früher, aber es ist ein Anfang.","When dessert is served — a vegan chocolate mousse with avocado and dates — Thomas makes a joke: ""Well if this is compulsive, then I'm happy to be compulsive."" Everyone laughs. It's not the same laughter as before, but it's a beginning.","CC BY-NC 4.0"
"de-das-dorf-im-schwarzwald","s1","de","German","de-DE","B2","https://melolingua.com/learn-german/b2-stories/das-dorf-im-schwarzwald","Tief im Schwarzwald, dort wo die Tannen so dicht stehen, dass selbst im Hochsommer nur halbes Licht den Boden erreicht, liegt ein Dorf, das die Zeit vergessen zu haben schien. Die Häuser waren aus dunklem Holz, die Fensterläden blau gestrichen, und einmal im Jahr feierten die Bewohner das „Fest der stillen Lichter.“","Deep in the Black Forest, where the firs stand so dense that even in high summer only half-light reaches the ground, lies a village that seemed to have forgotten time. The houses were made of dark wood, the shutters painted blue, and once a year the inhabitants celebrated the ""Festival of Silent Lights.""","CC BY-NC 4.0"
"de-das-dorf-im-schwarzwald","s2","de","German","de-DE","B2","https://melolingua.com/learn-german/b2-stories/das-dorf-im-schwarzwald","Dr. Albrecht, ein Historiker aus Freiburg, war auf das Fest gestoßen, als er in den Kirchenbüchern der Region forschte. Das Datum war ungewöhnlich — der 17. November, kein Heiligenfest, kein traditioneller Feiertag. Also war er angereist, um dem Geheimnis auf den Grund zu gehen.","Dr. Albrecht, a historian from Freiburg, had come across the festival while researching the region's church records. The date was unusual — November 17, no saint's day, no traditional holiday. So he had traveled there to get to the bottom of the mystery.","CC BY-NC 4.0"
"de-das-dorf-im-schwarzwald","s3","de","German","de-DE","B2","https://melolingua.com/learn-german/b2-stories/das-dorf-im-schwarzwald","Im Dorfgasthof „Zum wilden Eber“ traf er die älteste Bewohnerin des Ortes: Frau Mösle, eine Frau von über neunzig Jahren, die jeden Abend am selben Tisch saß und den jungen Gästen zusah. Dr. Albrecht setzte sich zu ihr und bestellte zwei Gläser Kirschwasser.","In the village inn ""Zum wilden Eber"" he met the oldest inhabitant of the village: Mrs. Mösle, a woman over ninety who sat at the same table every evening and watched the young guests. Dr. Albrecht sat down with her and ordered two glasses of kirsch.","CC BY-NC 4.0"
"de-das-dorf-im-schwarzwald","s4","de","German","de-DE","B2","https://melolingua.com/learn-german/b2-stories/das-dorf-im-schwarzwald","„Sie wollen also wissen, warum wir Lichter anzünden“, sagte Frau Mösle, ohne ihn anzusehen. „Die Leute erzählen sich, es sei ein Erntedankfest. Aber das ist nur die halbe Wahrheit, nicht wahr?“ Dr. Albrecht schwieg und wartete.","""So you want to know why we light the candles,"" said Mrs. Mösle without looking at him. ""People tell each other it's a harvest festival. But that's only half the truth, isn't it?"" Dr. Albrecht was silent and waited.","CC BY-NC 4.0"
"de-das-dorf-im-schwarzwald","s5","de","German","de-DE","B2","https://melolingua.com/learn-german/b2-stories/das-dorf-im-schwarzwald","Sie trank einen Schluck Kirschwasser und begann zu erzählen. „Vor zweihundert Jahren, im kalten November, geschah etwas, worüber man nicht spricht. Eine Lawine verschüttete damals den alten Weg durchs Tal — nicht durch Schnee, sondern durch Steine. Ein ganzer Hof stürzte ein. Sieben Menschen starben. Aber der Bürgermeister damals — er hieß Mösle, wie ich — verbot, darüber zu reden. Er fürchtete, die Leute würden das Dorf verlassen.","She took a sip of kirsch and began to tell. ""Two hundred years ago, in the cold November, something happened that people don't talk about. An avalanche back then buried the old path through the valley — not by snow, but by rocks. An entire farm collapsed. Seven people died. But the mayor back then — his name was Mösle, like mine — forbade talking about it. He feared people would leave the village.""","CC BY-NC 4.0"
"de-das-dorf-im-schwarzwald","s6","de","German","de-DE","B2","https://melolingua.com/learn-german/b2-stories/das-dorf-im-schwarzwald","Frau Mösle machte eine Pause. „Also erfand er das Fest. Lichter anzünden, um die Seelen zu trösten, sagte er. Aber wirklich — das Fest wurde eingeführt, damit niemand fragt, warum der Weg gesperrt und der Hof verschwunden war.“","Mrs. Mösle paused. ""So he invented the festival. Light candles to comfort the souls, he said. But really — the festival was introduced so that no one would ask why the path was blocked and the farm had disappeared.""","CC BY-NC 4.0"
"de-das-dorf-im-schwarzwald","s7","de","German","de-DE","B2","https://melolingua.com/learn-german/b2-stories/das-dorf-im-schwarzwald","Dr. Albrecht war fassungslos. Das Fest, das inzwischen Touristen aus ganz Deutschland anzog, war eine Verschleierungstaktik? Eine Erfindung, um eine Katastrophe zu vertuschen? „Weiß das sonst jemand?“, fragte er leise.","Dr. Albrecht was stunned. The festival, which now attracted tourists from all over Germany, was a cover-up tactic? An invention to conceal a catastrophe? ""Does anyone else know?"" he asked quietly.","CC BY-NC 4.0"
"de-das-dorf-im-schwarzwald","s8","de","German","de-DE","B2","https://melolingua.com/learn-german/b2-stories/das-dorf-im-schwarzwald","„Mein Großvater hat es mir erzählt, und ich hab's niemandem weitergegeben. Aber jetzt bin ich die Letzte. Wenn ich sterbe, stirbt die Wahrheit mit mir. Oder Sie erzählen sie weiter. Aber bedenken Sie: Wenn die Leute erfahren, dass ihr schönes Fest eine Lüge ist, wird das Dorf zerbrechen.“","""My grandfather told me, and I haven't passed it on to anyone. But now I'm the last one. When I die, the truth dies with me. Or you tell it further. But consider: if the people learn that their beautiful festival is a lie, the village will break apart.""","CC BY-NC 4.0"
"de-das-dorf-im-schwarzwald","s9","de","German","de-DE","B2","https://melolingua.com/learn-german/b2-stories/das-dorf-im-schwarzwald","Dr. Albrecht verbrachte die Nacht in seiner kleinen Pension und konnte nicht schlafen. Er sah die Fotos des Fests im Internet: glückliche Gesichter, bunte Lampions, Kinder mit Laternen. Eine ganze Region identifizierte sich mit diesem Fest. Würde die Wahrheit etwas verbessern? Oder würde sie nur zerstören, was funktionierte?","Dr. Albrecht spent the night in his small guesthouse and couldn't sleep. He saw the festival photos online: happy faces, colorful lanterns, children with paper lanterns. An entire region identified with this festival. Would the truth improve anything? Or would it only destroy what was working?","CC BY-NC 4.0"
"de-das-dorf-im-schwarzwald","s10","de","German","de-DE","B2","https://melolingua.com/learn-german/b2-stories/das-dorf-im-schwarzwald","Am nächsten Morgen ging er zum alten Friedhof hinter der Kirche. Er fand die Gräber der sieben Verstorbenen — fast unsichtbar unter Moos und Farn. Sie waren am Rand begraben, weit weg von den anderen Toten, als wollte man auch im Tod noch Abstand wahren.","The next morning he went to the old cemetery behind the church. He found the graves of the seven deceased — almost invisible under moss and fern. They were buried at the edge, far from the other dead, as if they wanted to keep distance even in death.","CC BY-NC 4.0"
"de-das-dorf-im-schwarzwald","s11","de","German","de-DE","B2","https://melolingua.com/learn-german/b2-stories/das-dorf-im-schwarzwald","Er setzte sich auf eine Bank und schrieb einen langen Brief an sich selbst. Dann zerriss er ihn wieder. Als er schließlich abreiste, versprach er Frau Mösle: „Ich werde schweigen. Nicht, weil die Wahrheit nicht wichtig ist. Sondern weil das Fest den Lebenden gehört. Die Toten brauchen keine Lichter mehr. Aber die Lebenden brauchen etwas, an das sie glauben können.“","He sat down on a bench and wrote a long letter to himself. Then he tore it up again. When he finally left, he promised Mrs. Mösle: ""I will remain silent. Not because the truth isn't important. But because the festival belongs to the living. The dead no longer need lights. But the living need something to believe in.""","CC BY-NC 4.0"
"de-das-dorf-im-schwarzwald","s12","de","German","de-DE","B2","https://melolingua.com/learn-german/b2-stories/das-dorf-im-schwarzwald","Frau Mösle nickte. Sie wusste, dass er das Richtige getan hatte — oder zumindest das menschlichste. Als Dr. Albrecht durch die dunklen Wälder zurück nach Freiburg fuhr, sah er im Rückspiegel die ersten Lichter des Fests, die im Tal zu flackern begannen. Es sah aus, als ob die Tannen selbst leuchteten.","Mrs. Mösle nodded. She knew he had done the right thing — or at least the most humane thing. As Dr. Albrecht drove through the dark forests back to Freiburg, he saw in the rearview mirror the first lights of the festival beginning to flicker in the valley. It looked as if the firs themselves were glowing.","CC BY-NC 4.0"
"de-der-kunstmarkt","s1","de","German","de-DE","B2","https://melolingua.com/learn-german/b2-stories/der-kunstmarkt","Der Berliner Kunstmarkt im September war ein Meer aus Farben, Stimmen und grellem Licht. Zwischen weißen Messeständen drängten sich Sammler, Kuratoren und Touristen, die nach dem nächsten großen Ding suchten. In Halle drei, zwischen einer Videoprojektion und einer riesigen Keramikskulptur, hing die erste Einzelausstellung von Nora Kessler.","The Berlin art market in September was a sea of colors, voices, and harsh light. Between white fair booths crowded collectors, curators, and tourists looking for the next big thing. In hall three, between a video projection and a giant ceramic sculpture, hung the first solo exhibition of Nora Kessler.","CC BY-NC 4.0"
"de-der-kunstmarkt","s2","de","German","de-DE","B2","https://melolingua.com/learn-german/b2-stories/der-kunstmarkt","Noras Bilder waren eine Woche vor der Messe auf Instagram viral gegangen. Ihre Motive: Alltagsgegenstände — ein verregneter Bushaltestellenhäuschen, ein verlassenes Einkaufsband, eine zerbrochene Tasse — in Öl gemalt mit einer solchen Präzision, dass man die Feuchtigkeit auf dem Asphalt zu spüren glaubte.","Nora's pictures had gone viral on Instagram a week before the fair. Her subjects: everyday objects — a rainy bus shelter, an abandoned conveyor belt, a broken cup — painted in oil with such precision that you could feel the moisture on the asphalt.","CC BY-NC 4.0"
"de-der-kunstmarkt","s3","de","German","de-DE","B2","https://melolingua.com/learn-german/b2-stories/der-kunstmarkt","Der Galerist, ein Mann Anfang sechzig mit einer hornbrille und einem schwarzen Rollkragenpullover, stand neben ihrem Stand und beobachtete das Publikum. Die Leute blieben stehen. Sie machten Fotos. Sie diskutierten. Das gefiel ihm, aber etwas an den Bildern machte ihn unruhig.","The gallery owner, a man in his early sixties with horn-rimmed glasses and a black turtleneck, stood next to her booth and watched the audience. People stopped. They took photos. They discussed. He liked that, but something about the paintings made him uneasy.","CC BY-NC 4.0"
"de-der-kunstmarkt","s4","de","German","de-DE","B2","https://melolingua.com/learn-german/b2-stories/der-kunstmarkt","Nora kam auf ihn zu. Sie war Mitte zwanzig, trug eine weite Leinenhose und einen Blick, der zwischen Stolz und Verunsicherung schwankte. „Was sagen Sie?“, fragte sie. „Verkauft sich gut, oder?“","Nora approached him. She was in her mid-twenties, wore loose linen pants, and had a look that wavered between pride and uncertainty. ""What do you say?"" she asked. ""Selling well, right?""","CC BY-NC 4.0"
"de-der-kunstmarkt","s5","de","German","de-DE","B2","https://melolingua.com/learn-german/b2-stories/der-kunstmarkt","Der Galerist nickte langsam. „Ja, es verkauft sich. Die Frage ist nur: Was verkaufen wir hier eigentlich? Kunst oder ein Algorithmus-Ergebnis?“ Nora runzelte die Stirn. „Was meinen Sie damit? Ich male das. Mit der Hand. Seit Monaten.“","The gallery owner nodded slowly. ""Yes, it's selling. The only question is: what are we actually selling here? Art or an algorithm result?"" Nora frowned. ""What do you mean by that? I paint it. By hand. For months.""","CC BY-NC 4.0"
"de-der-kunstmarkt","s6","de","German","de-DE","B2","https://melolingua.com/learn-german/b2-stories/der-kunstmarkt","„Ich weiß“, sagte er ruhig. „Aber die Leute kaufen das Bild, weil sie es auf Instagram gesehen haben, nicht weil sie es verstehen. Der Markt entscheidet über den Wert, nicht der Inhalt. Das ist ein Unterschied. Und zwar ein fundamentaler.“","""I know,"" he said calmly. ""But people buy the painting because they saw it on Instagram, not because they understand it. The market decides the value, not the content. That's a difference. A fundamental one.""","CC BY-NC 4.0"
"de-der-kunstmarkt","s7","de","German","de-DE","B2","https://melolingua.com/learn-german/b2-stories/der-kunstmarkt","Nora schwieg. Sie wusste, dass er nicht unrecht hatte. Die ersten fünf Bilder waren innerhalb von Stunden verkauft worden — an Menschen, die sie nie getroffen hatte, die ihre vorherigen Arbeiten nicht kannten. „Aber wo bleibt die Originalität?“, fuhr der Galerist fort. „Wenn der Markt bestimmt, was gut ist, wer bestimmt dann, was echt ist?“","Nora was silent. She knew he wasn't wrong. The first five paintings had sold within hours — to people she had never met, who didn't know her previous work. ""But where does originality remain?"" the gallery owner continued. ""If the market decides what is good, then who decides what is real?""","CC BY-NC 4.0"
"de-der-kunstmarkt","s8","de","German","de-DE","B2","https://melolingua.com/learn-german/b2-stories/der-kunstmarkt","Draußen begann es zu regnen. Das Licht in der Halle veränderte sich, wurde weicher. Nora sah auf ihre Hände — Farbreste unter den Fingernägeln. Sie hatte jedes dieser Bilder in einem kleinen Atelier in Neukölln gemalt, bei offenem Fenster, während draußen die S-Bahn vorbeifuhr.","Outside it started to rain. The light in the hall changed, grew softer. Nora looked at her hands — paint residue under her fingernails. She had painted each of these pictures in a small studio in Neukölln, with the window open, while the S-Bahn passed by outside.","CC BY-NC 4.0"
"de-der-kunstmarkt","s9","de","German","de-DE","B2","https://melolingua.com/learn-german/b2-stories/der-kunstmarkt","„Weißt du, was der Unterschied zwischen dir und einem KI-Bildgenerator ist?“, fragte der Galerist leise. Nora sah auf. „Dass ich lebe“, sagte sie. Er lächelte. „Das allein reicht nicht. Der Unterschied ist, dass du eine Haltung hast. Dass du Entscheidungen triffst, die kein Algorithmus nachvollziehen kann. Aber die Frage ist: Zeigst du diese Haltung in deinen Bildern? Oder zeigst du nur, was gut ankommt?“","""Do you know what the difference between you and an AI image generator is?"" the gallery owner asked quietly. Nora looked up. ""That I'm alive,"" she said. He smiled. ""That alone isn't enough. The difference is that you have an attitude. That you make decisions no algorithm can replicate. But the question is: do you show this attitude in your pictures? Or do you only show what goes over well?""","CC BY-NC 4.0"
"de-der-kunstmarkt","s10","de","German","de-DE","B2","https://melolingua.com/learn-german/b2-stories/der-kunstmarkt","Nora atmete tief ein. Sie dachte an die verlassenen Bushaltestellen, an die zerbrochene Tasse in ihrer Küche, an die Nacht, in der sie das Bild gemalt hatte, weil sie nicht schlafen konnte. „Ich male das, was ich sehe“, sagte sie. „Und ich male es so, wie ich es fühle. Wenn das gut ankommt, ist das doch nicht mein Problem.“","Nora took a deep breath. She thought of the abandoned bus stops, of the broken cup in her kitchen, of the night she had painted the picture because she couldn't sleep. ""I paint what I see,"" she said. ""And I paint it the way I feel it. If that goes over well, that's not my problem.""","CC BY-NC 4.0"
"de-der-kunstmarkt","s11","de","German","de-DE","B2","https://melolingua.com/learn-german/b2-stories/der-kunstmarkt","Der Galerist lachte leise. „Nein, das ist nicht dein Problem. Aber es ist deine Verantwortung.“ Er drehte sich um und ging. Am Ende des Tages waren alle Bilder verkauft. Nora war reicher als je zuvor, aber die Frage des Galeristen hing in der Luft wie der Geruch von Ölfarbe und Regen.","The gallery owner laughed quietly. ""No, that's not your problem. But it is your responsibility."" He turned and left. At the end of the day all the pictures were sold. Nora was richer than ever before, but the gallery owner's question hung in the air like the smell of oil paint and rain.","CC BY-NC 4.0"
"de-der-kunstmarkt","s12","de","German","de-DE","B2","https://melolingua.com/learn-german/b2-stories/der-kunstmarkt","Zu Hause, in ihrem Atelier, stellte Nora eine leere Leinwand auf. Sie mischte Farben, die sie noch nie verwendet hatte. Und sie begann, etwas zu malen, das niemand auf Instagram sehen würde.","At home, in her studio, Nora set up an empty canvas. She mixed colors she had never used before. And she began to paint something that no one would see on Instagram.","CC BY-NC 4.0"
"de-der-testtag","s1","de","German","de-DE","B2","https://melolingua.com/learn-german/b2-stories/der-testtag","Es ist Testtag bei einer Berliner Start-up-Firma, die smarte Türschlösser herstellt. Klara, die leitende Qualitätsprüferin, sitzt vor einem Bildschirm und arbeitet sich durch die elfte Testrunde der neuen Softwareversion.","It is test day at a Berlin startup that manufactures smart door locks. Klara, the lead quality inspector, sits in front of a screen and works through the eleventh test round of the new software version.","CC BY-NC 4.0"
"de-der-testtag","s2","de","German","de-DE","B2","https://melolingua.com/learn-german/b2-stories/der-testtag","Bisher verlief alles nach Plan. Die Tür verriegelt per App, entriegelt per Fingerabdruck, und die Protokolldaten werden korrekt an die Cloud gesendet. „Das war's wohl für heute“, denkt Klara.","So far everything went according to plan. The door locks via app, unlocks via fingerprint, and the log data is sent correctly to the cloud. ""That's probably it for today,"" Klara thinks.","CC BY-NC 4.0"
"de-der-testtag","s3","de","German","de-DE","B2","https://melolingua.com/learn-german/b2-stories/der-testtag","Doch bei der zwölften Runde passiert etwas Merkwürdiges. Klara schickt den Befehl „Tür verriegeln“ und die App zeigt grün: „Verriegelt.“ Klara geht zur Tür und drückt die Klinke — sie öffnet sich.","But in the twelfth round something strange happens. Klara sends the command ""Lock door"" and the app shows green: ""Locked."" Klara walks to the door and presses the handle — it opens.","CC BY-NC 4.0"
"de-der-testtag","s4","de","German","de-DE","B2","https://melolingua.com/learn-german/b2-stories/der-testtag","Ihr Puls steigt. Sie wiederholt den Test: App-Befehl „Verriegeln“, Bestätigung „Grün“, Tür zu — Klinke runter, Tür offen. Der Fehler ist reproduzierbar.","Her pulse rises. She repeats the test: app command ""Lock,"" confirmation ""Green,"" door closed — handle down, door open. The error is reproducible.","CC BY-NC 4.0"
"de-der-testtag","s5","de","German","de-DE","B2","https://melolingua.com/learn-german/b2-stories/der-testtag","Klara dokumentiert den Fehler: Im Fehlerfall zeigt die App fälschlicherweise „Verriegelt“ an, obwohl das Schloss gar nicht aktiviert wurde. Die Sicherheitslücke betrifft alle Geräte mit der neuen Firmware.","Klara documents the error: in the error case, the app falsely shows ""Locked"" even though the lock was never activated. The security vulnerability affects all devices with the new firmware.","CC BY-NC 4.0"
"de-der-testtag","s6","de","German","de-DE","B2","https://melolingua.com/learn-german/b2-stories/der-testtag","Sie geht zum Produktmanager, Herrn Wagner, einem jungen Mann im gestreiften Hemd, der ständig zwischen Meetings hin- und herhetzt. „Herr Wagner, wir haben ein Problem. Ein ernstes.“","She goes to the product manager, Mr. Wagner, a young man in a striped shirt who constantly rushes between meetings. ""Mr. Wagner, we have a problem. A serious one.""","CC BY-NC 4.0"
"de-der-testtag","s7","de","German","de-DE","B2","https://melolingua.com/learn-german/b2-stories/der-testtag","Herr Wagner seufzt und schaut kurz auf seine Uhr. „Klara, der Launch ist in zwei Wochen. Kann das nicht bis nach der Markteinführung warten? Das ist doch bestimmt nur ein Anzeigefehler.“","Mr. Wagner sighs and glances briefly at his watch. ""Klara, the launch is in two weeks. Can't this wait until after the market launch? It's probably just a display error.""","CC BY-NC 4.0"
"de-der-testtag","s8","de","German","de-DE","B2","https://melolingua.com/learn-german/b2-stories/der-testtag","Klara bleibt ruhig. „Herr Wagner, es handelt sich nicht um einen Anzeigefehler. Das Schloss öffnet sich, während die App ‚Verriegelt‘ anzeigt. Wenn ein Kunde sein Smartphone verliert, kann jeder die Tür öffnen.“","Klara stays calm. ""Mr. Wagner, this is not a display error. The lock opens while the app shows 'Locked.' If a customer loses their smartphone, anyone can open the door.""","CC BY-NC 4.0"
"de-der-testtag","s9","de","German","de-DE","B2","https://melolingua.com/learn-german/b2-stories/der-testtag","Wagner wird blass. Er ruft die Entwicklungsleiterin dazu, eine Frau Mitte vierzig mit undurchdringlichem Gesichtsausdruck. Gemeinsam analysieren sie die Logdateien. Die Entwicklungsleiterin schweigt lange.","Wagner turns pale. He calls in the development lead, a woman in her mid-forties with an impenetrable expression. Together they analyze the log files. The development lead is silent for a long time.","CC BY-NC 4.0"
"de-der-testtag","s10","de","German","de-DE","B2","https://melolingua.com/learn-german/b2-stories/der-testtag","„Sie hat recht“, sagt sie schließlich. „Das hätte bei einer Auslieferung von zehntausend Einheiten einen massiven Rückruf bedeutet. Plus mögliche Schadensersatzforderungen. Der Fehler muss sofort behoben werden.“","""She's right,"" she says finally. ""With a delivery of ten thousand units, that would have meant a massive recall. Plus possible claims for damages. The error must be fixed immediately.""","CC BY-NC 4.0"
"de-der-testtag","s11","de","German","de-DE","B2","https://melolingua.com/learn-german/b2-stories/der-testtag","Der Launch wird um drei Wochen verschoben. In der Firma macht die Geschichte schnell die Runde: „Hast du gehört? Klara hat den gesamten Launch gestoppt. Nur weil ein Türschloss nicht richtig reagiert hat.“","The launch is postponed by three weeks. In the company the story quickly makes the rounds: ""Did you hear? Klara stopped the entire launch. Just because a door lock didn't respond correctly.""","CC BY-NC 4.0"
"de-der-testtag","s12","de","German","de-DE","B2","https://melolingua.com/learn-german/b2-stories/der-testtag","Klara hört diese Kommentare, aber sie lässt sich nicht beirren. Am Ende des Monats wird ihr Bericht vom CTO mit einer persönlichen E-Mail beantwortet: „Weiter so. Qualität ist kein Zufall, sondern das Ergebnis von Haltung.“","Klara hears these comments, but she doesn't let herself be deterred. At the end of the month her report is answered by the CTO with a personal email: ""Keep it up. Quality is not an accident, but the result of attitude.""","CC BY-NC 4.0"
"de-der-testtag","s13","de","German","de-DE","B2","https://melolingua.com/learn-german/b2-stories/der-testtag","Einige Kollegen sind froh, dass die Verzögerung ihnen mehr Zeit für ihre eigenen Aufgaben gibt. Andere murren weiter. Aber eines steht fest: Wäre Klara still gewesen, hätten tausende Kunden ein riskantes Produkt erhalten.","Some colleagues are glad that the delay gives them more time for their own tasks. Others continue grumbling. But one thing is certain: if Klara had stayed quiet, thousands of customers would have received a risky product.","CC BY-NC 4.0"
"de-der-testtag","s14","de","German","de-DE","B2","https://melolingua.com/learn-german/b2-stories/der-testtag","Als Klara an diesem Abend nach Hause fährt, ist sie müde, aber zufrieden. Sie hat ihren Job gemacht — genau so, wie er gemacht werden muss.","As Klara drives home that evening, she is tired but satisfied. She has done her job — exactly the way it needs to be done.","CC BY-NC 4.0"
"de-die-fusion","s1","de","German","de-DE","B2","https://melolingua.com/learn-german/b2-stories/die-fusion","Der Konferenzraum im sechzehnten Stock roch nach Kaffee und Anspannung. Acht Menschen saßen um einen langen Eichentisch, vor sich Ordner, Laptops und Notizen. Die geplante Fusion der Abteilungen Produktentwicklung und Vertrieb stand kurz vor dem Abschluss — jedenfalls auf dem Papier.","The conference room on the sixteenth floor smelled of coffee and tension. Eight people sat around a long oak table, with folders, laptops, and notes in front of them. The planned merger of the Product Development and Sales departments was close to completion — at least on paper.","CC BY-NC 4.0"
"de-die-fusion","s2","de","German","de-DE","B2","https://melolingua.com/learn-german/b2-stories/die-fusion","Doch schon nach fünf Minuten wurde klar, dass hier zwei Welten aufeinandertrafen. Frau Dr. Brenner, Leiterin der Produktentwicklung, sprach von agilen Prozessen, Innovationszyklen und technischer Exzellenz. Ihr Gegenüber, Herr Krüger vom Vertrieb, zählte Kundenzahlen, Umsatzprognosen und Marktanteile auf.","But after just five minutes it became clear that two worlds were colliding here. Dr. Brenner, head of Product Development, spoke of agile processes, innovation cycles, and technical excellence. Her counterpart, Mr. Krüger from Sales, recited customer numbers, revenue forecasts, and market shares.","CC BY-NC 4.0"
"de-die-fusion","s3","de","German","de-DE","B2","https://melolingua.com/learn-german/b2-stories/die-fusion","„Wir können keine Produkte ausliefern, die nicht fertig entwickelt sind“, sagte Frau Dr. Brenner mit Nachdruck. „Qualität ist kein optionales Feature. Sie ist das Produkt.“","""We cannot deliver products that aren't fully developed,"" said Dr. Brenner emphatically. ""Quality is not an optional feature. It is the product.""","CC BY-NC 4.0"
"de-die-fusion","s4","de","German","de-DE","B2","https://melolingua.com/learn-german/b2-stories/die-fusion","Herr Krüger ließ nicht locker. „Und wir können keine Kunden binden, wenn die Konkurrenz uns mit Funktionen überholt, die wir seit einem Jahr auf der Roadmap haben. Innovation nützt nichts, wenn niemand sie kauft.“","Mr. Krüger didn't let up. ""And we can't retain customers if the competition overtakes us with features we've had on the roadmap for a year. Innovation is useless if nobody buys it.""","CC BY-NC 4.0"
"de-die-fusion","s5","de","German","de-DE","B2","https://melolingua.com/learn-german/b2-stories/die-fusion","Der Mediator, Herr Beck, ein Endfünfziger mit grauem Bart und einer ruhigen Stimme, die man im Trubel kaum hörte, stand langsam auf. „Meine Damen und Herren, wir kommen hier nicht weiter, indem wir unsere Standpunkte wiederholen. Lassen Sie uns die gemeinsamen Ziele definieren.“","The mediator, Mr. Beck, a man in his late fifties with a gray beard and a quiet voice that was barely audible in the commotion, slowly stood up. ""Ladies and gentlemen, we won't get anywhere by repeating our positions. Let's define the common goals.""","CC BY-NC 4.0"
"de-die-fusion","s6","de","German","de-DE","B2","https://melolingua.com/learn-german/b2-stories/die-fusion","Es entstand eine kurze Stille. Dann begann Frau Dr. Brenner: „Wir wollen technologische Führerschaft. Produkte, die Maßstäbe setzen. Dafür brauchen wir Zeit und Ressourcen.“ Herr Krüger ergänzte: „Wir wollen Marktdurchdringung. Produkte, die sich verkaufen. Dafür brauchen wir Tempo.“","A brief silence ensued. Then Dr. Brenner began: ""We want technological leadership. Products that set standards. For that we need time and resources."" Mr. Krüger added: ""We want market penetration. Products that sell. For that we need speed.""","CC BY-NC 4.0"
"de-die-fusion","s7","de","German","de-DE","B2","https://melolingua.com/learn-german/b2-stories/die-fusion","Herr Beck malte zwei Kreise auf das Whiteboard: einen für „Qualität“ und einen für „Geschwindigkeit“. „Was wäre, wenn wir beides erreichen könnten? Nicht perfekt, aber besser als der Markt erwartet?“","Mr. Beck drew two circles on the whiteboard: one for ""Quality"" and one for ""Speed."" ""What if we could achieve both? Not perfectly, but better than the market expects?""","CC BY-NC 4.0"
"de-die-fusion","s8","de","German","de-DE","B2","https://melolingua.com/learn-german/b2-stories/die-fusion","Die Antwort kam von einer jungen Mitarbeiterin aus der dritten Reihe, die sich bisher zurückgehalten hatte. „Wir haben im letzten Quartal einen Prototyp in sechs Wochen entwickelt, weil das Team eigenverantwortlich arbeiten durfte. Der war gut. Vielleicht liegt die Lösung in der Autonomie der Teams und nicht in der Kontrolle.“","The answer came from a young employee in the third row who had held back until now. ""Last quarter we developed a prototype in six weeks because the team was allowed to work autonomously. It was good. Maybe the solution lies in team autonomy and not in control.""","CC BY-NC 4.0"
"de-die-fusion","s9","de","German","de-DE","B2","https://melolingua.com/learn-german/b2-stories/die-fusion","Frau Dr. Brenner runzelte die Stirn, aber sie widersprach nicht. Herr Krüger lehnte sich zurück und dachte nach. „Sechs Wochen? Mit welchem Ressourceneinsatz?“, fragte er schließlich.","Dr. Brenner frowned, but she didn't contradict. Mr. Krüger leaned back and thought. ""Six weeks? With what resource allocation?"" he finally asked.","CC BY-NC 4.0"
"de-die-fusion","s10","de","German","de-DE","B2","https://melolingua.com/learn-german/b2-stories/die-fusion","Am Ende des Tages hatte das Team einen Kompromiss gefunden: ein gemeinsames Pilotprojekt mit gemischten Teams, befristet auf drei Monate, mit klaren Qualitätskriterien und Meilensteinen. Beide Seiten erklärten sich bereit, das Modell zu testen.","At the end of the day the team had found a compromise: a joint pilot project with mixed teams, limited to three months, with clear quality criteria and milestones. Both sides agreed to test the model.","CC BY-NC 4.0"
"de-die-fusion","s11","de","German","de-DE","B2","https://melolingua.com/learn-german/b2-stories/die-fusion","Herr Beck notierte die Vereinbarung auf einem Blatt Papier. „Dann halten wir fest: Pilotphase beginnt am ersten August. Evaluierung nach zwei Monaten. Wenn die Ergebnisse stimmen, wird das Modell auf die gesamte fusionierte Abteilung ausgeweitet.“","Mr. Beck noted the agreement on a sheet of paper. ""Then let's record: pilot phase begins on August first. Evaluation after two months. If the results are right, the model will be extended to the entire merged department.""","CC BY-NC 4.0"
"de-die-fusion","s12","de","German","de-DE","B2","https://melolingua.com/learn-german/b2-stories/die-fusion","Als alle gingen, nickte Frau Dr. Brenner Herrn Krüger zu. Es war kein Lächeln, aber es war eine Geste. Vielleicht der Beginn von etwas Neuem.","As everyone left, Dr. Brenner nodded at Mr. Krüger. It wasn't a smile, but it was a gesture. Perhaps the beginning of something new.","CC BY-NC 4.0"
"de-die-reise-nach-hamburg","s1","de","German","de-DE","B2","https://melolingua.com/learn-german/b2-stories/die-reise-nach-hamburg","Der ICE aus Frankfurt hatte zwanzig Minuten Verspätung. Das allein wäre nicht schlimm gewesen, aber für Markus bedeutete es, dass er seinen Anschlusszug nach Hamburg verpasste. Es war Montagmorgen, und um zehn Uhr sollte er bei einem Kunden in der HafenCity sein.","The ICE from Frankfurt was twenty minutes late. That alone wouldn't have been bad, but for Markus it meant he missed his connecting train to Hamburg. It was Monday morning, and at ten o'clock he was supposed to be at a client in the HafenCity.","CC BY-NC 4.0"
"de-die-reise-nach-hamburg","s2","de","German","de-DE","B2","https://melolingua.com/learn-german/b2-stories/die-reise-nach-hamburg","Er stand am Gleis in Hannover und starrte auf die Abfahrtstafel. Nächster Zug nach Hamburg: in drei Stunden. „Perfekt“, murmelte er. Sein Handy zeigte eine Nachricht vom Kunden: „Freuen uns auf Ihr Kommen. Parkplatz ist reserviert.“ Er schloss die Augen und atmete tief durch.","He stood on the platform in Hanover and stared at the departure board. Next train to Hamburg: in three hours. ""Perfect,"" he muttered. His phone showed a message from the client: ""Looking forward to your arrival. Parking spot is reserved."" He closed his eyes and took a deep breath.","CC BY-NC 4.0"
"de-die-reise-nach-hamburg","s3","de","German","de-DE","B2","https://melolingua.com/learn-german/b2-stories/die-reise-nach-hamburg","Er rief beim Kunden an, erklärte die Situation und bekam einen neuen Termin am Nachmittag. Dann setzte er sich auf eine Bank und überlegte, was er mit den drei Stunden anfangen sollte. In Hannover kannte er niemanden.","He called the client, explained the situation, and got a new appointment in the afternoon. Then he sat down on a bench and considered what to do with the three hours. In Hanover he didn't know anyone.","CC BY-NC 4.0"
"de-die-reise-nach-hamburg","s4","de","German","de-DE","B2","https://melolingua.com/learn-german/b2-stories/die-reise-nach-hamburg","Der Zufall half: Ein älterer Herr setzte sich neben ihn und fragte, ob der Platz frei sei. Sie kamen ins Gespräch. Der Herr, ein ehemaliger Lokführer, erzählte von seiner Zeit bei der Bahn. „Die meiste Verspätung kommt von den Weichen. Die sind alt. Zu alt.“","Chance helped: an older gentleman sat down next to him and asked if the seat was free. They got to talking. The gentleman, a former train driver, told stories from his time at the railway. ""Most delays come from the switches. They're old. Too old.""","CC BY-NC 4.0"
"de-die-reise-nach-hamburg","s5","de","German","de-DE","B2","https://melolingua.com/learn-german/b2-stories/die-reise-nach-hamburg","Markus hörte zu. Der alte Mann sprach mit einer Ruhe, die ihm guttat. Normalerweise hätte Markus in solchen Situationen wild telefoniert und Umwege gesucht, aber heute — vielleicht weil der Zug bereits weg war — ließ er sich darauf ein, einfach nur zuzuhören.","Markus listened. The old man spoke with a calmness that did him good. Normally Markus would have been frantically calling around and looking for detours in such situations, but today — perhaps because the train was already gone — he let himself just listen.","CC BY-NC 4.0"
"de-die-reise-nach-hamburg","s6","de","German","de-DE","B2","https://melolingua.com/learn-german/b2-stories/die-reise-nach-hamburg","Als der Zug endlich kam, verabschiedete sich der alte Herr mit einem Nicken. „Gute Reise. Und denken Sie dran: Wer eilt, versäumt das Eigentliche.“ Markus stieg ein und suchte sich ein Abteil. Er wusste nicht genau, was der Satz bedeuten sollte, aber er blieb hängen.","When the train finally came, the old gentleman said goodbye with a nod. ""Have a good trip. And remember: those who rush miss what truly matters."" Markus got on and found a compartment. He wasn't exactly sure what the sentence was supposed to mean, but it stuck with him.","CC BY-NC 4.0"
"de-die-reise-nach-hamburg","s7","de","German","de-DE","B2","https://melolingua.com/learn-german/b2-stories/die-reise-nach-hamburg","In Hamburg angekommen, beschloss Markus, nicht mit dem Taxi zu fahren, sondern zu Fuß zur HafenCity zu gehen. Er hatte noch zwei Stunden. Der Weg führte ihn an der Elbe entlang, vorbei an der Speicherstadt, deren rote Backsteinfassaden sich im Wasser spiegelten.","Arriving in Hamburg, Markus decided not to take a taxi but to walk to the HafenCity. He still had two hours. The path led him along the Elbe, past the Speicherstadt, whose red brick facades reflected in the water.","CC BY-NC 4.0"
"de-die-reise-nach-hamburg","s8","de","German","de-DE","B2","https://melolingua.com/learn-german/b2-stories/die-reise-nach-hamburg","Er blieb an einer Brücke stehen und sah den Kranichen zu, die Container von riesigen Schiffen luden. Die Luft roch nach Salz und Diesel. Normalerweise hätte er diese Umgebung als chaotisch empfunden, aber heute wirkte sie auf ihn irgendwie beruhigend.","He stopped at a bridge and watched the cranes loading containers from giant ships. The air smelled of salt and diesel. Normally he would have found this environment chaotic, but today it felt strangely calming to him.","CC BY-NC 4.0"
"de-die-reise-nach-hamburg","s9","de","German","de-DE","B2","https://melolingua.com/learn-german/b2-stories/die-reise-nach-hamburg","Er erreichte das Bürogebäude fünfzehn Minuten vor dem Termin. Der Kunde, ein Mittvierziger mit nadelgestreiftem Anzug, empfing ihn überrascht. „Ich dachte, Sie kommen mit dem Taxi? Sie sehen erholt aus — nicht wie jemand, der drei Stunden Verspätung hatte.“","He reached the office building fifteen minutes before the appointment. The client, a man in his mid-forties with a pinstriped suit, received him with surprise. ""I thought you were coming by taxi? You look refreshed — not like someone who was three hours late.""","CC BY-NC 4.0"
"de-die-reise-nach-hamburg","s10","de","German","de-DE","B2","https://melolingua.com/learn-german/b2-stories/die-reise-nach-hamburg","Das Meeting verlief gut. Markus präsentierte seine Analyse, beantwortete Fragen und notierte Folgetermine. Der Kunde war zufrieden. Und Markus merkte, dass er selbst auch zufrieden war — mit einem Tag, der völlig anders verlaufen war als geplant.","The meeting went well. Markus presented his analysis, answered questions, and noted follow-up appointments. The client was satisfied. And Markus noticed that he himself was also satisfied — with a day that had gone completely differently than planned.","CC BY-NC 4.0"
"de-die-reise-nach-hamburg","s11","de","German","de-DE","B2","https://melolingua.com/learn-german/b2-stories/die-reise-nach-hamburg","Auf der Rückfahrt, im ICE nach Frankfurt, öffnete Markus sein Notebook nicht. Stattdessen sah er aus dem Fenster, wie die norddeutsche Landschaft vorbeizog: flache Wiesen, Windräder, kleine Dörfer mit roten Ziegeldächern.","On the return trip, in the ICE to Frankfurt, Markus did not open his notebook. Instead he looked out the window at the North German landscape passing by: flat meadows, wind turbines, small villages with red tile roofs.","CC BY-NC 4.0"
"de-die-reise-nach-hamburg","s12","de","German","de-DE","B2","https://melolingua.com/learn-german/b2-stories/die-reise-nach-hamburg","Er dachte an den Satz des alten Lokführers: „Wer eilt, versäumt das Eigentliche.“ Vielleicht bedeutete das, dass man manchmal den Plan loslassen muss, um das zu sehen, was wirklich da ist.","He thought about the old train driver's sentence: ""Those who rush miss what truly matters."" Maybe that meant you sometimes have to let go of the plan in order to see what is really there.","CC BY-NC 4.0"
"es-el-cafe-de-la-manana","s1","es","Spanish","es-ES","A1","https://melolingua.com/learn-spanish/a1-stories/el-cafe-de-la-manana","Cada mañana, María se despierta a las siete con el aroma del café.","Every morning, María wakes up at seven with the aroma of coffee.","CC BY-NC 4.0"
"es-el-cafe-de-la-manana","s2","es","Spanish","es-ES","A1","https://melolingua.com/learn-spanish/a1-stories/el-cafe-de-la-manana","Ella va a la cocina, donde el café burbujea suavemente.","She goes to the kitchen, where the coffee gently bubbles.","CC BY-NC 4.0"
"es-el-cafe-de-la-manana","s3","es","Spanish","es-ES","A1","https://melolingua.com/learn-spanish/a1-stories/el-cafe-de-la-manana","El café es fuerte y caliente, llenando el aire con su fragancia.","The coffee is strong and hot, filling the air with its fragrance.","CC BY-NC 4.0"
"es-el-cafe-de-la-manana","s4","es","Spanish","es-ES","A1","https://melolingua.com/learn-spanish/a1-stories/el-cafe-de-la-manana","María se sienta en la mesa y mira por la ventana abierta. Hoy, el sol brilla intensamente en el cielo azul.","María sits at the table and looks through the open window. Today, the sun shines brightly in the blue sky.","CC BY-NC 4.0"
"es-el-cafe-de-la-manana","s5","es","Spanish","es-ES","A1","https://melolingua.com/learn-spanish/a1-stories/el-cafe-de-la-manana","Ella sonríe, disfrutando de su café y del día que comienza.","She smiles, enjoying her coffee and the day that begins.","CC BY-NC 4.0"
"es-el-cafe-de-la-manana","s6","es","Spanish","es-ES","A1","https://melolingua.com/learn-spanish/a1-stories/el-cafe-de-la-manana","«Hoy va a ser un buen día», piensa María con optimismo. Ella come una tostada crujiente con mermelada dulce.","“Today is going to be a good day,” María thinks optimistically. She eats crunchy toast with sweet jam.","CC BY-NC 4.0"
"es-el-cafe-de-la-manana","s7","es","Spanish","es-ES","A1","https://melolingua.com/learn-spanish/a1-stories/el-cafe-de-la-manana","Después, se ducha con agua tibia y se viste con ropa cómoda.","Afterwards, she showers with warm water and dresses in comfortable clothes.","CC BY-NC 4.0"
"es-el-cafe-de-la-manana","s8","es","Spanish","es-ES","A1","https://melolingua.com/learn-spanish/a1-stories/el-cafe-de-la-manana","A las ocho, María sale de su casa y camina al trabajo, sintiendo el aire fresco.","At eight, María leaves her house and walks to work, feeling the fresh air.","CC BY-NC 4.0"
"es-el-mercado","s1","es","Spanish","es-ES","A1","https://melolingua.com/learn-spanish/a1-stories/el-mercado","Es sábado por la mañana y Pedro camina hacia el mercado.","It's Saturday morning and Pedro walks to the market.","CC BY-NC 4.0"
"es-el-mercado","s2","es","Spanish","es-ES","A1","https://melolingua.com/learn-spanish/a1-stories/el-mercado","El mercado está lleno de vida y colores vibrantes.","The market is full of life and vibrant colors.","CC BY-NC 4.0"
"es-el-mercado","s3","es","Spanish","es-ES","A1","https://melolingua.com/learn-spanish/a1-stories/el-mercado","Hay frutas jugosas, verduras frescas y flores aromáticas. Pedro necesita tomates maduros, cebollas y pan crujiente.","There are juicy fruits, fresh vegetables, and fragrant flowers. Pedro needs ripe tomatoes, onions, and crusty bread.","CC BY-NC 4.0"
"es-el-mercado","s4","es","Spanish","es-ES","A1","https://melolingua.com/learn-spanish/a1-stories/el-mercado","«Buenos días, señor», saluda Pedro con una sonrisa. «Quiero un kilo de tomates, por favor», pide con amabilidad.","“Good morning, sir,” Pedro says with a smile. “I would like a kilo of tomatoes, please,” he adds politely.","CC BY-NC 4.0"
"es-el-mercado","s5","es","Spanish","es-ES","A1","https://melolingua.com/learn-spanish/a1-stories/el-mercado","El vendedor, un hombre amable, le entrega los tomates. Son rojos, grandes y huelen a verano.","The seller, a kind man, hands him the tomatoes. They are red, large, and smell like summer.","CC BY-NC 4.0"
"es-el-mercado","s6","es","Spanish","es-ES","A1","https://melolingua.com/learn-spanish/a1-stories/el-mercado","Pedro también compra cebollas frescas y un pan dorado.","Pedro also buys fresh onions and golden bread.","CC BY-NC 4.0"
"es-el-mercado","s7","es","Spanish","es-ES","A1","https://melolingua.com/learn-spanish/a1-stories/el-mercado","Paga con monedas brillantes y guarda todo en su bolsa.","He pays with shiny coins and stores everything in his bag.","CC BY-NC 4.0"
"es-el-mercado","s8","es","Spanish","es-ES","A1","https://melolingua.com/learn-spanish/a1-stories/el-mercado","Al llegar a casa, Pedro cocina una sopa que huele deliciosa.","Upon arriving home, Pedro cooks a soup that smells delicious.","CC BY-NC 4.0"
"es-el-parque","s1","es","Spanish","es-ES","A1","https://melolingua.com/learn-spanish/a1-stories/el-parque","Es una tarde de domingo soleada. Sofía lleva a su perro, Max, al parque lleno de vida.","It's a sunny Sunday afternoon. Sofía takes her dog, Max, to the lively park.","CC BY-NC 4.0"
"es-el-parque","s2","es","Spanish","es-ES","A1","https://melolingua.com/learn-spanish/a1-stories/el-parque","El parque es amplio y tiene muchos árboles altos. Max corre alegremente por el césped y juega con otros perros.","The park is spacious and has many tall trees. Max joyfully runs on the grass and plays with other dogs.","CC BY-NC 4.0"
"es-el-parque","s3","es","Spanish","es-ES","A1","https://melolingua.com/learn-spanish/a1-stories/el-parque","Sofía se sienta en un banco y disfruta de su libro favorito.","Sofía sits on a bench and enjoys her favorite book.","CC BY-NC 4.0"
"es-el-parque","s4","es","Spanish","es-ES","A1","https://melolingua.com/learn-spanish/a1-stories/el-parque","Una niña se acerca y pregunta: «¿Puedo acariciar a tu perro?». «Claro que sí», responde Sofía con una sonrisa.","A girl approaches and asks, “Can I pet your dog?” “Of course,” Sofía replies with a smile.","CC BY-NC 4.0"
"es-el-parque","s5","es","Spanish","es-ES","A1","https://melolingua.com/learn-spanish/a1-stories/el-parque","La niña acaricia a Max y él mueve la cola felizmente.","The girl pets Max and he happily wags his tail.","CC BY-NC 4.0"
"es-el-parque","s6","es","Spanish","es-ES","A1","https://melolingua.com/learn-spanish/a1-stories/el-parque","El sol se pone lentamente, pintando el cielo de naranja.","The sun sets slowly, painting the sky orange.","CC BY-NC 4.0"
"es-el-parque","s7","es","Spanish","es-ES","A1","https://melolingua.com/learn-spanish/a1-stories/el-parque","Sofía llama a Max con cariño. «Vamos a casa, Max».","Sofía calls Max affectionately. “Let's go home, Max.”","CC BY-NC 4.0"
"es-el-parque","s8","es","Spanish","es-ES","A1","https://melolingua.com/learn-spanish/a1-stories/el-parque","Ellos caminan juntos por el sendero tranquilo. Es un domingo perfecto, lleno de momentos especiales.","They walk together along the peaceful path. It's a perfect Sunday, full of special moments.","CC BY-NC 4.0"
"es-el-puesto-de-churros","s1","es","Spanish","es-ES","A1","https://melolingua.com/learn-spanish/a1-stories/el-puesto-de-churros","Luciana sigue el aroma del aceite caliente mientras cruza la plaza.","Luciana follows the aroma of hot oil as she crosses the plaza.","CC BY-NC 4.0"
"es-el-puesto-de-churros","s2","es","Spanish","es-ES","A1","https://melolingua.com/learn-spanish/a1-stories/el-puesto-de-churros","Hay un carrito dorado donde un señor vende churros y chocolate espeso.","There is a little golden cart where a man sells churros and thick hot chocolate.","CC BY-NC 4.0"
"es-el-puesto-de-churros","s3","es","Spanish","es-ES","A1","https://melolingua.com/learn-spanish/a1-stories/el-puesto-de-churros","«¿Quieres tres churros o seis?», pregunta con una sonrisa amplia. Luciana responde «tres» porque es su primera vez.","“Would you like three churros or six?” he asks with a broad smile. Luciana replies “three” because it is her first time.","CC BY-NC 4.0"
"es-el-puesto-de-churros","s4","es","Spanish","es-ES","A1","https://melolingua.com/learn-spanish/a1-stories/el-puesto-de-churros","El señor envuelve los churros en papel con cuidado y explica que el chocolate está caliente pero no muy dulce.","The man carefully wraps the churros in paper and explains that the chocolate is hot but not too sweet.","CC BY-NC 4.0"
"es-el-puesto-de-churros","s5","es","Spanish","es-ES","A1","https://melolingua.com/learn-spanish/a1-stories/el-puesto-de-churros","Luciana entrega las monedas, dice muchas gracias y espera junto al banco viejo de la plaza.","Luciana hands over the coins, says thank you very much, and waits by the old bench in the plaza.","CC BY-NC 4.0"
"es-el-puesto-de-churros","s6","es","Spanish","es-ES","A1","https://melolingua.com/learn-spanish/a1-stories/el-puesto-de-churros","Ella prueba el chocolate con un churro crujiente y decide que es su merienda favorita del barrio.","She dips a crispy churro into the chocolate and decides it is her favorite snack in the neighborhood.","CC BY-NC 4.0"
"es-la-cena","s1","es","Spanish","es-ES","A1","https://melolingua.com/learn-spanish/a1-stories/la-cena","Esta noche, la familia Rodríguez prepara una cena especial. La abuela cocina su famosa paella, llena de mariscos frescos.","Tonight, the Rodríguez family is preparing a special dinner. Grandmother cooks her famous paella, brimming with fresh seafood.","CC BY-NC 4.0"
"es-la-cena","s2","es","Spanish","es-ES","A1","https://melolingua.com/learn-spanish/a1-stories/la-cena","El abuelo arregla la mesa con platos blancos y vasos de cristal.","Grandfather arranges the table with white plates and crystal glasses.","CC BY-NC 4.0"
"es-la-cena","s3","es","Spanish","es-ES","A1","https://melolingua.com/learn-spanish/a1-stories/la-cena","Los niños ayudan a lavar las verduras, riendo y salpicando agua.","The children help wash the vegetables, laughing and splashing water.","CC BY-NC 4.0"
"es-la-cena","s4","es","Spanish","es-ES","A1","https://melolingua.com/learn-spanish/a1-stories/la-cena","«La paella necesita más azafrán», comenta la abuela con una sonrisa. El olor a azafrán y mariscos llena la cocina.","“The paella needs more saffron,” Grandmother remarks with a smile. The scent of saffron and seafood fills the kitchen.","CC BY-NC 4.0"
"es-la-cena","s5","es","Spanish","es-ES","A1","https://melolingua.com/learn-spanish/a1-stories/la-cena","Toda la familia se sienta a la mesa, ansiosa por comer.","The whole family sits at the table, eager to eat.","CC BY-NC 4.0"
"es-la-cena","s6","es","Spanish","es-ES","A1","https://melolingua.com/learn-spanish/a1-stories/la-cena","«Gracias por esta deliciosa comida, abuela», dice el padre con gratitud. Todos disfrutan y hablan sobre su día lleno de aventuras.","“Thank you for this delicious meal, Grandmother,” the father says gratefully. Everyone enjoys the meal and talks about their day.","CC BY-NC 4.0"
"es-la-cena","s7","es","Spanish","es-ES","A1","https://melolingua.com/learn-spanish/a1-stories/la-cena","Los niños cuentan historias emocionantes del colegio. La abuela sonríe, escuchando con atención.","The children share exciting stories from school. Grandmother smiles, listening attentively.","CC BY-NC 4.0"
"es-la-cena","s8","es","Spanish","es-ES","A1","https://melolingua.com/learn-spanish/a1-stories/la-cena","Esta es su parte favorita del día: la familia junta, feliz.","This is her favorite part of the day: the family together, happy.","CC BY-NC 4.0"
"es-mi-nuevo-vecino","s1","es","Spanish","es-ES","A1","https://melolingua.com/learn-spanish/a1-stories/mi-nuevo-vecino","Hoy llega un nuevo vecino al edificio. Se llama Carlos y es de México.","Today, a new neighbor arrives at the building. His name is Carlos, and he's from Mexico.","CC BY-NC 4.0"
"es-mi-nuevo-vecino","s2","es","Spanish","es-ES","A1","https://melolingua.com/learn-spanish/a1-stories/mi-nuevo-vecino","Carlos trae una caja grande y un gato curioso.","Carlos brings a big box and a curious cat.","CC BY-NC 4.0"
"es-mi-nuevo-vecino","s3","es","Spanish","es-ES","A1","https://melolingua.com/learn-spanish/a1-stories/mi-nuevo-vecino","«Hola, soy Carlos», dice con una sonrisa. «Mucho gusto», añade.","“Hello, I'm Carlos,” he says with a smile. “Nice to meet you,” he adds.","CC BY-NC 4.0"
"es-mi-nuevo-vecino","s4","es","Spanish","es-ES","A1","https://melolingua.com/learn-spanish/a1-stories/mi-nuevo-vecino","«Hola, Carlos, yo soy Ana», responde ella. «Bienvenido», dice amablemente.","“Hello, Carlos, I'm Ana,” she replies. “Welcome,” she says kindly.","CC BY-NC 4.0"
"es-mi-nuevo-vecino","s5","es","Spanish","es-ES","A1","https://melolingua.com/learn-spanish/a1-stories/mi-nuevo-vecino","Ana ayuda a Carlos con las cajas pesadas.","Ana helps Carlos with the heavy boxes.","CC BY-NC 4.0"
"es-mi-nuevo-vecino","s6","es","Spanish","es-ES","A1","https://melolingua.com/learn-spanish/a1-stories/mi-nuevo-vecino","El gato se llama Luna y tiene ojos verdes brillantes.","The cat's name is Luna, and she has bright green eyes.","CC BY-NC 4.0"
"es-mi-nuevo-vecino","s7","es","Spanish","es-ES","A1","https://melolingua.com/learn-spanish/a1-stories/mi-nuevo-vecino","Después de mover las cajas, Ana invita a Carlos a tomar café.","After moving the boxes, Ana invites Carlos for coffee.","CC BY-NC 4.0"
"es-mi-nuevo-vecino","s8","es","Spanish","es-ES","A1","https://melolingua.com/learn-spanish/a1-stories/mi-nuevo-vecino","Ellos hablan y ríen juntos. Ana piensa que Carlos es muy amable. Ahora tiene un buen vecino.","They talk and laugh together. Ana thinks Carlos is very kind. Now she has a good neighbor.","CC BY-NC 4.0"
"es-una-llamada-a-mama","s1","es","Spanish","es-ES","A1","https://melolingua.com/learn-spanish/a1-stories/una-llamada-a-mama","Marcos sale del metro, agotado, y el aire fresco le da un poco de energía.","Marcos steps out of the subway, exhausted, and the fresh air gives him a bit of energy.","CC BY-NC 4.0"
"es-una-llamada-a-mama","s2","es","Spanish","es-ES","A1","https://melolingua.com/learn-spanish/a1-stories/una-llamada-a-mama","Antes de cenar, marca el número de su mamá.","Before dinner, he dials his mom’s number.","CC BY-NC 4.0"
"es-una-llamada-a-mama","s3","es","Spanish","es-ES","A1","https://melolingua.com/learn-spanish/a1-stories/una-llamada-a-mama","Ella contesta rápido porque en la cocina hay una olla con agua hirviendo.","She answers quickly because a pot of water is boiling in the kitchen.","CC BY-NC 4.0"
"es-una-llamada-a-mama","s4","es","Spanish","es-ES","A1","https://melolingua.com/learn-spanish/a1-stories/una-llamada-a-mama","«¿Ya cenaste, hijo?», pregunta con cariño.","“Have you eaten dinner yet, son?” she asks warmly.","CC BY-NC 4.0"
"es-una-llamada-a-mama","s5","es","Spanish","es-ES","A1","https://melolingua.com/learn-spanish/a1-stories/una-llamada-a-mama","Marcos responde que no y que necesita descansar unos minutos antes de cocinar.","Marcos says he has not and needs to rest for a few minutes before cooking.","CC BY-NC 4.0"
"es-una-llamada-a-mama","s6","es","Spanish","es-ES","A1","https://melolingua.com/learn-spanish/a1-stories/una-llamada-a-mama","Su madre le recuerda colgar el abrigo cerca del balcón y cerrar bien la puerta del frigorífico.","His mother reminds him to hang his coat near the balcony and close the refrigerator door properly.","CC BY-NC 4.0"
"es-una-llamada-a-mama","s7","es","Spanish","es-ES","A1","https://melolingua.com/learn-spanish/a1-stories/una-llamada-a-mama","«Y no olvides llamarme mañana», añade ella, jugando a ponerse seria.","“And don't forget to call me tomorrow,” she adds, pretending to sound serious.","CC BY-NC 4.0"
"es-una-llamada-a-mama","s8","es","Spanish","es-ES","A1","https://melolingua.com/learn-spanish/a1-stories/una-llamada-a-mama","Marcos sonríe: la conversación es corta, pero el cariño de su madre hace mejor un día cotidiano.","Marcos smiles: the conversation is short, but his mother's affection makes an ordinary day better.","CC BY-NC 4.0"
"es-el-viaje-en-tren","s1","es","Spanish","es-ES","A2","https://melolingua.com/learn-spanish/a2-stories/el-viaje-en-tren","Mateo compró un billete de tren para visitar a su prima en Valencia. Llegó a la estación temprano porque no quería perder el tren.","Mateo bought a train ticket to visit his cousin in Valencia. He arrived at the station early because he didn't want to miss the train.","CC BY-NC 4.0"
"es-el-viaje-en-tren","s2","es","Spanish","es-ES","A2","https://melolingua.com/learn-spanish/a2-stories/el-viaje-en-tren","En la pantalla vio que su tren tenía veinte minutos de retraso.","On the screen, he saw that his train was twenty minutes late.","CC BY-NC 4.0"
"es-el-viaje-en-tren","s3","es","Spanish","es-ES","A2","https://melolingua.com/learn-spanish/a2-stories/el-viaje-en-tren","Al principio se preocupó, pero después compró un café y esperó sentado con su mochila. Una mujer le preguntó si el asiento estaba libre, y empezaron a hablar.","At first, he worried, but then he bought a coffee and waited, seated with his backpack. A woman asked him if the seat was free, and they began to chat.","CC BY-NC 4.0"
"es-el-viaje-en-tren","s4","es","Spanish","es-ES","A2","https://melolingua.com/learn-spanish/a2-stories/el-viaje-en-tren","Ella también viajaba a Valencia para ver a su familia. Cuando el tren llegó, Mateo se sentó junto a la ventana.","She was also traveling to Valencia to see her family. When the train arrived, Mateo sat by the window.","CC BY-NC 4.0"
"es-el-viaje-en-tren","s5","es","Spanish","es-ES","A2","https://melolingua.com/learn-spanish/a2-stories/el-viaje-en-tren","Durante el viaje, miró los campos, escuchó música y pensó que a veces un retraso puede traer una conversación agradable.","During the journey, he gazed at the fields, listened to music, and thought that sometimes a delay can lead to a delightful conversation.","CC BY-NC 4.0"
"es-fin-de-semana-en-granada","s1","es","Spanish","es-ES","A2","https://melolingua.com/learn-spanish/a2-stories/fin-de-semana-en-granada","Laura llegó a Granada el viernes con un billete de tren económico, pero su maleta chirriaba como un ratón en cada escalera.","Laura arrived in Granada on Friday with a budget train ticket, but her suitcase squeaked like a mouse on every staircase.","CC BY-NC 4.0"
"es-fin-de-semana-en-granada","s2","es","Spanish","es-ES","A2","https://melolingua.com/learn-spanish/a2-stories/fin-de-semana-en-granada","Esa tarde, caminó hasta un mirador pequeño donde la Alhambra brillaba como un tesoro dorado contra el cielo azul.","That afternoon, she walked to a small lookout where the Alhambra shone like a golden treasure against the blue sky.","CC BY-NC 4.0"
"es-fin-de-semana-en-granada","s3","es","Spanish","es-ES","A2","https://melolingua.com/learn-spanish/a2-stories/fin-de-semana-en-granada","Al día siguiente, se perdió entre callejas empinadas que olían a jazmines y café recién molido.","The next day, she got lost in steep alleyways scented with jasmine and freshly ground coffee.","CC BY-NC 4.0"
"es-fin-de-semana-en-granada","s4","es","Spanish","es-ES","A2","https://melolingua.com/learn-spanish/a2-stories/fin-de-semana-en-granada","En un bar, el camarero le sugirió esperar antes de entrar si no tenía reserva, así que Laura anotó el consejo sin protestar.","In a bar, the waiter suggested she wait before entering if she didn't have a reservation, so Laura jotted down the advice without protest.","CC BY-NC 4.0"
"es-fin-de-semana-en-granada","s5","es","Spanish","es-ES","A2","https://melolingua.com/learn-spanish/a2-stories/fin-de-semana-en-granada","El domingo, después de dormir hasta tarde, compartió una tortilla española con verduras, disfrutando de un desayuno lento antes del tren.","On Sunday, after sleeping in, she shared a Spanish omelette with vegetables, savoring a slow breakfast before the train.","CC BY-NC 4.0"
"es-fin-de-semana-en-granada","s6","es","Spanish","es-ES","A2","https://melolingua.com/learn-spanish/a2-stories/fin-de-semana-en-granada","Al subir al tren, guardó en la mochila el mapa manchado de chocolate, su mejor recuerdo de cada rincón explorado.","As she boarded the train, she tucked the chocolate-stained map into her backpack, her best memory of every corner explored.","CC BY-NC 4.0"
"es-la-panaderia-del-sabado","s1","es","Spanish","es-ES","A2","https://melolingua.com/learn-spanish/a2-stories/la-panaderia-del-sabado","Sofía salió temprano el sábado porque quería comprar pan recién horneado antes de que se formara la cola.","Sofía ventured out early on Saturday, eager to snag some freshly baked bread before the line snaked around the corner.","CC BY-NC 4.0"
"es-la-panaderia-del-sabado","s2","es","Spanish","es-ES","A2","https://melolingua.com/learn-spanish/a2-stories/la-panaderia-del-sabado","En la panadería de la plaza, Don Ramón conocía a casi todos por el nombre y repartía saludos con una servilleta sobre el hombro.","At the plaza bakery, Don Ramón knew nearly everyone by name, tossing greetings with a napkin draped over his shoulder.","CC BY-NC 4.0"
"es-la-panaderia-del-sabado","s3","es","Spanish","es-ES","A2","https://melolingua.com/learn-spanish/a2-stories/la-panaderia-del-sabado","Esta vez le ofreció un trozo caliente de focaccia con romero y le preguntó si esa semana también tenía muchos exámenes.","This time, he handed her a warm slice of rosemary focaccia and asked if she had many exams that week.","CC BY-NC 4.0"
"es-la-panaderia-del-sabado","s4","es","Spanish","es-ES","A2","https://melolingua.com/learn-spanish/a2-stories/la-panaderia-del-sabado","Sofía se rió: dijo que sí, pero que ese fin de semana solo quería buen pan y dormir sin despertadores.","Sofía chuckled, admitting she did, but all she craved that weekend was good bread and sleep without alarms.","CC BY-NC 4.0"
"es-la-panaderia-del-sabado","s5","es","Spanish","es-ES","A2","https://melolingua.com/learn-spanish/a2-stories/la-panaderia-del-sabado","Pagó como cada mañana con billetes sencillos y guardó las monedas en el bolsillo de la chaqueta.","She paid, as usual, with small bills, tucking the coins into her jacket pocket.","CC BY-NC 4.0"
"es-la-panaderia-del-sabado","s6","es","Spanish","es-ES","A2","https://melolingua.com/learn-spanish/a2-stories/la-panaderia-del-sabado","Cruzó la plaza bajo una llovizna ligera, pensando que el olor a levadura era suficiente plan para ese día.","She crossed the plaza under a gentle drizzle, deciding the aroma of yeast was plan enough for the day.","CC BY-NC 4.0"
"es-primer-dia-en-la-oficina","s1","es","Spanish","es-ES","A2","https://melolingua.com/learn-spanish/a2-stories/primer-dia-en-la-oficina","Javier llegó quince minutos antes porque escuchó que ser puntual es importante cuando todo es nuevo.","Javier arrived fifteen minutes early because he heard that punctuality is important when everything is new.","CC BY-NC 4.0"
"es-primer-dia-en-la-oficina","s2","es","Spanish","es-ES","A2","https://melolingua.com/learn-spanish/a2-stories/primer-dia-en-la-oficina","Primero, intentó iniciar sesión tres veces y terminó cambiando una contraseña complicada mientras Ana, su compañera nueva, esperaba pacientemente junto al ascensor con una taza grande vacía.","First, he tried to log in three times and ended up changing a complicated password while Ana, his new coworker, waited patiently by the elevator with a large empty mug.","CC BY-NC 4.0"
"es-primer-dia-en-la-oficina","s3","es","Spanish","es-ES","A2","https://melolingua.com/learn-spanish/a2-stories/primer-dia-en-la-oficina","Ella le mostró que a veces es mejor usar la tarjeta antes de pulsar el botón y pedir ayuda en la cocina compartida, porque el microondas mezcla instrucciones absurdas en inglés y español.","She showed him that sometimes it is better to use the card before pressing the button and to ask for help in the shared kitchen, because the microwave mixes absurd instructions in English and Spanish.","CC BY-NC 4.0"
"es-primer-dia-en-la-oficina","s4","es","Spanish","es-ES","A2","https://melolingua.com/learn-spanish/a2-stories/primer-dia-en-la-oficina","Javier escuchó, tomó notas y, cerca del mediodía, ya había agradecido al equipo la bienvenida.","Javier listened, took notes, and by midday had already thanked the team for the welcome.","CC BY-NC 4.0"
"es-primer-dia-en-la-oficina","s5","es","Spanish","es-ES","A2","https://melolingua.com/learn-spanish/a2-stories/primer-dia-en-la-oficina","Envió un correo breve con metas mensuales modestas y prometió responder antes de cerrar porque todavía no reconocía bien todas las listas profesionales de correo.","He sent a brief email with modest monthly goals and promised to reply before closing because he still didn't recognize all the professional mailing lists well.","CC BY-NC 4.0"
"es-una-tarde-en-la-biblioteca","s1","es","Spanish","es-ES","A2","https://melolingua.com/learn-spanish/a2-stories/una-tarde-en-la-biblioteca","Clara necesitaba estudiar para un examen importante, pero en su casa había demasiado ruido.","Clara needed to study for an important exam, but there was too much noise at home.","CC BY-NC 4.0"
"es-una-tarde-en-la-biblioteca","s2","es","Spanish","es-ES","A2","https://melolingua.com/learn-spanish/a2-stories/una-tarde-en-la-biblioteca","Su hermano escuchaba música a todo volumen y su madre hablaba por teléfono sin parar. Por eso, decidió ir a la biblioteca del barrio, un refugio de silencio.","Her brother was blasting music and her mother was endlessly chatting on the phone. So she decided to go to the neighborhood library, a haven of silence.","CC BY-NC 4.0"
"es-una-tarde-en-la-biblioteca","s3","es","Spanish","es-ES","A2","https://melolingua.com/learn-spanish/a2-stories/una-tarde-en-la-biblioteca","Al llegar, encontró una mesa junto a la ventana y sacó sus libros con cuidado. Durante una hora, leyó en silencio y tomó notas.","When she arrived, she found a table by the window and carefully took out her books. For an hour, she read quietly and took notes.","CC BY-NC 4.0"
"es-una-tarde-en-la-biblioteca","s4","es","Spanish","es-ES","A2","https://melolingua.com/learn-spanish/a2-stories/una-tarde-en-la-biblioteca","Luego, un señor mayor se sentó cerca de ella y dejó caer unos papeles al suelo. Clara lo ayudó a recogerlos, sonriendo con amabilidad.","Then an older man sat near her and dropped some papers on the floor. Clara helped him pick them up, smiling kindly.","CC BY-NC 4.0"
"es-una-tarde-en-la-biblioteca","s5","es","Spanish","es-ES","A2","https://melolingua.com/learn-spanish/a2-stories/una-tarde-en-la-biblioteca","El hombre sonrió y le dijo que había sido profesor de historia durante treinta años.","The man smiled and told her he had been a history teacher for thirty years.","CC BY-NC 4.0"
"es-una-tarde-en-la-biblioteca","s6","es","Spanish","es-ES","A2","https://melolingua.com/learn-spanish/a2-stories/una-tarde-en-la-biblioteca","Antes de irse, le recomendó un libro fascinante sobre viajes antiguos.","Before leaving, he recommended a fascinating book about ancient travels.","CC BY-NC 4.0"
"es-una-tarde-en-la-biblioteca","s7","es","Spanish","es-ES","A2","https://melolingua.com/learn-spanish/a2-stories/una-tarde-en-la-biblioteca","Clara volvió a casa con sus apuntes terminados y una nueva lectura intrigante para el fin de semana.","Clara went home with her notes finished and an intriguing new book for the weekend.","CC BY-NC 4.0"
"es-el-puente-de-septiembre","s1","es","Spanish","es-ES","B1","https://melolingua.com/learn-spanish/b1-stories/el-puente-de-septiembre","Habían planeado el puente de septiembre en Cádiz desde que empezó el verano, con la idea de tumbarse al sol y nadar todo el fin de semana.","They had planned the September long weekend in Cádiz since the summer began, with the idea of lying in the sun and swimming all weekend.","CC BY-NC 4.0"
"es-el-puente-de-septiembre","s2","es","Spanish","es-ES","B1","https://melolingua.com/learn-spanish/b1-stories/el-puente-de-septiembre","Llegaron al hostal el viernes por la tarde y la dueña, una mujer de unos sesenta años, les dio las llaves con una sonrisa y les deseó buen fin de semana.","They arrived at the hostel on Friday afternoon and the owner, a woman about sixty, gave them the keys with a smile and wished them a good weekend.","CC BY-NC 4.0"
"es-el-puente-de-septiembre","s3","es","Spanish","es-ES","B1","https://melolingua.com/learn-spanish/b1-stories/el-puente-de-septiembre","El sábado amaneció nublado y el viento soplaba con fuerza. «Esto no pinta bien», dijo Marcos mientras miraba el cielo.","Saturday dawned cloudy and the wind was blowing hard. 'This doesn't look good,' said Marcos while looking at the sky.","CC BY-NC 4.0"
"es-el-puente-de-septiembre","s4","es","Spanish","es-ES","B1","https://melolingua.com/learn-spanish/b1-stories/el-puente-de-septiembre","A media mañana empezó a llover y tuvieron que refugiarse en un bar cerca del paseo marítimo.","Mid-morning it started to rain and they had to take shelter in a bar near the promenade.","CC BY-NC 4.0"
"es-el-puente-de-septiembre","s5","es","Spanish","es-ES","B1","https://melolingua.com/learn-spanish/b1-stories/el-puente-de-septiembre","Allí, un anciano del pueblo les oyó hablar de la playa y les dijo: «Si queréis ver algo bonito de verdad, id a la cala de los Pájaros. Está escondida, pero merece la pena».","There, an elderly local man heard them talking about the beach and told them: 'If you want to see something truly beautiful, go to the Birds' Cove. It's hidden, but it's worth it.'","CC BY-NC 4.0"
"es-el-puente-de-septiembre","s6","es","Spanish","es-ES","B1","https://melolingua.com/learn-spanish/b1-stories/el-puente-de-septiembre","Marcos y Carla se miraron. No tenían plan B y la lluvia no parecía que fuera a parar. «Podríamos probar», dijo Carla encogiéndose de hombros.","Marcos and Carla looked at each other. They didn't have a Plan B and the rain didn't seem like it was going to stop. 'We could try,' said Carla shrugging.","CC BY-NC 4.0"
"es-el-puente-de-septiembre","s7","es","Spanish","es-ES","B1","https://melolingua.com/learn-spanish/b1-stories/el-puente-de-septiembre","Volvieron al hostal a preguntarle a la dueña cómo llegar. Ella sonrió y dibujó un mapa en una servilleta.","They went back to the hostel to ask the owner how to get there. She smiled and drew a map on a napkin.","CC BY-NC 4.0"
"es-el-puente-de-septiembre","s8","es","Spanish","es-ES","B1","https://melolingua.com/learn-spanish/b1-stories/el-puente-de-septiembre","El sendero era estrecho y resbaladizo por la lluvia. A veces tenían que sujetarse a las rocas para no caerse, pero el paisaje era impresionante.","The trail was narrow and slippery from the rain. Sometimes they had to hold onto the rocks to keep from falling, but the landscape was stunning.","CC BY-NC 4.0"
"es-el-puente-de-septiembre","s9","es","Spanish","es-ES","B1","https://melolingua.com/learn-spanish/b1-stories/el-puente-de-septiembre","Cuando llegaron a la cala, dejó de llover y el sol se abrió paso entre las nubes. El agua era turquesa y las rocas formaban una piscina natural.","When they reached the cove, it stopped raining and the sun broke through the clouds. The water was turquoise and the rocks formed a natural pool.","CC BY-NC 4.0"
"es-el-puente-de-septiembre","s10","es","Spanish","es-ES","B1","https://melolingua.com/learn-spanish/b1-stories/el-puente-de-septiembre","«Menos mal que no nos quedamos en la playa», dijo Marcos. Carla asintió. A veces un plan frustrado es el mejor plan de todos.","'Good thing we didn't stay at the beach,' said Marcos. Carla nodded. Sometimes a failed plan is the best plan of all.","CC BY-NC 4.0"
"es-la-bandeja-equivocada","s1","es","Spanish","es-ES","B1","https://melolingua.com/learn-spanish/b1-stories/la-bandeja-equivocada","A las ocho y media, Lucía entró en la cafetería-panadería de la esquina, donde el escaparate brillaba con napolitanas de chocolate y barras calientes.","At eight thirty, Lucía walked into the corner bakery-café, where the window display gleamed with chocolate pastries and warm loaves.","CC BY-NC 4.0"
"es-la-bandeja-equivocada","s2","es","Spanish","es-ES","B1","https://melolingua.com/learn-spanish/b1-stories/la-bandeja-equivocada","Pidió dos cafés con leche y una bandeja de mini cruasanes para la reunión del estudio; la pagó con tarjeta y se quedó esperando junto a la barra.","She ordered two coffees with milk and a tray of mini croissants for the studio meeting; she paid for it by card and waited by the counter.","CC BY-NC 4.0"
"es-la-bandeja-equivocada","s3","es","Spanish","es-ES","B1","https://melolingua.com/learn-spanish/b1-stories/la-bandeja-equivocada","Cuando salió Clara, la camarera nueva, con la bandeja, un hombre con prisa la tomó pensando que era suya.","When Clara, the new waitress, came out with the tray, a man in a hurry took it, thinking it was his.","CC BY-NC 4.0"
"es-la-bandeja-equivocada","s4","es","Spanish","es-ES","B1","https://melolingua.com/learn-spanish/b1-stories/la-bandeja-equivocada","Lucía miró el recibo entre las servilletas y preguntó con cuidado: “Perdona, Clara, ¿me lo guardaste detrás de la cafetera?”","Lucía looked at the receipt among the napkins and asked gently, “Sorry, Clara, did you put it aside for me behind the coffee machine?”","CC BY-NC 4.0"
"es-la-bandeja-equivocada","s5","es","Spanish","es-ES","B1","https://melolingua.com/learn-spanish/b1-stories/la-bandeja-equivocada","Clara se quedó pálida al ver la mesa vacía: “No, lo siento, se la di al señor del abrigo azul”.","Clara went pale when she saw the empty table. “No, I’m sorry, I gave it to the man in the blue coat.”","CC BY-NC 4.0"
"es-la-bandeja-equivocada","s6","es","Spanish","es-ES","B1","https://melolingua.com/learn-spanish/b1-stories/la-bandeja-equivocada","Lucía dudó entre exigir otra bandeja gratis o esperar quince minutos a que hornearan más, porque en el estudio ya la esperaban.","Lucía hesitated between demanding another free tray or waiting fifteen minutes for more to be baked, because they were already waiting for her at the studio.","CC BY-NC 4.0"
"es-la-bandeja-equivocada","s7","es","Spanish","es-ES","B1","https://melolingua.com/learn-spanish/b1-stories/la-bandeja-equivocada","El dueño, que había oído todo, dijo: “La equivocación fue nuestra; los hacemos ahora y te invitamos a los cafés”.","The owner, who had heard everything, said, “The mistake was ours; we’ll make them now, and the coffees are on us.”","CC BY-NC 4.0"
"es-la-bandeja-equivocada","s8","es","Spanish","es-ES","B1","https://melolingua.com/learn-spanish/b1-stories/la-bandeja-equivocada","Lucía aceptó con una condición: si volvía el cliente confundido, no lo avergonzarían delante de todos. Diez minutos después, el hombre volvió con la caja casi llena y dijo: “Los cogí sin mirar; mil disculpas”.","Lucía accepted on one condition: if the confused customer came back, they wouldn’t embarrass him in front of everyone. Ten minutes later, the man came back with the box almost full and said, “I grabbed them without looking; I’m really sorry.”","CC BY-NC 4.0"
"es-la-carta-de-reclamacion","s1","es","Spanish","es-ES","B1","https://melolingua.com/learn-spanish/b1-stories/la-carta-de-reclamacion","Sofia llegó a la oficina de Valencia a las ocho y media con un café en la mano y una duda en la cabeza: cómo redactar una carta de reclamación sin sonar agresiva.","Sofia arrived at the Valencia office at eight thirty with a coffee in her hand and a doubt in her head: how to draft a complaint letter without sounding aggressive.","CC BY-NC 4.0"
"es-la-carta-de-reclamacion","s2","es","Spanish","es-ES","B1","https://melolingua.com/learn-spanish/b1-stories/la-carta-de-reclamacion","Su jefe, el señor Gallardo, le había pasado el caso la noche anterior: un cliente importante llevaba tres semanas esperando un pedido que nunca llegó completo.","Her boss, Mr. Gallardo, had passed the case to her the night before: an important client had been waiting three weeks for an order that never arrived complete.","CC BY-NC 4.0"
"es-la-carta-de-reclamacion","s3","es","Spanish","es-ES","B1","https://melolingua.com/learn-spanish/b1-stories/la-carta-de-reclamacion","El cliente tenía razón: había pagado por adelantado y el material no solo llegó tarde, sino que faltaban tres cajas.","The client was right: he had paid in advance and the material not only arrived late but three boxes were missing.","CC BY-NC 4.0"
"es-la-carta-de-reclamacion","s4","es","Spanish","es-ES","B1","https://melolingua.com/learn-spanish/b1-stories/la-carta-de-reclamacion","Sofia abrió el procesador de textos y escribió: «Estimado cliente, lamentamos informarle...». Borró todo y empezó de nuevo.","Sofia opened the word processor and wrote: 'Dear client, we regret to inform you...' She deleted everything and started again.","CC BY-NC 4.0"
"es-la-carta-de-reclamacion","s5","es","Spanish","es-ES","B1","https://melolingua.com/learn-spanish/b1-stories/la-carta-de-reclamacion","—El problema —le dijo su compañera Marta— no es reconocer el error, sino proponer una solución sin parecer débil.","'The problem,' her colleague Marta told her, 'isn't acknowledging the mistake, but proposing a solution without seeming weak.'","CC BY-NC 4.0"
"es-la-carta-de-reclamacion","s6","es","Spanish","es-ES","B1","https://melolingua.com/learn-spanish/b1-stories/la-carta-de-reclamacion","Sofia pensó en usar el condicional: «Le agradeceríamos que aceptara un descuento del quince por ciento en su próximo pedido». Sonaba respetuoso, no sumiso.","Sofia thought about using the conditional: 'We would appreciate it if you would accept a fifteen percent discount on your next order.' It sounded respectful, not submissive.","CC BY-NC 4.0"
"es-la-carta-de-reclamacion","s7","es","Spanish","es-ES","B1","https://melolingua.com/learn-spanish/b1-stories/la-carta-de-reclamacion","Pero el jefe quería algo más firme. «No podemos regalar descuentos cada vez que el almacén se equivoca», dijo.","But the boss wanted something firmer. 'We can't give away discounts every time the warehouse makes a mistake,' he said.","CC BY-NC 4.0"
"es-la-carta-de-reclamacion","s8","es","Spanish","es-ES","B1","https://melolingua.com/learn-spanish/b1-stories/la-carta-de-reclamacion","Sofia ajustó el tono. Explicó los hechos de forma objetiva, ofreció disculpas sin exagerar y propuso una reunión para revisar el proceso interno.","Sofia adjusted the tone. She explained the facts objectively, offered apologies without overdoing it, and proposed a meeting to review the internal process.","CC BY-NC 4.0"
"es-la-carta-de-reclamacion","s9","es","Spanish","es-ES","B1","https://melolingua.com/learn-spanish/b1-stories/la-carta-de-reclamacion","El señor Gallardo leyó la carta, asintió y dijo: «Esto sí. Firmes, pero con educación. El cliente sabe que nos tomamos en serio el problema».","Mr. Gallardo read the letter, nodded, and said: 'Now that's it. Firm, but polite. The client knows we take the problem seriously.'","CC BY-NC 4.0"
"es-la-carta-de-reclamacion","s10","es","Spanish","es-ES","B1","https://melolingua.com/learn-spanish/b1-stories/la-carta-de-reclamacion","Sofia sonrió. No había ganado ni perdido; simplemente había encontrado las palabras justas. A veces la cortesía bien usada es más poderosa que la presión.","Sofia smiled. She hadn't won or lost; she had simply found the right words. Sometimes well-used courtesy is more powerful than pressure.","CC BY-NC 4.0"
"es-la-cola-en-el-banco","s1","es","Spanish","es-ES","B1","https://melolingua.com/learn-spanish/b1-stories/la-cola-en-el-banco","Ana se colocó al final de la cola y suspiró. Eran las diez de la mañana y el banco estaba lleno.","Ana placed herself at the end of the line and sighed. It was ten in the morning and the bank was full.","CC BY-NC 4.0"
"es-la-cola-en-el-banco","s2","es","Spanish","es-ES","B1","https://melolingua.com/learn-spanish/b1-stories/la-cola-en-el-banco","Solo había una ventanilla abierta y la señora del número 34 discutía el cambio de su pensión con la cajera.","There was only one teller window open and the lady with number 34 was arguing about her pension change with the teller.","CC BY-NC 4.0"
"es-la-cola-en-el-banco","s3","es","Spanish","es-ES","B1","https://melolingua.com/learn-spanish/b1-stories/la-cola-en-el-banco","La espera se hizo más larga cuando la máquina de números se atascó y el recepcionista tuvo que reiniciarla.","The wait grew longer when the ticket machine jammed and the receptionist had to restart it.","CC BY-NC 4.0"
"es-la-cola-en-el-banco","s4","es","Spanish","es-ES","B1","https://melolingua.com/learn-spanish/b1-stories/la-cola-en-el-banco","Ana miró el reloj y calculó que llegaría tarde a su cita del médico. «Qué mañana», murmuró.","Ana looked at her watch and calculated that she would be late for her doctor's appointment. 'What a morning,' she murmured.","CC BY-NC 4.0"
"es-la-cola-en-el-banco","s5","es","Spanish","es-ES","B1","https://melolingua.com/learn-spanish/b1-stories/la-cola-en-el-banco","Detrás de ella, un hombre mayor comentó que antes el banco abría media hora antes y que nunca había tantas colas.","Behind her, an elderly man commented that before, the bank opened half an hour earlier and that there were never so many lines.","CC BY-NC 4.0"
"es-la-cola-en-el-banco","s6","es","Spanish","es-ES","B1","https://melolingua.com/learn-spanish/b1-stories/la-cola-en-el-banco","Ana asintió sin mirarlo. Pensó en llamar al médico para avisar del retraso, pero el móvil le indicaba batería baja.","Ana nodded without looking at him. She thought about calling the doctor to let them know about the delay, but her phone indicated a low battery.","CC BY-NC 4.0"
"es-la-cola-en-el-banco","s7","es","Spanish","es-ES","B1","https://melolingua.com/learn-spanish/b1-stories/la-cola-en-el-banco","Un joven con auriculares se quejó en voz alta de que el banco necesitaba más personal, y varias personas asintieron.","A young man with headphones complained loudly that the bank needed more staff, and several people nodded.","CC BY-NC 4.0"
"es-la-cola-en-el-banco","s8","es","Spanish","es-ES","B1","https://melolingua.com/learn-spanish/b1-stories/la-cola-en-el-banco","Ana ya iba a salirse de la cola cuando oyó que la señora mayor, que estaba delante, marcó un número en su móvil y empezó a hablar en voz baja.","Ana was about to leave the line when she heard the elderly lady in front dial a number on her mobile and start speaking quietly.","CC BY-NC 4.0"
"es-la-cola-en-el-banco","s9","es","Spanish","es-ES","B1","https://melolingua.com/learn-spanish/b1-stories/la-cola-en-el-banco","«No te preocupes, hija, ya conseguí el dinero. No hace falta que vengas corriendo», dijo la señora con una voz cansada pero tranquila.","'Don't worry, dear, I got the money. You don't need to come running,' said the lady with a tired but calm voice.","CC BY-NC 4.0"
"es-la-cola-en-el-banco","s10","es","Spanish","es-ES","B1","https://melolingua.com/learn-spanish/b1-stories/la-cola-en-el-banco","Ana sintió un nudo en la garganta. La señora colgó y Ana, en lugar de salirse, le ofreció su sitio en la cola.","Ana felt a lump in her throat. The lady hung up and Ana, instead of leaving, offered her spot in line.","CC BY-NC 4.0"
"es-la-feria-del-libro-en-madrid","s1","es","Spanish","es-ES","B1","https://melolingua.com/learn-spanish/b1-stories/la-feria-del-libro-en-madrid","Isa cruzó el Retiro hasta llegar a la feria, donde el aroma a papel nuevo y pimientos asados se mezclaba con las voces de los visitantes.","Isa crossed Retiro Park to reach the fair, where the scent of new paper and roasted peppers mingled with the visitors' voices.","CC BY-NC 4.0"
"es-la-feria-del-libro-en-madrid","s2","es","Spanish","es-ES","B1","https://melolingua.com/learn-spanish/b1-stories/la-feria-del-libro-en-madrid","Buscaba un ensayo profundo, y un librero la acompañó hasta una carpa cercana para recomendarle varios títulos.","She was looking for a thoughtful essay, and a bookseller accompanied her to a nearby tent to recommend several titles.","CC BY-NC 4.0"
"es-la-feria-del-libro-en-madrid","s3","es","Spanish","es-ES","B1","https://melolingua.com/learn-spanish/b1-stories/la-feria-del-libro-en-madrid","La cola tardaba medio siglo bajo el sol, pero la espera valió la pena: Isa compró una novela peculiar sobre una protagonista que colecciona carteles perdidos.","The line seemed to take forever under the sun, but the wait was worthwhile: Isa bought an unusual novel about a protagonist who collects lost posters.","CC BY-NC 4.0"
"es-la-feria-del-libro-en-madrid","s4","es","Spanish","es-ES","B1","https://melolingua.com/learn-spanish/b1-stories/la-feria-del-libro-en-madrid","En la siguiente carpa, una autora escribía dedicatorias. Isa le confesó que, si el ritmo se rompe demasiado tarde, deja el libro sin terminar.","In the next tent, an author was writing dedications. Isa confessed that if the pacing falls apart too late, she leaves the book unfinished.","CC BY-NC 4.0"
"es-la-feria-del-libro-en-madrid","s5","es","Spanish","es-ES","B1","https://melolingua.com/learn-spanish/b1-stories/la-feria-del-libro-en-madrid","La autora sonrió, escribió una dedicatoria para Isa y la leyó en voz alta antes de devolverle la novela.","The author smiled, wrote a dedication for Isa, and read it aloud before handing the novel back to her.","CC BY-NC 4.0"
"es-la-feria-del-libro-en-madrid","s6","es","Spanish","es-ES","B1","https://melolingua.com/learn-spanish/b1-stories/la-feria-del-libro-en-madrid","Isa guardó la novela y el ensayo en una bolsa reutilizable y decidió llamar a su hermana antes de cenar para contarle el encuentro.","Isa put the novel and the essay in a reusable bag and decided to call her sister before dinner to tell her about the encounter.","CC BY-NC 4.0"
"es-la-feria-del-libro-en-madrid","s7","es","Spanish","es-ES","B1","https://melolingua.com/learn-spanish/b1-stories/la-feria-del-libro-en-madrid","Esa noche abrió la novela firmada y leyó el primer capítulo sin mirar la hora.","That night, she opened the signed novel and read the first chapter without checking the time.","CC BY-NC 4.0"
"es-la-fila-en-la-farmacia","s1","es","Spanish","es-ES","B1","https://melolingua.com/learn-spanish/b1-stories/la-fila-en-la-farmacia","A las nueve, Elena entra en la farmacia de la Plaza del Salvador; el aire acondicionado pelea con el calor que entra cada vez que alguien abre la puerta de cristal.","At nine, Elena walks into the pharmacy on Plaza del Salvador; the air conditioning fights the heat that slips in whenever the door opens.","CC BY-NC 4.0"
"es-la-fila-en-la-farmacia","s2","es","Spanish","es-ES","B1","https://melolingua.com/learn-spanish/b1-stories/la-fila-en-la-farmacia","Coge el número 27 y mira la pantalla: delante de ella todavía hay seis turnos, una señora que consulta precios con calma infinita y un olor a mentol que llena el pasillo.","She takes number 27 and watches the screen: six people still ahead of her, plus a woman comparing prices with endless calm.","CC BY-NC 4.0"
"es-la-fila-en-la-farmacia","s3","es","Spanish","es-ES","B1","https://melolingua.com/learn-spanish/b1-stories/la-fila-en-la-farmacia","Necesita un spray nasal porque el polvo de la ciudad le seca la garganta antes del viaje a Córdoba.","She needs a nasal spray because city dust dries her throat before the trip to Córdoba.","CC BY-NC 4.0"
"es-la-fila-en-la-farmacia","s4","es","Spanish","es-ES","B1","https://melolingua.com/learn-spanish/b1-stories/la-fila-en-la-farmacia","Su madre, al altavoz, habla del domingo en el pueblo: «Trae fruta, hija, que tu padre no compra nada».","Her mother, on speakerphone, talks about Sunday in the village: “Bring fruit, love—your father never buys anything.”","CC BY-NC 4.0"
"es-la-fila-en-la-farmacia","s5","es","Spanish","es-ES","B1","https://melolingua.com/learn-spanish/b1-stories/la-fila-en-la-farmacia","La mujer de delante sonríe y comenta: «Mi nieta hace lo mismo; siempre promete y nunca llama».","The woman ahead smiles and says, “My granddaughter does the same—she always promises and never calls.”","CC BY-NC 4.0"
"es-la-fila-en-la-farmacia","s6","es","Spanish","es-ES","B1","https://melolingua.com/learn-spanish/b1-stories/la-fila-en-la-farmacia","Elena baja un poco el volumen, ríe con vergüenza y explica que el calor le da sobrecarga en los oídos.","Elena lowers the volume a little, laughs in embarrassment, and explains that the heat gives her ear strain.","CC BY-NC 4.0"
"es-la-fila-en-la-farmacia","s7","es","Spanish","es-ES","B1","https://melolingua.com/learn-spanish/b1-stories/la-fila-en-la-farmacia","«Beba más agua y no salga al sol del mediodía», recomienda la desconocida, mientras la cola avanza un paso.","“Drink more water and stay out of the midday sun,” the stranger advises, as the queue moves one step forward.","CC BY-NC 4.0"
"es-la-fila-en-la-farmacia","s8","es","Spanish","es-ES","B1","https://melolingua.com/learn-spanish/b1-stories/la-fila-en-la-farmacia","Cuando llega su turno, pide el spray, paga con el móvil y le dice a su madre: «Ya voy, mamá; guarda la sombra para mí».","When her turn comes, she asks for the spray, pays by phone, and tells her mother, “I’m on my way, Mum—save some shade for me.”","CC BY-NC 4.0"
"es-el-ascensor-que-no-llega","s1","es","Spanish","es-ES","B2","https://melolingua.com/learn-spanish/b2-stories/el-ascensor-que-no-llega","El ascensor del edificio llevaba tres días averiado y el cartel pegado en la puerta del lobby decía «Próximamente reparado» con una letra que alguien había tachado dos veces.","The building's elevator had been broken for three days and the sign stuck on the lobby door said 'Soon to be repaired' in handwriting that someone had crossed out twice.","CC BY-NC 4.0"
"es-el-ascensor-que-no-llega","s2","es","Spanish","es-ES","B2","https://melolingua.com/learn-spanish/b2-stories/el-ascensor-que-no-llega","Eran las ocho de la tarde de un jueves húmedo de noviembre. Paula, que vivía en el sexto, subía las escaleras cargada con una mochila y una bolsa de deporte cuando se encontró a don Ricardo en el descansillo del tercero.","It was eight o'clock on a humid Thursday evening in November. Paula, who lived on the sixth floor, was climbing the stairs with a backpack and a gym bag when she ran into Don Ricardo on the third-floor landing.","CC BY-NC 4.0"
"es-el-ascensor-que-no-llega","s3","es","Spanish","es-ES","B2","https://melolingua.com/learn-spanish/b2-stories/el-ascensor-que-no-llega","Don Ricardo tenía ochenta y dos años, vivía en el cuarto y rara vez salía. También regresaba a casa, con una bolsa de pan y un sobre en la mano. Se miraron: a ninguno le quedaba mucha energía para seguir subiendo.","Don Ricardo was eighty-two, lived on the fourth floor, and rarely went out. He too was returning home, with a bag of bread and an envelope in his hand. They looked at each other: neither had much energy left to keep climbing.","CC BY-NC 4.0"
"es-el-ascensor-que-no-llega","s4","es","Spanish","es-ES","B2","https://melolingua.com/learn-spanish/b2-stories/el-ascensor-que-no-llega","—¿Quiere que le ayude? —dijo Paula señalando la bolsa. Don Ricardo dudó. «Bueno, si no es mucha molestia...»","'Would you like me to help you?' Paula said, pointing at the bag. Don Ricardo hesitated. 'Well, if it's not too much trouble...'","CC BY-NC 4.0"
"es-el-ascensor-que-no-llega","s5","es","Spanish","es-ES","B2","https://melolingua.com/learn-spanish/b2-stories/el-ascensor-que-no-llega","Siguieron subiendo juntos. Paula caminaba despacio para que don Ricardo pudiera seguirle el ritmo. En el siguiente tramo, él se detuvo y dijo: «Antes de jubilarme, trabajaba en una imprenta. Llevo cuarenta años en este edificio».","They continued climbing together. Paula walked slowly so Don Ricardo could keep pace. On the next flight, he stopped and said, 'Before I retired, I worked at a printing press. I've lived in this building for forty years.'","CC BY-NC 4.0"
"es-el-ascensor-que-no-llega","s6","es","Spanish","es-ES","B2","https://melolingua.com/learn-spanish/b2-stories/el-ascensor-que-no-llega","Paula nunca había cruzado más de un «buenos días» con él. Ahora, en el silencio de la escalera, escuchaba cómo don Ricardo describía el Buenos Aires de los años setenta con una precisión que la sorprendió.","Paula had never exchanged more than a 'good morning' with him. Now, in the silence of the stairwell, she listened as Don Ricardo described the Buenos Aires of the seventies with a precision that surprised her.","CC BY-NC 4.0"
"es-el-ascensor-que-no-llega","s7","es","Spanish","es-ES","B2","https://melolingua.com/learn-spanish/b2-stories/el-ascensor-que-no-llega","—Usted sabe cómo era la ciudad antes de que pusieran esos contenedores grises por todas partes —dijo él señalando la calle a través de la ventana del rellano—. Todo era más humano.","'You know how the city was before they put those grey containers everywhere,' he said, pointing at the street through the landing window. 'Everything was more human.'","CC BY-NC 4.0"
"es-el-ascensor-que-no-llega","s8","es","Spanish","es-ES","B2","https://melolingua.com/learn-spanish/b2-stories/el-ascensor-que-no-llega","—A veces pienso que ojalá la ciudad no hubiera cambiado tanto —dijo Paula casi sin pensarlo. Don Ricardo la miró como si acabara de descubrir que la chica del sexto tenía opiniones.","'Sometimes I think I wish the city hadn't changed so much,' Paula said almost without thinking. Don Ricardo looked at her as if he had just discovered that the girl from the sixth floor had opinions.","CC BY-NC 4.0"
"es-el-ascensor-que-no-llega","s9","es","Spanish","es-ES","B2","https://melolingua.com/learn-spanish/b2-stories/el-ascensor-que-no-llega","Llegaron al cuarto piso. Don Ricardo abrió la puerta de su departamento y, en lugar de despedirse, dijo: «Si el ascensor no se arregla pronto, mañana a las seis la espero abajo. Así no sube sola».","They reached the fourth floor. Don Ricardo opened his apartment door and, instead of saying goodbye, said, 'If the elevator isn't fixed soon, I'll wait for you downstairs tomorrow at six. That way you won't climb alone.'","CC BY-NC 4.0"
"es-el-ascensor-que-no-llega","s10","es","Spanish","es-ES","B2","https://melolingua.com/learn-spanish/b2-stories/el-ascensor-que-no-llega","Paula sonrió. «Ojalá el ascensor tarde un poco más en arreglarse», pensó mientras subía los últimos tramos. No recordaba la última vez que alguien la había esperado al pie de las escaleras.","Paula smiled. 'I hope the elevator takes a little longer to get fixed,' she thought as she climbed the last flights. She couldn't remember the last time someone had waited for her at the bottom of the stairs.","CC BY-NC 4.0"
"es-el-ascensor-que-no-llega","s11","es","Spanish","es-ES","B2","https://melolingua.com/learn-spanish/b2-stories/el-ascensor-que-no-llega","Al día siguiente, cuando Paula volvía del trabajo, vio a don Ricardo sentado en el banco del lobby con un libro en la mano. Al verla, sonrió y dijo: «Todavía no lo arreglaron. La estaba esperando».","The next day, as Paula returned from work, she saw Don Ricardo sitting on the lobby bench with a book in his hand. When he saw her, he smiled and said, 'They still haven't fixed it. I was waiting for you.'","CC BY-NC 4.0"
"es-el-ascensor-que-no-llega","s12","es","Spanish","es-ES","B2","https://melolingua.com/learn-spanish/b2-stories/el-ascensor-que-no-llega","Subieron juntos y don Ricardo le contó que su nieta estudiaba diseño gráfico, casi lo mismo que hacía Paula. Al llegar al cuarto, Paula dijo: «Mañana lo espero yo a usted».","They climbed together, and Don Ricardo told her that his granddaughter studied graphic design, almost the same field Paula worked in. When they reached the fourth floor, Paula said, 'Tomorrow I'll wait for you.'","CC BY-NC 4.0"
"es-el-juicio","s1","es","Spanish","es-ES","B2","https://melolingua.com/learn-spanish/b2-stories/el-juicio","La sala del juzgado olía a madera vieja y a papeles acumulados durante décadas. El reloj de pared marcaba las diez y media y el termostato funcionaba mal, como siempre.","The courtroom smelled of old wood and papers accumulated over decades. The wall clock read ten thirty and the thermostat was malfunctioning, as always.","CC BY-NC 4.0"
"es-el-juicio","s2","es","Spanish","es-ES","B2","https://melolingua.com/learn-spanish/b2-stories/el-juicio","La abogada joven, Andrea, colocó sus papeles sobre la mesa y respiró hondo. Su cliente, un señor mayor llamado don Emilio, la miraba con confianza. La demanda parecía sencilla: un límite de finca mal medido.","The young lawyer, Andrea, placed her papers on the table and took a deep breath. Her client, an elderly man named Don Emilio, looked at her with confidence. The lawsuit seemed simple: a poorly measured property boundary.","CC BY-NC 4.0"
"es-el-juicio","s3","es","Spanish","es-ES","B2","https://melolingua.com/learn-spanish/b2-stories/el-juicio","El juez, un hombre canoso de gesto serio, dio inicio al juicio con un golpe seco de martillo. «Señoría, si me permite», comenzó Andrea, «me gustaría exponer los hechos de forma cronológica».","The judge, a grey-haired man with a serious expression, began the trial with a sharp bang of the gavel. 'Your Honor, if you'll allow me,' Andrea began, 'I would like to present the facts chronologically.'","CC BY-NC 4.0"
"es-el-juicio","s4","es","Spanish","es-ES","B2","https://melolingua.com/learn-spanish/b2-stories/el-juicio","La parte contraria, representada por un abogado de la ciudad, insistía en que don Emilio había construido un muro que invadía la propiedad del demandante.","The opposing party, represented by a city lawyer, insisted that Don Emilio had built a wall that encroached on the plaintiff's property.","CC BY-NC 4.0"
"es-el-juicio","s5","es","Spanish","es-ES","B2","https://melolingua.com/learn-spanish/b2-stories/el-juicio","«Con todo respeto», respondió Andrea, «insisto en que mi cliente actuó de buena fe. El muro se levantó donde, según la escritura de 1952, siempre estuvo el límite».","'With all due respect,' Andrea replied, 'I insist that my client acted in good faith. The wall was built where, according to the 1952 deed, the boundary always was.'","CC BY-NC 4.0"
"es-el-juicio","s6","es","Spanish","es-ES","B2","https://melolingua.com/learn-spanish/b2-stories/el-juicio","El abogado contrario llamó al primer testigo: una vecina del barrio que vivía en el número 12 desde hacía más de cuarenta años.","The opposing lawyer called the first witness: a neighbor from the neighborhood who had lived at number 12 for over forty years.","CC BY-NC 4.0"
"es-el-juicio","s7","es","Spanish","es-ES","B2","https://melolingua.com/learn-spanish/b2-stories/el-juicio","La mujer declaró que recordaba perfectamente el límite original porque, de niña, jugaba en ese terreno. Pero cuando el abogado le preguntó si estaba segura, ella dudó.","The woman testified that she clearly remembered the original boundary because, as a child, she played on that land. But when the lawyer asked if she was sure, she hesitated.","CC BY-NC 4.0"
"es-el-juicio","s8","es","Spanish","es-ES","B2","https://melolingua.com/learn-spanish/b2-stories/el-juicio","Fue entonces, durante el interrogatorio, cuando la testigo mencionó algo que no estaba en el expediente: «Don Emilio no es el dueño original. La finca era de su hermano, pero hubo un acuerdo verbal que nunca se escribió».","It was then, during cross-examination, that the witness mentioned something that wasn't in the file: 'Don Emilio isn't the original owner. The estate belonged to his brother, but there was a verbal agreement that was never written down.'","CC BY-NC 4.0"
"es-el-juicio","s9","es","Spanish","es-ES","B2","https://melolingua.com/learn-spanish/b2-stories/el-juicio","Andrea sintió que el suelo se movía bajo sus pies. Nadie le había hablado de un hermano. Miró a don Emilio, que tenía la mirada fija en la mesa y las manos temblorosas.","Andrea felt the ground move beneath her feet. No one had told her about a brother. She looked at Don Emilio, who was staring fixedly at the table with trembling hands.","CC BY-NC 4.0"
"es-el-juicio","s10","es","Spanish","es-ES","B2","https://melolingua.com/learn-spanish/b2-stories/el-juicio","Andrea pidió un receso. En el pasillo, don Emilio confesó: «Mi hermano se fue a América en los años sesenta y me dejó la casa. Nunca hicimos papeles. Éramos familia».","Andrea requested a recess. In the hallway, Don Emilio confessed: 'My brother went to America in the sixties and left me the house. We never did the paperwork. We were family.'","CC BY-NC 4.0"
"es-el-juicio","s11","es","Spanish","es-ES","B2","https://melolingua.com/learn-spanish/b2-stories/el-juicio","Andrea respiró hondo y volvió a la sala. Sabía que el caso ya no trataba de un muro, sino de algo más delicado: una promesa entre hermanos que el derecho no reconocía.","Andrea took a deep breath and returned to the courtroom. She knew the case was no longer about a wall, but about something more delicate: a promise between brothers that the law didn't recognize.","CC BY-NC 4.0"
"es-el-juicio","s12","es","Spanish","es-ES","B2","https://melolingua.com/learn-spanish/b2-stories/el-juicio","Andrea decidió cambiar de estrategia. Ya no discutiría el límite del terreno; pediría al juez que considerara la posesión continuada durante más de cincuenta años como título suficiente.","Andrea decided to change strategy. She would no longer argue the boundary; she would ask the judge to consider continuous possession for over fifty years as sufficient title.","CC BY-NC 4.0"
"es-el-juicio","s13","es","Spanish","es-ES","B2","https://melolingua.com/learn-spanish/b2-stories/el-juicio","El juez escuchó los argumentos, ajustó las gafas y guardó silencio durante un minuto que a Andrea le pareció una hora.","The judge listened to the arguments, adjusted his glasses, and remained silent for a minute that felt like an hour to Andrea.","CC BY-NC 4.0"
"es-el-juicio","s14","es","Spanish","es-ES","B2","https://melolingua.com/learn-spanish/b2-stories/el-juicio","Al final, el juez dictó un fallo que sorprendió a ambos lados: reconoció el derecho de don Emilio, pero le ordenó pagar una indemnización simbólica al demandante por la falta de documentación.","In the end, the judge issued a ruling that surprised both sides: he recognized Don Emilio's right but ordered him to pay a symbolic compensation to the plaintiff for the lack of documentation.","CC BY-NC 4.0"
"es-el-mercado-de-artesanos","s1","es","Spanish","es-ES","B2","https://melolingua.com/learn-spanish/b2-stories/el-mercado-de-artesanos","El mercado de artesanos de Oaxaca bulle los sábados por la mañana. Clara, una turista inglesa, recorría los puestos con Pablo, un guía local que conocía cada rincón del mercado.","The Oaxaca artisan market buzzes on Saturday mornings. Clara, an English tourist, was walking through the stalls with Pablo, a local guide who knew every corner of the market.","CC BY-NC 4.0"
"es-el-mercado-de-artesanos","s2","es","Spanish","es-ES","B2","https://melolingua.com/learn-spanish/b2-stories/el-mercado-de-artesanos","Pablo señalaba los textiles, las máscaras de madera y las piezas de barro mientras explicaba el origen de cada pieza con una seguridad que Clara admiraba.","Pablo pointed out the textiles, the wooden masks, and the clay pieces while explaining the origin of each piece with a confidence that Clara admired.","CC BY-NC 4.0"
"es-el-mercado-de-artesanos","s3","es","Spanish","es-ES","B2","https://melolingua.com/learn-spanish/b2-stories/el-mercado-de-artesanos","En un puesto del fondo, un artesano zapoteca ordenaba piezas de barro pintadas a mano con formas de animales y flores. Clara se detuvo frente a una figura pequeña: un jaguar con manchas azules.","At a stall at the back, a Zapotec artisan was arranging hand-painted clay pieces shaped like animals and flowers. Clara stopped in front of a small figure: a jaguar with blue spots.","CC BY-NC 4.0"
"es-el-mercado-de-artesanos","s4","es","Spanish","es-ES","B2","https://melolingua.com/learn-spanish/b2-stories/el-mercado-de-artesanos","—¿Cuánto cuesta? —preguntó Clara en su español titubeante. El artesano sonrió y dijo un precio. Pablo intervino: «Dice que trescientos pesos. Un poco caro, pero es auténtico».","'How much does it cost?' Clara asked in her halting Spanish. The artisan smiled and said a price. Pablo interjected: 'He says three hundred pesos. A bit expensive, but it's authentic.'","CC BY-NC 4.0"
"es-el-mercado-de-artesanos","s5","es","Spanish","es-ES","B2","https://melolingua.com/learn-spanish/b2-stories/el-mercado-de-artesanos","Clara no sabía si era caro o barato. Le gustaba la figura, pero algo en la mirada del artesano la hizo sentir que aquella pieza no era un simple recuerdo de viaje.","Clara didn't know if it was expensive or cheap. She liked the figure, but something in the artisan's gaze made her feel that this piece wasn't a simple travel souvenir.","CC BY-NC 4.0"
"es-el-mercado-de-artesanos","s6","es","Spanish","es-ES","B2","https://melolingua.com/learn-spanish/b2-stories/el-mercado-de-artesanos","El artesano empezó a hablar en español, pero a media frase cambió a su lengua materna y dijo algo que Clara no entendió. Pablo frunció el ceño y no tradujo.","The artisan started speaking in Spanish, but mid-sentence he switched to his mother tongue and said something Clara didn't understand. Pablo frowned and didn't translate.","CC BY-NC 4.0"
"es-el-mercado-de-artesanos","s7","es","Spanish","es-ES","B2","https://melolingua.com/learn-spanish/b2-stories/el-mercado-de-artesanos","—¿Qué ha dicho? —preguntó Clara. Pablo dudó. «No es importante. Cosas del taller. ¿Quieres regatear o lo pagas?»","'What did he say?' Clara asked. Pablo hesitated. 'It's not important. Workshop things. Do you want to haggle or pay the price?'","CC BY-NC 4.0"
"es-el-mercado-de-artesanos","s8","es","Spanish","es-ES","B2","https://melolingua.com/learn-spanish/b2-stories/el-mercado-de-artesanos","Clara intuyó que Pablo evitaba algo. Pagó los trescientos pesos, pero en lugar de irse, se quedó mirando la pieza. «¿Por qué hizo ese jaguar?», preguntó directamente al artesano.","Clara sensed that Pablo was avoiding something. She paid the three hundred pesos, but instead of leaving, she stayed looking at the piece. 'Why did you make this jaguar?' she asked the artisan directly.","CC BY-NC 4.0"
"es-el-mercado-de-artesanos","s9","es","Spanish","es-ES","B2","https://melolingua.com/learn-spanish/b2-stories/el-mercado-de-artesanos","El artesano la miró a los ojos. Entonces, con gestos y palabras sueltas, le contó una historia que Clara entendió a medias: el jaguar era el guardián de un manantial que su abuelo había protegido hasta que llegaron las carreteras.","The artisan looked her in the eyes. Then, with gestures and scattered words, he told her a story that Clara half-understood: the jaguar was the guardian of a spring that his grandfather had protected until the roads came.","CC BY-NC 4.0"
"es-el-mercado-de-artesanos","s10","es","Spanish","es-ES","B2","https://melolingua.com/learn-spanish/b2-stories/el-mercado-de-artesanos","Pablo escuchó en silencio. Cuando el artesano terminó, Pablo dijo: «Dice que el jaguar se quedó sin agua. Que la figura guarda la memoria del lugar donde él creció. No quise traducirlo porque no sabía si era para tanto».","Pablo listened in silence. When the artisan finished, Pablo said: 'He says the jaguar was left without water. That the figure holds the memory of the place where he grew up. I didn't want to translate it because I didn't know if it was a big deal.'","CC BY-NC 4.0"
"es-el-mercado-de-artesanos","s11","es","Spanish","es-ES","B2","https://melolingua.com/learn-spanish/b2-stories/el-mercado-de-artesanos","Clara guardó la pieza con más cuidado que si fuera de cristal. No era un jaguar decorativo: era un testimonio de barro, la memoria de un lugar que ya no existía.","Clara put the piece away more carefully than if it were made of glass. It wasn't a decorative jaguar: it was a clay testimony, the memory of a place that no longer existed.","CC BY-NC 4.0"
"es-el-mercado-de-artesanos","s12","es","Spanish","es-ES","B2","https://melolingua.com/learn-spanish/b2-stories/el-mercado-de-artesanos","Al salir del mercado, Clara dijo: «¿Sabes? Prefiero no haber entendido la traducción completa. Algunas historias se sienten mejor sin palabras exactas».","Upon leaving the market, Clara said: 'You know? I prefer not having understood the full translation. Some stories feel better without exact words.'","CC BY-NC 4.0"
"es-el-vuelo-reprogramado","s1","es","Spanish","es-ES","B2","https://melolingua.com/learn-spanish/b2-stories/el-vuelo-reprogramado","Pablo llegó a Atocha con la maleta pequeña y el abrigo a medio abrochar; el vestíbulo olía a café de máquina, a lluvia reciente y a anuncios que se solapaban en los altavoces.","Pablo reached Atocha with a small suitcase and his coat half-buttoned; the concourse smelled of machine coffee and recent rain.","CC BY-NC 4.0"
"es-el-vuelo-reprogramado","s2","es","Spanish","es-ES","B2","https://melolingua.com/learn-spanish/b2-stories/el-vuelo-reprogramado","Abrió la app de la aerolínea: la pantalla parpadeó y cancelaron el vuelo de las diez por niebla en Lisboa.","He opened the airline app: the screen flickered, and they cancelled the ten o’clock flight because of fog in Lisbon.","CC BY-NC 4.0"
"es-el-vuelo-reprogramado","s3","es","Spanish","es-ES","B2","https://melolingua.com/learn-spanish/b2-stories/el-vuelo-reprogramado","Los altavoces anunciaron retrasos en voz metálica; Pablo apretó el teléfono contra la oreja, miró el panel de salidas y esperó veinte minutos atrapado en la música de espera.","The loudspeakers announced delays in a metallic voice; Pablo pressed the phone to his ear and waited twenty minutes to hold music.","CC BY-NC 4.0"
"es-el-vuelo-reprogramado","s4","es","Spanish","es-ES","B2","https://melolingua.com/learn-spanish/b2-stories/el-vuelo-reprogramado","«Solo quedan plazas en la reprogramación de mañana», dijo la agente, «o un tren nocturno con enlace al amanecer».","“Only seats on tomorrow’s rescheduled flight remain,” said the agent, “or a night train with a connection at dawn.”","CC BY-NC 4.0"
"es-el-vuelo-reprogramado","s5","es","Spanish","es-ES","B2","https://melolingua.com/learn-spanish/b2-stories/el-vuelo-reprogramado","Pablo colgó, corrió al mostrador de la compañía y mostró el DNI entre dos viajeros que discutían por una maleta perdida.","Pablo hung up, ran to the company counter, and showed his ID between two travellers arguing over a lost suitcase.","CC BY-NC 4.0"
"es-el-vuelo-reprogramado","s6","es","Spanish","es-ES","B2","https://melolingua.com/learn-spanish/b2-stories/el-vuelo-reprogramado","La empleada tecleó, suspiró y le entregó un código: «Tiene hasta las ocho para confirmar el tren en la app».","The clerk typed, sighed, and handed him a code: “You have until eight to confirm the train in the app.”","CC BY-NC 4.0"
"es-el-vuelo-reprogramado","s7","es","Spanish","es-ES","B2","https://melolingua.com/learn-spanish/b2-stories/el-vuelo-reprogramado","Aceptó el enlace por la mañana, compró un bocadillo en la cafetería del andén y guardó el billete en el móvil.","He accepted the morning connection, bought a sandwich at the platform café, and saved the ticket on his phone.","CC BY-NC 4.0"
"es-el-vuelo-reprogramado","s8","es","Spanish","es-ES","B2","https://melolingua.com/learn-spanish/b2-stories/el-vuelo-reprogramado","Cuando sonó la megafonía del andén 8, Pablo recogió la maleta y caminó entre turistas que miraban paneles interminables.","When platform 8 was called over the PA, Pablo picked up his bag and walked among tourists staring at endless screens.","CC BY-NC 4.0"
"es-el-vuelo-reprogramado","s9","es","Spanish","es-ES","B2","https://melolingua.com/learn-spanish/b2-stories/el-vuelo-reprogramado","El tren entró con un frenazo suave; subió, encontró su asiento junto a la ventana empañada y respiró por primera vez en horas.","The train rolled in with a gentle brake; he boarded, found his seat by the fogged window, and breathed properly for the first time in hours.","CC BY-NC 4.0"
"es-el-vuelo-reprogramado","s10","es","Spanish","es-ES","B2","https://melolingua.com/learn-spanish/b2-stories/el-vuelo-reprogramado","Mientras Madrid se alejaba por la vía hacia el sur, escribió a su hermana: «No volé, pero llego a Lisboa al mediodía; guarda el almuerzo y el billete nuevo».","As Madrid fell away, he texted his sister: “I didn’t fly, but I’ll reach Lisbon by noon—save me lunch.”","CC BY-NC 4.0"
"es-la-entrevista-final","s1","es","Spanish","es-ES","B2","https://melolingua.com/learn-spanish/b2-stories/la-entrevista-final","Era la tercera entrevista en dos semanas. Valeria había pasado la prueba técnica, la conversación con recursos humanos y ahora, frente a ella, estaban el gerente de área y una mujer que no se había presentado.","It was the third interview in two weeks. Valeria had passed the technical test, the HR conversation, and now, in front of her, were the area manager and a woman who had not introduced herself.","CC BY-NC 4.0"
"es-la-entrevista-final","s2","es","Spanish","es-ES","B2","https://melolingua.com/learn-spanish/b2-stories/la-entrevista-final","El gerente, un hombre de unos cincuenta años que se llamaba Arturo, comenzó con preguntas estándar: «Cuénteme sobre su experiencia liderando equipos. ¿Qué haría si un proyecto se retrasa?»","The manager, a man about fifty named Arturo, started with standard questions: «Tell me about your experience leading teams. What would you do if a project is delayed?»","CC BY-NC 4.0"
"es-la-entrevista-final","s3","es","Spanish","es-ES","B2","https://melolingua.com/learn-spanish/b2-stories/la-entrevista-final","Valeria respondía con seguridad. Había ensayado cada respuesta con su hermana mayor y sabía que el tono era tan importante como el contenido. Pero la mujer silenciosa no dejaba de mirarla.","Valeria answered confidently. She had rehearsed each answer with her older sister and knew that tone was as important as content. But the silent woman kept looking at her.","CC BY-NC 4.0"
"es-la-entrevista-final","s4","es","Spanish","es-ES","B2","https://melolingua.com/learn-spanish/b2-stories/la-entrevista-final","«¿Y si le pido que me describa un fracaso profesional, no una lección aprendida, sino un error real que todavía le duela?», preguntó la mujer. Arturo levantó una ceja; claramente esa pregunta no estaba en el guion.","«And if I ask you to describe a professional failure, not a lesson learned, but a real mistake that still hurts?» the woman asked. Arturo raised an eyebrow; clearly that question was not in the script.","CC BY-NC 4.0"
"es-la-entrevista-final","s5","es","Spanish","es-ES","B2","https://melolingua.com/learn-spanish/b2-stories/la-entrevista-final","Valeria sintió que el suelo se abría. De repente, todas las respuestas preparadas dejaron de servir. Podía mentir o inventar un error menor, pero algo en la mirada de la mujer le dijo que detectaría la ficción.","Valeria felt the floor open beneath her. Suddenly, all her prepared answers became useless. She could lie or invent a minor mistake, but something in the woman's gaze told her that the interviewer would detect the fiction.","CC BY-NC 4.0"
"es-la-entrevista-final","s6","es","Spanish","es-ES","B2","https://melolingua.com/learn-spanish/b2-stories/la-entrevista-final","Valeria respiró hondo y habló: «Hace dos años, lideré un proyecto de lanzamiento de producto en el que no escuché a mi equipo. Tenía prisa por cumplir el plazo y tomé decisiones unilaterales. El producto salió, pero dos personas renunciaron después».","Valeria took a deep breath and spoke: «Two years ago, I led a product launch project where I did not listen to my team. I was in a hurry to meet the deadline and made unilateral decisions. The product launched, but two people quit afterward.»","CC BY-NC 4.0"
"es-la-entrevista-final","s7","es","Spanish","es-ES","B2","https://melolingua.com/learn-spanish/b2-stories/la-entrevista-final","Hubo un silencio. La mujer dejó de escribir. «¿Y qué aprendió?», preguntó. No era la típica pregunta de cierre; había un tono genuino de curiosidad.","There was a silence. The woman stopped writing. «And what did you learn?» she asked. It was not the typical closing question; there was a genuine tone of curiosity.","CC BY-NC 4.0"
"es-la-entrevista-final","s8","es","Spanish","es-ES","B2","https://melolingua.com/learn-spanish/b2-stories/la-entrevista-final","«Aprendí», dijo Valeria, «que liderar no es solo tomar decisiones correctas, sino crear un espacio donde el equipo pueda decir que algo no va bien sin miedo. Aprendí que la confianza se gana escuchando, no dirigiendo».","«I learned,» said Valeria, «that leading is not just about making the right decisions, but creating a space where the team can say something is not going well without fear. I learned that trust is earned by listening, not directing.»","CC BY-NC 4.0"
"es-la-entrevista-final","s9","es","Spanish","es-ES","B2","https://melolingua.com/learn-spanish/b2-stories/la-entrevista-final","Arturo asintió. La mujer cerró su cuaderno. «Gracias. Eso es exactamente lo que necesitaba oír. No la respuesta perfecta, sino la honestidad del error».","Arturo nodded. The woman closed her notebook. «Thank you. That is exactly what I needed to hear. Not the perfect answer, but the honesty of the mistake.»","CC BY-NC 4.0"
"es-la-entrevista-final","s10","es","Spanish","es-ES","B2","https://melolingua.com/learn-spanish/b2-stories/la-entrevista-final","Valeria sonrió. No sabía si le ofrecerían el puesto, pero había algo más valioso: había dicho la verdad y, por primera vez en ese proceso, no se sintió como una candidata, sino como una persona.","Valeria smiled. She did not know if they would offer her the position, but there was something more valuable: she had told the truth, and for the first time in that process, she did not feel like a candidate, but like a person.","CC BY-NC 4.0"
"es-la-entrevista-final","s11","es","Spanish","es-ES","B2","https://melolingua.com/learn-spanish/b2-stories/la-entrevista-final","Al salir, la mujer silenciosa la alcanzó en el ascensor. «No todo el mundo admite un error así. Vuelva mañana para hablar con el director general».","As she was leaving, the silent woman caught up with her in the elevator. «Not everyone admits that kind of mistake. Come back tomorrow to speak with the CEO.»","CC BY-NC 4.0"
"es-la-entrevista-final","s12","es","Spanish","es-ES","B2","https://melolingua.com/learn-spanish/b2-stories/la-entrevista-final","Valeria no supo qué responder. A veces la puerta que parece cerrarse es la que se abre de verdad.","Valeria did not know what to answer. Sometimes the door that seems to close is the one that truly opens.","CC BY-NC 4.0"
"es-la-renuncia-por-correo","s1","es","Spanish","es-ES","B2","https://melolingua.com/learn-spanish/b2-stories/la-renuncia-por-correo","Era casi las siete cuando Marta entró en el despacho de la Diagonal; el aire olía a café recalentado, a tinta fresca de la impresora y a lluvia que golpeaba los ventanales.","It was nearly seven when Marta stepped into her office on the Diagonal; the air smelled of reheated coffee, fresh printer ink, and rain tapping the glass walls.","CC BY-NC 4.0"
"es-la-renuncia-por-correo","s2","es","Spanish","es-ES","B2","https://melolingua.com/learn-spanish/b2-stories/la-renuncia-por-correo","La revisión del martes seguía abierta en la pantalla: comentarios en rojo que parecían más duros cada vez que los releía, como si alguien hubiera escrito el veredicto antes de escucharla.","Tuesday’s review was still open on her screen—red comments that seemed harsher every time she read them again.","CC BY-NC 4.0"
"es-la-renuncia-por-correo","s3","es","Spanish","es-ES","B2","https://melolingua.com/learn-spanish/b2-stories/la-renuncia-por-correo","Mientras cerraba la puerta de cristal, oía a su jefe alzar la voz en la sala contigua; detrás, alguien reía con nerviosismo, como si el pasillo fuera un altavoz.","As she shut the glass door, she could hear her boss raising his voice in the next room; behind that, someone laughed nervously, as if the hallway were a loudspeaker.","CC BY-NC 4.0"
"es-la-renuncia-por-correo","s4","es","Spanish","es-ES","B2","https://melolingua.com/learn-spanish/b2-stories/la-renuncia-por-correo","Abrió el portátil y escribió el asunto: «Renuncia voluntaria», con manos que ya no temblaban del todo.","She opened her laptop and typed the subject line: “Voluntary resignation,” with hands that no longer trembled quite so much.","CC BY-NC 4.0"
"es-la-renuncia-por-correo","s5","es","Spanish","es-ES","B2","https://melolingua.com/learn-spanish/b2-stories/la-renuncia-por-correo","«Quería agradecer el tiempo en el equipo», escribía, aunque lo que deseaba era no volver a repetir aquella reunión.","“I wanted to thank you for my time on the team,” she wrote, even though what she wanted was never to sit through that meeting again.","CC BY-NC 4.0"
"es-la-renuncia-por-correo","s6","es","Spanish","es-ES","B2","https://melolingua.com/learn-spanish/b2-stories/la-renuncia-por-correo","«Ojalá hubiera podido hablar antes de que tomaran la decisión», añadió, probando un subjuntivo que sonaba a carta antigua.","“I wish I could have spoken before you made the decision,” she added, testing a subjunctive that sounded like an old-fashioned letter.","CC BY-NC 4.0"
"es-la-renuncia-por-correo","s7","es","Spanish","es-ES","B2","https://melolingua.com/learn-spanish/b2-stories/la-renuncia-por-correo","Releyó cada frase: si enviaba el correo, mañana ya no tendría llave del parking ni credencial azul.","She read every sentence again: if she sent the email, tomorrow she would no longer have the parking pass or the blue badge.","CC BY-NC 4.0"
"es-la-renuncia-por-correo","s8","es","Spanish","es-ES","B2","https://melolingua.com/learn-spanish/b2-stories/la-renuncia-por-correo","Fuera, la Diagonal brillaba bajo una lluvia fina de mayo; dentro, el ascensor subía con un zumbido cansado que mezclaba voces y anuncios lejanos.","Outside, the Diagonal gleamed under a fine May rain; inside, the lift climbed with a tired hum that blended voices and distant announcements.","CC BY-NC 4.0"
"es-la-renuncia-por-correo","s9","es","Spanish","es-ES","B2","https://melolingua.com/learn-spanish/b2-stories/la-renuncia-por-correo","Apretó «enviar» cuando el reloj marcaba las seis; el servidor tardó un segundo eterno en confirmarlo, y el borrador quedó vacío con la firma automática todavía pegada al pie.","She hit “send” as the clock struck six; the server took an endless second to confirm it.","CC BY-NC 4.0"
"es-la-renuncia-por-correo","s10","es","Spanish","es-ES","B2","https://melolingua.com/learn-spanish/b2-stories/la-renuncia-por-correo","Guardó el portátil en la mochila, respiró hondo y salió sin esperar respuesta, como quien cierra un capítulo sin epílogo ni despedida en el ascensor.","She slid the laptop into her backpack, drew a deep breath, and left without waiting for a reply—like someone closing a chapter with no epilogue and no goodbye in the lift.","CC BY-NC 4.0"
"fr-le-bus-du-matin","s1","fr","French","fr-FR","A1","https://melolingua.com/learn-french/a1-stories/le-bus-du-matin","Sophie monte dans le bus à sept heures, quand la ville dort encore sous un ciel gris.","Sophie boards the bus at seven, while the city still slumbers under a grey sky.","CC BY-NC 4.0"
"fr-le-bus-du-matin","s2","fr","French","fr-FR","A1","https://melolingua.com/learn-french/a1-stories/le-bus-du-matin","Le chauffeur ferme la porte rapidement, alors elle cherche trois pièces au fond de sa poche.","The driver closes the door quickly, so she looks for three coins at the bottom of her pocket.","CC BY-NC 4.0"
"fr-le-bus-du-matin","s3","fr","French","fr-FR","A1","https://melolingua.com/learn-french/a1-stories/le-bus-du-matin","Elle dit bonjour à une dame avec un grand sac de courses qui sent le pain frais.","She says hello to a woman with a large shopping bag that smells of fresh bread.","CC BY-NC 4.0"
"fr-le-bus-du-matin","s4","fr","French","fr-FR","A1","https://melolingua.com/learn-french/a1-stories/le-bus-du-matin","Elle s'assoit près de la fenêtre et regarde la bruine danser sur la vitre.","She sits by the window and watches the drizzle dance on the glass.","CC BY-NC 4.0"
"fr-le-bus-du-matin","s5","fr","French","fr-FR","A1","https://melolingua.com/learn-french/a1-stories/le-bus-du-matin","Sophie pense aux fruits qu'elle doit acheter après le cours de français au marché.","Sophie thinks about the fruit she needs to buy after French class at the market.","CC BY-NC 4.0"
"fr-le-bus-du-matin","s6","fr","French","fr-FR","A1","https://melolingua.com/learn-french/a1-stories/le-bus-du-matin","Quand elle descend, elle dit merci au chauffeur. Elle court vers le collège. Ses chaussures sont mouillées par la pluie fine.","When she gets off, she thanks the driver. She runs towards the school. Her shoes are wet from the light rain.","CC BY-NC 4.0"
"fr-le-fromager-du-quartier","s1","fr","French","fr-FR","A1","https://melolingua.com/learn-french/a1-stories/le-fromager-du-quartier","Noah entre dans la petite fromagerie quand l'odeur de fromage fondu lui chatouille le nez.","Noah steps into the cozy cheese shop as the scent of melted cheese tickles his nose.","CC BY-NC 4.0"
"fr-le-fromager-du-quartier","s2","fr","French","fr-FR","A1","https://melolingua.com/learn-french/a1-stories/le-fromager-du-quartier","Le fromager porte un tablier blanc immaculé et dit bonjour avec un sourire chaleureux.","The cheesemaker wears a pristine white apron and greets him with a warm smile.","CC BY-NC 4.0"
"fr-le-fromager-du-quartier","s3","fr","French","fr-FR","A1","https://melolingua.com/learn-french/a1-stories/le-fromager-du-quartier","Noah demande une tranche de fromage à pâte ferme avec des noisettes grillées.","Noah asks for a slice of firm cheese with roasted hazelnuts.","CC BY-NC 4.0"
"fr-le-fromager-du-quartier","s4","fr","French","fr-FR","A1","https://melolingua.com/learn-french/a1-stories/le-fromager-du-quartier","Le fromager coupe la tranche doucement et enveloppe le morceau dans un papier craquant.","The cheesemaker gently slices the cheese and wraps it in crinkly paper.","CC BY-NC 4.0"
"fr-le-fromager-du-quartier","s5","fr","French","fr-FR","A1","https://melolingua.com/learn-french/a1-stories/le-fromager-du-quartier","Noah paie avec des pièces brillantes et prend aussi un petit pain croustillant.","Noah pays with shiny coins and also takes a crispy roll.","CC BY-NC 4.0"
"fr-le-fromager-du-quartier","s6","fr","French","fr-FR","A1","https://melolingua.com/learn-french/a1-stories/le-fromager-du-quartier","Il remercie encore et sort avec un sac léger. Le fromager lui rappelle de garder le fromage au frais jusqu'au dîner.","He thanks the cheesemaker again and leaves with a light bag. The cheesemaker reminds him to keep the cheese cool until dinner.","CC BY-NC 4.0"
"fr-le-matin-a-la-boulangerie","s1","fr","French","fr-FR","A1","https://melolingua.com/learn-french/a1-stories/le-matin-a-la-boulangerie","Chaque matin, Sophie se réveille à sept heures. Elle met son manteau bleu et marche jusqu'à la boulangerie de son quartier.","Every morning, Sophie wakes up at seven o'clock. She puts on her blue coat and walks to the bakery in her neighborhood.","CC BY-NC 4.0"
"fr-le-matin-a-la-boulangerie","s2","fr","French","fr-FR","A1","https://melolingua.com/learn-french/a1-stories/le-matin-a-la-boulangerie","La petite boutique sent bon le pain frais et le beurre chaud.","The little shop smells of fresh bread and warm butter.","CC BY-NC 4.0"
"fr-le-matin-a-la-boulangerie","s3","fr","French","fr-FR","A1","https://melolingua.com/learn-french/a1-stories/le-matin-a-la-boulangerie","« Bonjour, madame ! » dit Sophie avec un sourire éclatant.","“Good morning, ma’am!” Sophie says with a beaming smile.","CC BY-NC 4.0"
"fr-le-matin-a-la-boulangerie","s4","fr","French","fr-FR","A1","https://melolingua.com/learn-french/a1-stories/le-matin-a-la-boulangerie","« Bonjour, Sophie ! Comme d'habitude ? » demande la boulangère avec un clin d'œil.","“Good morning, Sophie! The usual?” the baker asks with a wink.","CC BY-NC 4.0"
"fr-le-matin-a-la-boulangerie","s5","fr","French","fr-FR","A1","https://melolingua.com/learn-french/a1-stories/le-matin-a-la-boulangerie","« Oui, un croissant et une baguette, s'il vous plaît. » Sophie paie trois euros cinquante.","“Yes, a croissant and a baguette, please.” Sophie pays three euros fifty.","CC BY-NC 4.0"
"fr-le-matin-a-la-boulangerie","s6","fr","French","fr-FR","A1","https://melolingua.com/learn-french/a1-stories/le-matin-a-la-boulangerie","Elle sort de la boulangerie et mange son croissant dans la rue.","She leaves the bakery and eats her croissant in the street.","CC BY-NC 4.0"
"fr-le-matin-a-la-boulangerie","s7","fr","French","fr-FR","A1","https://melolingua.com/learn-french/a1-stories/le-matin-a-la-boulangerie","Il est chaud et croustillant. Le soleil brille sur les toits de Paris.","It is warm and crispy. The sun shines on the rooftops of Paris.","CC BY-NC 4.0"
"fr-le-matin-a-la-boulangerie","s8","fr","French","fr-FR","A1","https://melolingua.com/learn-french/a1-stories/le-matin-a-la-boulangerie","Sophie sourit. C'est le meilleur moment de sa journée.","Sophie smiles. It's the best moment of her day.","CC BY-NC 4.0"
"fr-le-pique-nique-au-parc","s1","fr","French","fr-FR","A1","https://melolingua.com/learn-french/a1-stories/le-pique-nique-au-parc","Léa et Camille préparent un pique-nique pour leur dimanche au parc. Elles prennent du pain, du fromage et des fruits.","Léa and Camille prepare a picnic for their Sunday at the park. They take bread, cheese, and fruit.","CC BY-NC 4.0"
"fr-le-pique-nique-au-parc","s2","fr","French","fr-FR","A1","https://melolingua.com/learn-french/a1-stories/le-pique-nique-au-parc","Au parc, le soleil brille et les oiseaux chantent. Elles mettent une nappe à carreaux rouges sur l'herbe verte.","At the park, the sun shines and the birds sing. They put a red-checkered tablecloth on the green grass.","CC BY-NC 4.0"
"fr-le-pique-nique-au-parc","s3","fr","French","fr-FR","A1","https://melolingua.com/learn-french/a1-stories/le-pique-nique-au-parc","Léa sort le fromage et le pain. « Tu veux du fromage ? » demande-t-elle à Camille.","Léa takes out the cheese and bread. ""Do you want some cheese?"" she asks Camille.","CC BY-NC 4.0"
"fr-le-pique-nique-au-parc","s4","fr","French","fr-FR","A1","https://melolingua.com/learn-french/a1-stories/le-pique-nique-au-parc","« Oui, merci ! » répond Camille. Elle prend une petite tranche. « C'est délicieux ! »","""Yes, thank you!"" replies Camille. She takes a small slice. ""It's delicious!""","CC BY-NC 4.0"
"fr-le-pique-nique-au-parc","s5","fr","French","fr-FR","A1","https://melolingua.com/learn-french/a1-stories/le-pique-nique-au-parc","Léa coupe une part de gâteau et la donne à Camille. « C'est pour toi. »","Léa cuts a slice of cake and gives it to Camille. ""This is for you.""","CC BY-NC 4.0"
"fr-le-pique-nique-au-parc","s6","fr","French","fr-FR","A1","https://melolingua.com/learn-french/a1-stories/le-pique-nique-au-parc","Camille dit : « Passe-moi la bouteille, s'il te plaît. » Léa lui donne l'eau fraîche.","Camille says: ""Pass me the bottle, please."" Léa gives her the cold water.","CC BY-NC 4.0"
"fr-le-pique-nique-au-parc","s7","fr","French","fr-FR","A1","https://melolingua.com/learn-french/a1-stories/le-pique-nique-au-parc","Après le repas, elles ramassent tout et jettent les déchets dans une poubelle. « Il faut être propre », dit Léa.","After the meal, they pick everything up and throw the trash in a bin. ""We must be clean,"" says Léa.","CC BY-NC 4.0"
"fr-le-pique-nique-au-parc","s8","fr","French","fr-FR","A1","https://melolingua.com/learn-french/a1-stories/le-pique-nique-au-parc","Elles marchent ensemble vers la sortie du parc. Camille sourit. « C'était un très bon dimanche. »","They walk together toward the park exit. Camille smiles. ""It was a very good Sunday.""","CC BY-NC 4.0"
"fr-une-promenade-le-long-de-la-seine","s1","fr","French","fr-FR","A1","https://melolingua.com/learn-french/a1-stories/une-promenade-le-long-de-la-seine","C'est un dimanche après-midi paisible. Le ciel est d'un bleu éclatant et l'air est doux.","It's a peaceful Sunday afternoon. The sky is a brilliant blue and the air is mild.","CC BY-NC 4.0"
"fr-une-promenade-le-long-de-la-seine","s2","fr","French","fr-FR","A1","https://melolingua.com/learn-french/a1-stories/une-promenade-le-long-de-la-seine","Lucas décide de se promener le long de la Seine. L'eau de la rivière est calme et d'un vert profond.","Lucas decides to take a stroll along the Seine. The river water is calm and a deep green.","CC BY-NC 4.0"
"fr-une-promenade-le-long-de-la-seine","s3","fr","French","fr-FR","A1","https://melolingua.com/learn-french/a1-stories/une-promenade-le-long-de-la-seine","Sur les quais, des gens lisent des livres et des enfants rient.","On the riverbanks, people read books and children laugh.","CC BY-NC 4.0"
"fr-une-promenade-le-long-de-la-seine","s4","fr","French","fr-FR","A1","https://melolingua.com/learn-french/a1-stories/une-promenade-le-long-de-la-seine","Lucas passe devant les boîtes des bouquinistes, pleines de trésors. Il admire les vieux livres et les cartes postales anciennes.","Lucas walks past the booksellers' boxes, full of treasures. He admires the old books and vintage postcards.","CC BY-NC 4.0"
"fr-une-promenade-le-long-de-la-seine","s5","fr","French","fr-FR","A1","https://melolingua.com/learn-french/a1-stories/une-promenade-le-long-de-la-seine","Un bateau-mouche glisse sous le pont, silencieux. Les touristes capturent des souvenirs en photos.","A tour boat glides silently under the bridge. Tourists capture memories in photos.","CC BY-NC 4.0"
"fr-une-promenade-le-long-de-la-seine","s6","fr","French","fr-FR","A1","https://melolingua.com/learn-french/a1-stories/une-promenade-le-long-de-la-seine","Lucas s'arrête près d'un arbre et s'assoit sur un banc.","Lucas stops near a tree and sits on a bench.","CC BY-NC 4.0"
"fr-une-promenade-le-long-de-la-seine","s7","fr","French","fr-FR","A1","https://melolingua.com/learn-french/a1-stories/une-promenade-le-long-de-la-seine","Il contemple les nuages blancs qui flottent dans le ciel. Un petit oiseau chante doucement dans les branches.","He gazes at the white clouds floating in the sky. A little bird sings softly in the branches.","CC BY-NC 4.0"
"fr-une-promenade-le-long-de-la-seine","s8","fr","French","fr-FR","A1","https://melolingua.com/learn-french/a1-stories/une-promenade-le-long-de-la-seine","« Paris est vraiment belle », pense Lucas avec émerveillement. Il reste là une heure, tranquille et heureux.","""Paris is truly beautiful,"" Lucas thinks with wonder. He stays there for an hour, peaceful and happy.","CC BY-NC 4.0"
"fr-une-rencontre-au-cafe","s1","fr","French","fr-FR","A1","https://melolingua.com/learn-french/a1-stories/une-rencontre-au-cafe","Marie est assise à la terrasse d'un café animé. Elle boit un café crème parfumé et lit le journal.","Marie is seated at the bustling terrace of a café. She sips a fragrant coffee with cream and reads the newspaper.","CC BY-NC 4.0"
"fr-une-rencontre-au-cafe","s2","fr","French","fr-FR","A1","https://melolingua.com/learn-french/a1-stories/une-rencontre-au-cafe","Un homme élégant arrive et demande : « Excusez-moi, cette place est libre ? »","A well-dressed man arrives and asks, ""Excuse me, is this seat free?""","CC BY-NC 4.0"
"fr-une-rencontre-au-cafe","s3","fr","French","fr-FR","A1","https://melolingua.com/learn-french/a1-stories/une-rencontre-au-cafe","« Oui, bien sûr », répond Marie avec un sourire.","""Yes, of course,"" Marie replies with a smile.","CC BY-NC 4.0"
"fr-une-rencontre-au-cafe","s4","fr","French","fr-FR","A1","https://melolingua.com/learn-french/a1-stories/une-rencontre-au-cafe","L'homme s'assoit. Il s'appelle Thomas. Marie demande : « Que faites-vous dans la vie ? » « Je suis professeur de musique. »","The man sits down. His name is Thomas. Marie asks, “What do you do for a living?” “I’m a music teacher.”","CC BY-NC 4.0"
"fr-une-rencontre-au-cafe","s5","fr","French","fr-FR","A1","https://melolingua.com/learn-french/a1-stories/une-rencontre-au-cafe","« Et vous ? » « Je suis photographe », répond Marie. Thomas sourit. « C'est un beau métier ! »","“And you?” “I’m a photographer,” Marie replies. Thomas smiles. “That’s a wonderful profession!”","CC BY-NC 4.0"
"fr-une-rencontre-au-cafe","s6","fr","French","fr-FR","A1","https://melolingua.com/learn-french/a1-stories/une-rencontre-au-cafe","Ils parlent de Paris, de musique et de voyages. Le temps passe vite.","They chat about Paris, music, and travel. Time flies by.","CC BY-NC 4.0"
"fr-une-rencontre-au-cafe","s7","fr","French","fr-FR","A1","https://melolingua.com/learn-french/a1-stories/une-rencontre-au-cafe","« Je dois partir, dit Marie, mais c'était très agréable. »","“I have to go,” Marie says, “but it was very pleasant.”","CC BY-NC 4.0"
"fr-une-rencontre-au-cafe","s8","fr","French","fr-FR","A1","https://melolingua.com/learn-french/a1-stories/une-rencontre-au-cafe","Ils échangent leurs numéros de téléphone. Marie repart avec un sourire.","They exchange phone numbers. Marie leaves with a smile.","CC BY-NC 4.0"
"fr-cinq-minutes-sous-la-pluie","s1","fr","French","fr-FR","A2","https://melolingua.com/learn-french/a2-stories/cinq-minutes-sous-la-pluie","À 8 h 12, le bus 62 était déjà plein devant la mairie de Clichy. Il pleuvait, et l'intérieur du bus sentait les manteaux mouillés.","At 8:12, the 62 bus was already packed in front of Clichy town hall. It was raining, and the inside of the bus smelled like wet coats.","CC BY-NC 4.0"
"fr-cinq-minutes-sous-la-pluie","s2","fr","French","fr-FR","A2","https://melolingua.com/learn-french/a2-stories/cinq-minutes-sous-la-pluie","Nora tenait son sac contre elle ; elle répétait dans sa tête la phrase pour son entretien : « Je travaillais à l'accueil. »","Nora held her bag close; in her head, she kept repeating the line for her interview: “I worked at reception.”","CC BY-NC 4.0"
"fr-cinq-minutes-sous-la-pluie","s3","fr","French","fr-FR","A2","https://melolingua.com/learn-french/a2-stories/cinq-minutes-sous-la-pluie","Au troisième arrêt, une femme est montée avec une poussette, mais personne ne bougeait. Le chauffeur a attendu, les portes ouvertes.","At the third stop, a woman got on with a stroller, but no one moved. The driver waited with the doors open.","CC BY-NC 4.0"
"fr-cinq-minutes-sous-la-pluie","s4","fr","French","fr-FR","A2","https://melolingua.com/learn-french/a2-stories/cinq-minutes-sous-la-pluie","Nora avait une place près de la fenêtre. Si elle restait assise, elle arriverait à l'heure ; si elle aidait, peut-être pas.","Nora had a seat by the window. If she stayed seated, she would arrive on time; if she helped, maybe not.","CC BY-NC 4.0"
"fr-cinq-minutes-sous-la-pluie","s5","fr","French","fr-FR","A2","https://melolingua.com/learn-french/a2-stories/cinq-minutes-sous-la-pluie","Elle s'est levée et a souri : « Je vous aide ? » Ensemble, elles ont plié la poussette doucement, entre deux sacs.","She stood up and smiled: “Can I help you?” Together, they folded the stroller carefully between two bags.","CC BY-NC 4.0"
"fr-cinq-minutes-sous-la-pluie","s6","fr","French","fr-FR","A2","https://melolingua.com/learn-french/a2-stories/cinq-minutes-sous-la-pluie","La femme l'a remerciée, un peu gênée. Le bus repartait quand Nora a vu son téléphone : un message du recruteur.","The woman thanked her, a little embarrassed. The bus was pulling away when Nora saw her phone: a message from the recruiter.","CC BY-NC 4.0"
"fr-cinq-minutes-sous-la-pluie","s7","fr","French","fr-FR","A2","https://melolingua.com/learn-french/a2-stories/cinq-minutes-sous-la-pluie","« Cinq minutes de retard, pas de souci. » Nora a enfin respiré. Dehors, Clichy brillait sous la pluie, et le bus avançait.","“Five minutes late is no problem.” Nora finally breathed again. Outside, Clichy shone in the rain, and the bus moved on.","CC BY-NC 4.0"
"fr-lentretien-du-mardi","s1","fr","French","fr-FR","A2","https://melolingua.com/learn-french/a2-stories/lentretien-du-mardi","Yanis arrive dix minutes avant l'heure, car le courriel insistait sur l'importance de la ponctualité. Il serre deux mains fermes, puis s'assoit avec son dossier soigneusement fermé.","Yanis arrives ten minutes early, as the email emphasized the importance of punctuality. He exchanges firm handshakes, then sits down with his folder neatly closed.","CC BY-NC 4.0"
"fr-lentretien-du-mardi","s2","fr","French","fr-FR","A2","https://melolingua.com/learn-french/a2-stories/lentretien-du-mardi","La responsable accueille Yanis et l'équipe projet, puis affiche un calendrier partagé sur un grand écran.","The manager welcomes Yanis and the project team, then displays a shared calendar on a large screen.","CC BY-NC 4.0"
"fr-lentretien-du-mardi","s3","fr","French","fr-FR","A2","https://melolingua.com/learn-french/a2-stories/lentretien-du-mardi","Elle demande comment Yanis gère son travail lorsque plusieurs délais tombent la même semaine.","She asks how Yanis manages his work when multiple deadlines fall in the same week.","CC BY-NC 4.0"
"fr-lentretien-du-mardi","s4","fr","French","fr-FR","A2","https://melolingua.com/learn-french/a2-stories/lentretien-du-mardi","Il explique calmement qu'il écrit trois priorités chaque matin et met à jour le tableau partagé à midi.","He calmly explains that he writes down three priorities each morning and updates the shared board at noon.","CC BY-NC 4.0"
"fr-lentretien-du-mardi","s5","fr","French","fr-FR","A2","https://melolingua.com/learn-french/a2-stories/lentretien-du-mardi","Après vingt minutes, ils discutent encore des formations possibles, puis se lèvent pour se dire au revoir.","After twenty minutes, they continue discussing possible training, then stand to say goodbye.","CC BY-NC 4.0"
"fr-lentretien-du-mardi","s6","fr","French","fr-FR","A2","https://melolingua.com/learn-french/a2-stories/lentretien-du-mardi","Yanis descend les escaliers, pensant au mail de remerciement qu'il enverra le soir même, soulignant sa disponibilité pour un second entretien.","Yanis descends the stairs, thinking about the thank-you email he will send that evening, highlighting his availability for a second interview.","CC BY-NC 4.0"
"fr-un-diner-entre-amis","s1","fr","French","fr-FR","A2","https://melolingua.com/learn-french/a2-stories/un-diner-entre-amis","Ce soir, Julie invite son ami Paul à dîner. Ils décident de cuisiner ensemble.","This evening, Julie invites her friend Paul for dinner. They decide to cook together.","CC BY-NC 4.0"
"fr-un-diner-entre-amis","s2","fr","French","fr-FR","A2","https://melolingua.com/learn-french/a2-stories/un-diner-entre-amis","« On prépare une quiche ? » propose Julie avec un sourire. « Excellente idée ! » répond Paul avec enthousiasme.","“Shall we make a quiche?” Julie suggests with a smile. “Excellent idea!” Paul replies enthusiastically.","CC BY-NC 4.0"
"fr-un-diner-entre-amis","s3","fr","French","fr-FR","A2","https://melolingua.com/learn-french/a2-stories/un-diner-entre-amis","Julie coupe les oignons et les tomates, et leur parfum emplit la cuisine.","Julie chops the onions and tomatoes, their aroma filling the kitchen.","CC BY-NC 4.0"
"fr-un-diner-entre-amis","s4","fr","French","fr-FR","A2","https://melolingua.com/learn-french/a2-stories/un-diner-entre-amis","Paul casse les œufs dans un bol et ajoute la crème, créant un mélange onctueux.","Paul cracks the eggs into a bowl and adds the cream, creating a smooth mixture.","CC BY-NC 4.0"
"fr-un-diner-entre-amis","s5","fr","French","fr-FR","A2","https://melolingua.com/learn-french/a2-stories/un-diner-entre-amis","« Il nous faut aussi du fromage », dit Julie. Paul râpe rapidement le fromage.","“We also need cheese,” Julie says. Paul quickly grates the cheese.","CC BY-NC 4.0"
"fr-un-diner-entre-amis","s6","fr","French","fr-FR","A2","https://melolingua.com/learn-french/a2-stories/un-diner-entre-amis","Ils mélangent tout et mettent la quiche au four. Elle cuit doucement.","They mix everything and put the quiche in the oven. It cooks slowly.","CC BY-NC 4.0"
"fr-un-diner-entre-amis","s7","fr","French","fr-FR","A2","https://melolingua.com/learn-french/a2-stories/un-diner-entre-amis","En attendant, ils préparent une salade verte fraîche et croquante, assaisonnée d'une vinaigrette.","While they wait, they prepare a fresh, crisp green salad dressed with vinaigrette.","CC BY-NC 4.0"
"fr-un-diner-entre-amis","s8","fr","French","fr-FR","A2","https://melolingua.com/learn-french/a2-stories/un-diner-entre-amis","Après trente minutes, la quiche est prête. Toute la cuisine sent bon.","After thirty minutes, the quiche is ready. The whole kitchen smells wonderful.","CC BY-NC 4.0"
"fr-un-diner-entre-amis","s9","fr","French","fr-FR","A2","https://melolingua.com/learn-french/a2-stories/un-diner-entre-amis","Ils s'assoient à table et mangent ensemble. « C'est délicieux ! » s'exclame Paul.","They sit at the table and eat together. “It’s delicious!” Paul exclaims.","CC BY-NC 4.0"
"fr-un-diner-entre-amis","s10","fr","French","fr-FR","A2","https://melolingua.com/learn-french/a2-stories/un-diner-entre-amis","« On cuisine bien ensemble », rit Julie. Ils finissent le repas avec un fondant au chocolat et du thé parfumé.","“We cook well together,” Julie laughs. They finish the meal with a chocolate fondant and fragrant tea.","CC BY-NC 4.0"
"fr-un-train-pour-marseille","s1","fr","French","fr-FR","A2","https://melolingua.com/learn-french/a2-stories/un-train-pour-marseille","Inès est arrivée à la gare avec une valise trop lourde et un café tiède à moitié bu.","Inès arrived at the station with a suitcase too heavy and a lukewarm coffee half-drunk.","CC BY-NC 4.0"
"fr-un-train-pour-marseille","s2","fr","French","fr-FR","A2","https://melolingua.com/learn-french/a2-stories/un-train-pour-marseille","Elle n'a pas compris la première annonce, alors elle a demandé à une agente souriante : « Sur quel quai part le train pour Marseille ? »","She didn't understand the first announcement, so she asked a smiling attendant, “Which platform does the train to Marseille leave from?”","CC BY-NC 4.0"
"fr-un-train-pour-marseille","s3","fr","French","fr-FR","A2","https://melolingua.com/learn-french/a2-stories/un-train-pour-marseille","L'écran indiquait dix minutes de retard, mais le quai restait le même.","The screen showed a ten-minute delay, but the platform remained the same.","CC BY-NC 4.0"
"fr-un-train-pour-marseille","s4","fr","French","fr-FR","A2","https://melolingua.com/learn-french/a2-stories/un-train-pour-marseille","Pendant l'attente, Inès a vérifié sa correspondance et a noté le numéro du quai dans son carnet.","While she waited, Inès checked her connection and noted the platform number in her notebook.","CC BY-NC 4.0"
"fr-un-train-pour-marseille","s5","fr","French","fr-FR","A2","https://melolingua.com/learn-french/a2-stories/un-train-pour-marseille","Pendant le trajet, elle regardait les oliviers et les petites maisons blanches qui défilaient rapidement.","During the journey, she watched the olive trees and small white houses flash by.","CC BY-NC 4.0"
"fr-un-train-pour-marseille","s6","fr","French","fr-FR","A2","https://melolingua.com/learn-french/a2-stories/un-train-pour-marseille","À Marseille, elle a senti l'air plus chaud et vu la lumière se refléter sur les façades. Elle a souri : son voyage commençait enfin.","In Marseille, she felt the warmer air and saw light reflecting on the buildings. She smiled: her trip was finally beginning.","CC BY-NC 4.0"
"fr-un-week-end-a-lyon","s1","fr","French","fr-FR","A2","https://melolingua.com/learn-french/a2-stories/un-week-end-a-lyon","Emma est arrivée à Lyon un samedi matin avec un petit sac et beaucoup de curiosité.","Emma arrived in Lyon on a Saturday morning with a small bag and a lot of curiosity.","CC BY-NC 4.0"
"fr-un-week-end-a-lyon","s2","fr","French","fr-FR","A2","https://melolingua.com/learn-french/a2-stories/un-week-end-a-lyon","Elle voulait explorer la vieille ville, savourer un repas dans un bouchon et flâner le long de la Saône.","She wanted to explore the old city, enjoy a meal in a traditional Lyon restaurant, and stroll along the Saône.","CC BY-NC 4.0"
"fr-un-week-end-a-lyon","s3","fr","French","fr-FR","A2","https://melolingua.com/learn-french/a2-stories/un-week-end-a-lyon","Après avoir déposé son sac à l'hôtel, elle a cherché une boulangerie pour acheter une brioche aux pralines roses.","After leaving her bag at the hotel, she looked for a bakery to buy a pink-praline brioche.","CC BY-NC 4.0"
"fr-un-week-end-a-lyon","s4","fr","French","fr-FR","A2","https://melolingua.com/learn-french/a2-stories/un-week-end-a-lyon","Dans la rue, elle a pris le mauvais bus et s'est retrouvée loin du centre.","On the street, she took the wrong bus and ended up far from the center.","CC BY-NC 4.0"
"fr-un-week-end-a-lyon","s5","fr","French","fr-FR","A2","https://melolingua.com/learn-french/a2-stories/un-week-end-a-lyon","Au lieu de paniquer, elle a demandé de l'aide à une femme à l'arrêt.","Instead of panicking, she asked a woman at the stop for help.","CC BY-NC 4.0"
"fr-un-week-end-a-lyon","s6","fr","French","fr-FR","A2","https://melolingua.com/learn-french/a2-stories/un-week-end-a-lyon","La femme lui a expliqué le chemin avec beaucoup de patience. Finalement, Emma est arrivée dans le Vieux Lyon juste avant midi.","The woman explained the route very patiently. Finally, Emma reached Old Lyon just before noon.","CC BY-NC 4.0"
"fr-un-week-end-a-lyon","s7","fr","French","fr-FR","A2","https://melolingua.com/learn-french/a2-stories/un-week-end-a-lyon","Elle était un peu fatiguée, mais elle avait déjà une histoire à raconter.","She was a little tired, but she already had a story to tell.","CC BY-NC 4.0"
"fr-une-surprise-au-bureau","s1","fr","French","fr-FR","A2","https://melolingua.com/learn-french/a2-stories/une-surprise-au-bureau","Nadia pensait que la journée serait ordinaire. Elle est arrivée au bureau à neuf heures, a allumé son ordinateur et a commencé à répondre à ses e-mails.","Nadia thought the day would be ordinary. She arrived at the office at nine, turned on her computer, and began answering her emails.","CC BY-NC 4.0"
"fr-une-surprise-au-bureau","s2","fr","French","fr-FR","A2","https://melolingua.com/learn-french/a2-stories/une-surprise-au-bureau","Pourtant, ses collègues semblaient plus silencieux que d'habitude. À dix heures, son manager lui a demandé de venir dans la salle de réunion.","However, her colleagues seemed quieter than usual. At ten, her manager asked her to come to the meeting room.","CC BY-NC 4.0"
"fr-une-surprise-au-bureau","s3","fr","French","fr-FR","A2","https://melolingua.com/learn-french/a2-stories/une-surprise-au-bureau","Quand Nadia a ouvert la porte, tout le monde a crié : « Surprise ! »","When Nadia opened the door, everyone shouted, ""Surprise!""","CC BY-NC 4.0"
"fr-une-surprise-au-bureau","s4","fr","French","fr-FR","A2","https://melolingua.com/learn-french/a2-stories/une-surprise-au-bureau","Sur la table, il y avait un gâteau au chocolat et une grande carte signée par l'équipe.","On the table, there was a chocolate cake and a large card signed by the team.","CC BY-NC 4.0"
"fr-une-surprise-au-bureau","s5","fr","French","fr-FR","A2","https://melolingua.com/learn-french/a2-stories/une-surprise-au-bureau","Nadia avait oublié que c'était son anniversaire de travail. Elle a ri, puis elle a remercié tout le monde.","Nadia had forgotten it was her work anniversary. She laughed and thanked everyone.","CC BY-NC 4.0"
"fr-une-surprise-au-bureau","s6","fr","French","fr-FR","A2","https://melolingua.com/learn-french/a2-stories/une-surprise-au-bureau","La réunion a duré seulement quinze minutes, mais elle a changé toute sa journée.","The meeting lasted only fifteen minutes, but it changed her entire day.","CC BY-NC 4.0"
"fr-au-marche","s1","fr","French","fr-FR","B1","https://melolingua.com/learn-french/b1-stories/au-marche","C'est samedi matin, et Claire se promène au marché avec son grand sac en osier. Le marché est un tourbillon de couleurs et de sons.","It's Saturday morning, and Claire strolls through the market with her large wicker bag. The market is a whirlwind of colors and sounds.","CC BY-NC 4.0"
"fr-au-marche","s2","fr","French","fr-FR","B1","https://melolingua.com/learn-french/b1-stories/au-marche","Il y a des fruits rouges brillants, des légumes verts croquants et des fleurs jaunes éclatantes partout.","There are bright red fruits, crisp green vegetables, and vibrant yellow flowers everywhere.","CC BY-NC 4.0"
"fr-au-marche","s3","fr","French","fr-FR","B1","https://melolingua.com/learn-french/b1-stories/au-marche","« Bonjour ! Je voudrais un kilo de pommes, s'il vous plaît », dit Claire au vendeur avec un sourire.","“Hello! I would like a kilo of apples, please,” Claire says to the seller with a smile.","CC BY-NC 4.0"
"fr-au-marche","s4","fr","French","fr-FR","B1","https://melolingua.com/learn-french/b1-stories/au-marche","« Voilà, madame. Deux euros », répond-il en tendant le sac.","“Here you are, ma’am. Two euros,” he replies, handing her the bag.","CC BY-NC 4.0"
"fr-au-marche","s5","fr","French","fr-FR","B1","https://melolingua.com/learn-french/b1-stories/au-marche","Claire achète aussi des carottes orange, un fromage blanc crémeux et six œufs frais.","Claire also buys orange carrots, creamy white cheese, and six fresh eggs.","CC BY-NC 4.0"
"fr-au-marche","s6","fr","French","fr-FR","B1","https://melolingua.com/learn-french/b1-stories/au-marche","Elle s'arrête devant les fleurs, attirée par leur parfum doux. « Combien coûtent les tulipes ? » demande-t-elle.","She stops in front of the flowers, drawn by their sweet scent. “How much are the tulips?” she asks.","CC BY-NC 4.0"
"fr-au-marche","s7","fr","French","fr-FR","B1","https://melolingua.com/learn-french/b1-stories/au-marche","« Cinq euros le bouquet », répond le vendeur. Claire choisit un bouquet de tulipes roses.","“Five euros per bouquet,” the seller replies. Claire chooses a bouquet of pink tulips.","CC BY-NC 4.0"
"fr-au-marche","s8","fr","French","fr-FR","B1","https://melolingua.com/learn-french/b1-stories/au-marche","Son sac est lourd maintenant, mais elle est contente.","Her bag is heavy now, but she is happy.","CC BY-NC 4.0"
"fr-au-marche","s9","fr","French","fr-FR","B1","https://melolingua.com/learn-french/b1-stories/au-marche","À la maison, elle met les fleurs dans un vase sur la table, illuminant la pièce.","At home, she puts the flowers in a vase on the table, brightening the room.","CC BY-NC 4.0"
"fr-la-rencontre-au-marche","s1","fr","French","fr-FR","B1","https://melolingua.com/learn-french/b1-stories/la-rencontre-au-marche","C'était samedi matin, et le marché de la Croix-Rousse battait son plein. Les étals débordaient de légumes colorés et d'épices odorantes.","It was Saturday morning, and the Croix-Rousse market was in full swing. The stalls overflowed with colorful vegetables and fragrant spices.","CC BY-NC 4.0"
"fr-la-rencontre-au-marche","s2","fr","French","fr-FR","B1","https://melolingua.com/learn-french/b1-stories/la-rencontre-au-marche","Devant le stand de fromages, une dizaine de personnes attendaient leur tour. Chloé regardait la dernière portion de Comté avec envie.","In front of the cheese stall, about ten people were waiting their turn. Chloé eyed the last portion of Comté eagerly.","CC BY-NC 4.0"
"fr-la-rencontre-au-marche","s3","fr","French","fr-FR","B1","https://melolingua.com/learn-french/b1-stories/la-rencontre-au-marche","« Il ne me reste qu'une portion de Comté », annonça le fromager.","“I only have one portion of Comté left,” the cheesemonger announced.","CC BY-NC 4.0"
"fr-la-rencontre-au-marche","s4","fr","French","fr-FR","B1","https://melolingua.com/learn-french/b1-stories/la-rencontre-au-marche","Quand leur tour arriva, Chloé et un jeune homme — Hugo — demandèrent le Comté en même temps. Ils échangèrent un regard gêné.","When their turn came, Chloé and a young man—Hugo—asked for the Comté at the same time. They exchanged an awkward look.","CC BY-NC 4.0"
"fr-la-rencontre-au-marche","s5","fr","French","fr-FR","B1","https://melolingua.com/learn-french/b1-stories/la-rencontre-au-marche","« Après vous, madame, » proposa Hugo poliment. Chloé hésita. « Non, vraiment, vous étiez là avant moi, je crois. »","""After you, madam,"" Hugo offered politely. Chloé hesitated. ""No, really, you were here before me, I think.""","CC BY-NC 4.0"
"fr-la-rencontre-au-marche","s6","fr","French","fr-FR","B1","https://melolingua.com/learn-french/b1-stories/la-rencontre-au-marche","Finalement, Hugo fit un geste élégant et dit : « Je vous cède la place. Mais peut-être pourrions-nous partager la portion ? »","Finally, Hugo made an elegant gesture and said, “I'll let you go first. But perhaps we could share the portion?”","CC BY-NC 4.0"
"fr-la-rencontre-au-marche","s7","fr","French","fr-FR","B1","https://melolingua.com/learn-french/b1-stories/la-rencontre-au-marche","Chloé sourit. « Partager ? C'est une idée qui me plaît. » Le fromager les regarda, amusé, et coupa la portion en deux.","Chloé smiled. “Share? That's an idea I like.” The cheesemonger watched them, amused, and cut the portion in two.","CC BY-NC 4.0"
"fr-la-rencontre-au-marche","s8","fr","French","fr-FR","B1","https://melolingua.com/learn-french/b1-stories/la-rencontre-au-marche","Pendant qu'il emballait les parts, Hugo et Chloé se mirent à discuter. Il était architecte ; elle travaillait dans une librairie du Vieux Lyon.","While he wrapped the portions, Hugo and Chloé started chatting. He was an architect; she worked in a bookshop in Old Lyon.","CC BY-NC 4.0"
"fr-la-rencontre-au-marche","s9","fr","French","fr-FR","B1","https://melolingua.com/learn-french/b1-stories/la-rencontre-au-marche","« Vous connaissez un bon endroit pour déguster du Comté avec un verre de vin ? » demanda Hugo. Chloé réfléchit une seconde.","""Do you know a good place to taste Comté with a glass of wine?"" asked Hugo. Chloé thought for a second.","CC BY-NC 4.0"
"fr-la-rencontre-au-marche","s10","fr","French","fr-FR","B1","https://melolingua.com/learn-french/b1-stories/la-rencontre-au-marche","« Oui, justement, le bistro en bas de ma rue. Si vous voulez, je vous montrerai. » Leur compétition s'était transformée en rendez-vous.","""Yes, actually, the bistro at the bottom of my street. If you want, I'll show you."" Their competition had turned into a date.","CC BY-NC 4.0"
"fr-la-reunion-des-anciens","s1","fr","French","fr-FR","B1","https://melolingua.com/learn-french/b1-stories/la-reunion-des-anciens","Dans un petit café de Bretagne, la réunion des anciens élèves battait son plein. On avait installé des guirlandes et sorti le cidre local.","In a small café in Brittany, the former students' reunion was in full swing. They had hung garlands and brought out the local cider.","CC BY-NC 4.0"
"fr-la-reunion-des-anciens","s2","fr","French","fr-FR","B1","https://melolingua.com/learn-french/b1-stories/la-reunion-des-anciens","Une trentaine d'anciens camarades s'étaient retrouvés après vingt ans. Certains ne s'étaient pas vus depuis la remise des diplômes.","About thirty former classmates had reunited after twenty years. Some hadn't seen each other since graduation day.","CC BY-NC 4.0"
"fr-la-reunion-des-anciens","s3","fr","French","fr-FR","B1","https://melolingua.com/learn-french/b1-stories/la-reunion-des-anciens","C'est en fouillant dans une boîte de souvenirs que Pierre sortit un vieux cliché jauni. Il le montra à la cantonade. « Vous vous souvenez de ce jour-là ? »","It was while rummaging through a box of memories that Pierre pulled out an old yellowed photograph. He showed it to everyone. ""Do you remember that day?""","CC BY-NC 4.0"
"fr-la-reunion-des-anciens","s4","fr","French","fr-FR","B1","https://melolingua.com/learn-french/b1-stories/la-reunion-des-anciens","Les visages s'illuminèrent. La photo montrait la classe devant le lycée, un jour de grève générale. Mais au second plan, une silhouette souriait d'un air mystérieux.","Faces lit up. The photo showed the class in front of the school, on a day of a general strike. But in the background, a figure smiled mysteriously.","CC BY-NC 4.0"
"fr-la-reunion-des-anciens","s5","fr","French","fr-FR","B1","https://melolingua.com/learn-french/b1-stories/la-reunion-des-anciens","« Qui est cette personne ? » demanda Sophie en plissant les yeux. « Je ne l'ai jamais vue. » Un silence gêné s'installa autour de la table.","""Who is this person?"" asked Sophie, squinting. ""I've never seen her."" An awkward silence settled around the table.","CC BY-NC 4.0"
"fr-la-reunion-des-anciens","s6","fr","French","fr-FR","B1","https://melolingua.com/learn-french/b1-stories/la-reunion-des-anciens","« Ce cliché cache un secret, » murmura Pierre, le regard fixé sur l'image. Les regards se figèrent. Chacun regardait la photo en silence.","""This photo hides a secret,"" Pierre murmured, his gaze fixed on the image. Looks froze. Everyone stared at the photo in silence.","CC BY-NC 4.0"
"fr-la-reunion-des-anciens","s7","fr","French","fr-FR","B1","https://melolingua.com/learn-french/b1-stories/la-reunion-des-anciens","Le café autour d'eux continuait à bourdonner, mais leur table était devenue une île. Personne ne voulait être le premier à dire ce qu'il savait ou devinait.","The café around them kept buzzing, but their table had become an island. No one wanted to be the first to say what they knew or guessed.","CC BY-NC 4.0"
"fr-la-reunion-des-anciens","s8","fr","French","fr-FR","B1","https://melolingua.com/learn-french/b1-stories/la-reunion-des-anciens","« C'était Mme Le Goff, notre remplaçante », dit enfin Marcel. « Elle nous avait rejoints devant le lycée pour soutenir la grève. La direction l'a renvoyée le lendemain. »","“It was Ms. Le Goff, our substitute teacher,” Marcel finally said. “She joined us outside the school to support the strike. The administration dismissed her the next day.”","CC BY-NC 4.0"
"fr-la-reunion-des-anciens","s9","fr","French","fr-FR","B1","https://melolingua.com/learn-french/b1-stories/la-reunion-des-anciens","Sophie reposa la photo sur la table. « Et nous n'avons rien dit pour la défendre », murmura-t-elle. Personne ne la contredit.","Sophie put the photo back on the table. “And we said nothing to defend her,” she murmured. No one contradicted her.","CC BY-NC 4.0"
"fr-la-reunion-des-anciens","s10","fr","French","fr-FR","B1","https://melolingua.com/learn-french/b1-stories/la-reunion-des-anciens","Le patron du café apporta une tournée de kouign-amann. La conversation reprit, mais plus basse, comme si le poids des années non dites pesait sur leurs épaules.","The café owner brought a round of kouign-amann. The conversation resumed, but lower, as if the weight of unspoken years pressed on their shoulders.","CC BY-NC 4.0"
"fr-la-reunion-des-anciens","s11","fr","French","fr-FR","B1","https://melolingua.com/learn-french/b1-stories/la-reunion-des-anciens","En partant, Pierre glissa la photo dans sa poche. Le lendemain, il chercherait Mme Le Goff. Certains souvenirs, comprit-il, ne demandent pas à rester enfouis, mais à être enfin racontés.","As he left, Pierre slipped the photo into his pocket. The next day, he would look for Ms. Le Goff. Some memories, he understood, should not stay buried but finally be told.","CC BY-NC 4.0"
"fr-le-musee-rodin-en-octobre","s1","fr","French","fr-FR","B1","https://melolingua.com/learn-french/b1-stories/le-musee-rodin-en-octobre","Sara avait réservé sa visite un mardi pluvieux parce qu'elle détestait faire la queue quand le soleil attirait trop de monde.","Sara had booked her visit for a rainy Tuesday because she hated queuing when sunny days drew too many people.","CC BY-NC 4.0"
"fr-le-musee-rodin-en-octobre","s2","fr","French","fr-FR","B1","https://melolingua.com/learn-french/b1-stories/le-musee-rodin-en-octobre","Une bruine fine collait les feuilles mortes aux pavés près du mur du musée Rodin ; elle serrait un parapluie gris et un carnet flambant neuf.","A fine drizzle glued fallen leaves to the cobblestones near the Rodin Museum wall; she clutched a grey umbrella and a brand-new notebook.","CC BY-NC 4.0"
"fr-le-musee-rodin-en-octobre","s3","fr","French","fr-FR","B1","https://melolingua.com/learn-french/b1-stories/le-musee-rodin-en-octobre","À l'intérieur, le marbre semblait encore tiède sous ses doigts effleurant une main sculptée, comme si les gestes anciens pouvaient réchauffer l'hiver avant même novembre.","Inside, the marble felt almost warm under her fingers brushing a sculpted hand, as if ancient gestures could warm the winter before November even arrived.","CC BY-NC 4.0"
"fr-le-musee-rodin-en-octobre","s4","fr","French","fr-FR","B1","https://melolingua.com/learn-french/b1-stories/le-musee-rodin-en-octobre","Elle lisait lentement les cartels bilingues jusqu'à ce qu'elle trouve une phrase sur la patience du matériau—des mots modestes face au tumulte des visites pressées.","She slowly read the bilingual plaques until she found a phrase about the patience of the material—modest words amidst the rush of hurried visits.","CC BY-NC 4.0"
"fr-le-musee-rodin-en-octobre","s5","fr","French","fr-FR","B1","https://melolingua.com/learn-french/b1-stories/le-musee-rodin-en-octobre","Dans le jardin humide, quelques enfants couraient autour du Penseur, mais elle s'est contentée de noter la phrase avant de fermer son carnet.","In the damp garden, a few children ran around the Thinker, but she simply noted the phrase before closing her notebook.","CC BY-NC 4.0"
"fr-le-musee-rodin-en-octobre","s6","fr","French","fr-FR","B1","https://melolingua.com/learn-french/b1-stories/le-musee-rodin-en-octobre","En sortant, elle n'a acheté aucune carte postale : elle préférait garder trois images floues en mémoire plutôt qu'un fichier parfait.","As she left, she bought no postcards: she preferred to keep three blurry images in her mind rather than a perfect file.","CC BY-NC 4.0"
"fr-le-musee-rodin-en-octobre","s7","fr","French","fr-FR","B1","https://melolingua.com/learn-french/b1-stories/le-musee-rodin-en-octobre","Elle est rentrée les pieds mouillés en pensant qu'à Paris certains monuments demandent encore le silence avant la photo finale.","She returned home with wet feet, thinking that in Paris, some monuments still demand silence before the final photo.","CC BY-NC 4.0"
"fr-le-musee-rodin-en-octobre","s8","fr","French","fr-FR","B1","https://melolingua.com/learn-french/b1-stories/le-musee-rodin-en-octobre","Le soir, elle a relu la phrase et l'a répétée à voix haute. Sa visite continuait ainsi, dans le silence de sa chambre.","That evening, she reread the sentence and repeated it aloud. In this way, her visit continued in the quiet of her room.","CC BY-NC 4.0"
"fr-les-voisins-du-dessous","s1","fr","French","fr-FR","B1","https://melolingua.com/learn-french/b1-stories/les-voisins-du-dessous","Depuis quelques semaines, un bruit de pas régulier perturbait le calme de l'immeuble. Marc, au premier étage, n'arrivait plus à lire le soir sans entendre des allées et venues.","For a few weeks, a regular sound of footsteps had been disturbing the building's peace. Marc, on the first floor, could no longer read in the evening without hearing comings and goings.","CC BY-NC 4.0"
"fr-les-voisins-du-dessous","s2","fr","French","fr-FR","B1","https://melolingua.com/learn-french/b1-stories/les-voisins-du-dessous","Un matin, en sortant de chez elle, Chloé trouva un mot plié sous sa porte. « Vos pas sont très bruyants après vingt-deux heures. Merci de faire attention. »","One morning, leaving her apartment, Chloé found a folded note under her door. ""Your footsteps are very loud after ten p.m. Please be mindful.""","CC BY-NC 4.0"
"fr-les-voisins-du-dessous","s3","fr","French","fr-FR","B1","https://melolingua.com/learn-french/b1-stories/les-voisins-du-dessous","Chloé lut le mot deux fois. D'abord, elle se sentit vexée. Ensuite, elle soupira. Il avait raison: elle dansait souvent dans son salon tard le soir.","Chloé read the note twice. At first, she felt offended. Then she sighed. He was right: she often danced in her living room late at night.","CC BY-NC 4.0"
"fr-les-voisins-du-dessous","s4","fr","French","fr-FR","B1","https://melolingua.com/learn-french/b1-stories/les-voisins-du-dessous","Elle prit son courage à deux mains et monta s'excuser. « Désolée pour le bruit. Dans ma nouvelle colocation, je répète souvent mes chorégraphies le soir, mais je ferai attention. »","She gathered her courage and went upstairs to apologize. “Sorry about the noise. In my new shared flat, I often rehearse my dance routines in the evening, but I'll be careful.”","CC BY-NC 4.0"
"fr-les-voisins-du-dessous","s5","fr","French","fr-FR","B1","https://melolingua.com/learn-french/b1-stories/les-voisins-du-dessous","Marc ouvrit la porte, surpris. Il s'attendait à une réponse agressive ou à du silence. « Ah, euh... merci. Moi non plus, je ne voulais pas être désagréable. »","Marc opened the door, surprised. He had expected an aggressive response or silence. ""Oh, uh... thank you. I didn't want to be unpleasant either.""","CC BY-NC 4.0"
"fr-les-voisins-du-dessous","s6","fr","French","fr-FR","B1","https://melolingua.com/learn-french/b1-stories/les-voisins-du-dessous","Ils restèrent un moment sur le palier, un peu gênés. Puis Chloé remarqua les livres empilés près de sa porte. « Vous lisez beaucoup ? » demanda-t-elle.","They stood on the landing for a moment, a little awkward. Then Chloé noticed the books stacked near his door. ""Do you read a lot?"" she asked.","CC BY-NC 4.0"
"fr-les-voisins-du-dessous","s7","fr","French","fr-FR","B1","https://melolingua.com/learn-french/b1-stories/les-voisins-du-dessous","Marc lui montra le roman qu'il était en train de finir. Chloé reconnut la couverture. « Je l'ai lu le mois dernier ! Vous voulez que je vous prête le suivant ? »","Marc showed her the novel he was finishing. Chloé recognized the cover. ""I read it last month! Do you want me to lend you the next one?""","CC BY-NC 4.0"
"fr-les-voisins-du-dessous","s8","fr","French","fr-FR","B1","https://melolingua.com/learn-french/b1-stories/les-voisins-du-dessous","Quelques jours plus tard, Chloé déposa le livre devant sa porte avec un petit mot: « Celui-ci est encore mieux. Bonne lecture ! »","A few days later, Chloé left the book at his door with a little note: ""This one is even better. Happy reading!""","CC BY-NC 4.0"
"fr-les-voisins-du-dessous","s9","fr","French","fr-FR","B1","https://melolingua.com/learn-french/b1-stories/les-voisins-du-dessous","Marc lui rendit le prêt avec une bouteille de vin et une invitation: « Si vous voulez, on peut en discuter autour d'un verre. »","Marc returned the loan with a bottle of wine and an invitation: ""If you want, we can discuss it over a glass.""","CC BY-NC 4.0"
"fr-les-voisins-du-dessous","s10","fr","French","fr-FR","B1","https://melolingua.com/learn-french/b1-stories/les-voisins-du-dessous","Le bruit de pas n'avait pas complètement disparu. Mais désormais, au lieu d'un mot froid, c'était un SMS amical qui accompagnait les soirs de danse: « Désolée, je fais attention ! »","The sound of footsteps hadn't completely disappeared. But now, instead of a cold note, a friendly text accompanied the dance nights: ""Sorry, I'm being careful!""","CC BY-NC 4.0"
"fr-un-dimanche-en-provence","s1","fr","French","fr-FR","B1","https://melolingua.com/learn-french/b1-stories/un-dimanche-en-provence","Thomas avait réservé une chambre d'hôtes au cœur de la Provence. Son plan était simple: louer un vélo et visiter les champs de lavande avant la foule estivale.","Thomas had booked a guest room in the heart of Provence. His plan was simple: rent a bike and visit the lavender fields before the summer crowds.","CC BY-NC 4.0"
"fr-un-dimanche-en-provence","s2","fr","French","fr-FR","B1","https://melolingua.com/learn-french/b1-stories/un-dimanche-en-provence","À son arrivée, le village semblait endormi. Les champs de lavande s'étendaient à perte de vue, violets sous le ciel bleu.","When he arrived, the village seemed asleep. The lavender fields stretched as far as the eye could see, purple under the blue sky.","CC BY-NC 4.0"
"fr-un-dimanche-en-provence","s3","fr","French","fr-FR","B1","https://melolingua.com/learn-french/b1-stories/un-dimanche-en-provence","L'aubergiste, une femme d'une soixantaine d'années, l'accueillit avec un sourire. Elle s'appelait Mireille et tenait la maison depuis trente ans.","The innkeeper, a woman in her sixties, welcomed him with a smile. Her name was Mireille and she had run the house for thirty years.","CC BY-NC 4.0"
"fr-un-dimanche-en-provence","s4","fr","French","fr-FR","B1","https://melolingua.com/learn-french/b1-stories/un-dimanche-en-provence","« Je vous déconseille la route touristique aujourd'hui, » dit-elle en essuyant ses mains sur son tablier. « Il y a une fête de village à Saint-Rémy. »","""I'd advise against the tourist road today,"" she said, drying her hands on her apron. ""There's a village festival in Saint-Rémy.""","CC BY-NC 4.0"
"fr-un-dimanche-en-provence","s5","fr","French","fr-FR","B1","https://melolingua.com/learn-french/b1-stories/un-dimanche-en-provence","Thomas hésita. Son guide indiquait un itinéraire précis, mais la chaleur devenait intense. « Que me conseillez-vous à la place ? » demanda-t-il.","Thomas hesitated. His guidebook indicated a precise route, but the heat was becoming intense. ""What do you recommend instead?"" he asked.","CC BY-NC 4.0"
"fr-un-dimanche-en-provence","s6","fr","French","fr-FR","B1","https://melolingua.com/learn-french/b1-stories/un-dimanche-en-provence","« Restez ici. Je prépare un déjeuner sur la terrasse, et je vous raconte l'histoire du village. » Elle posa un plateau de fromages de chèvre et de tapenade sur la table.","""Stay here. I'll prepare lunch on the terrace, and I'll tell you the story of the village."" She placed a platter of goat cheeses and tapenade on the table.","CC BY-NC 4.0"
"fr-un-dimanche-en-provence","s7","fr","French","fr-FR","B1","https://melolingua.com/learn-french/b1-stories/un-dimanche-en-provence","Thomas accepta. Il s'installa sur la terrasse ombragée, un verre de rosé à la main, pendant que Mireille parlait des vendanges d'autrefois.","Thomas accepted. He settled on the shaded terrace, a glass of rosé in hand, while Mireille talked about the grape harvests of the past.","CC BY-NC 4.0"
"fr-un-dimanche-en-provence","s8","fr","French","fr-FR","B1","https://melolingua.com/learn-french/b1-stories/un-dimanche-en-provence","Elle racontait les histoires de son grand-père, qui avait planté les premiers oliviers après la guerre. Thomas écoutait, fasciné.","She told the stories of her grandfather, who had planted the first olive trees after the war. Thomas listened, fascinated.","CC BY-NC 4.0"
"fr-un-dimanche-en-provence","s9","fr","French","fr-FR","B1","https://melolingua.com/learn-french/b1-stories/un-dimanche-en-provence","« La lavande, vous la verrez demain, » dit-elle. « Mais un vrai repas provençal, avec quelqu'un qui connaît les recettes, ça ne se trouve pas dans les guides. »","""You'll see the lavender tomorrow,"" she said. ""But a real Provençal meal, with someone who knows the recipes — that you won't find in the guidebooks.""","CC BY-NC 4.0"
"fr-un-dimanche-en-provence","s10","fr","French","fr-FR","B1","https://melolingua.com/learn-french/b1-stories/un-dimanche-en-provence","Après le déjeuner, Thomas l'aida à débarrasser. En lavant les assiettes, il réalisa que cette invitation impromptue valait mieux que n'importe quel itinéraire planifié.","After lunch, Thomas helped her clear the table. While washing the dishes, he realized that this impromptu invitation was worth more than any planned itinerary.","CC BY-NC 4.0"
"fr-un-dimanche-en-provence","s11","fr","French","fr-FR","B1","https://melolingua.com/learn-french/b1-stories/un-dimanche-en-provence","Le lendemain, il pédala enfin vers les champs de lavande. Mais dans sa mémoire, le goût de la tapenade et les récits de Mireille resteraient plus longtemps que les photos.","The next day, he finally cycled toward the lavender fields. But in his memory, the taste of the tapenade and Mireille's stories would stay longer than the photos.","CC BY-NC 4.0"
"fr-la-carte-postale","s1","fr","French","fr-FR","B2","https://melolingua.com/learn-french/b2-stories/la-carte-postale","En triant le courrier du matin, Julie tomba sur une carte postale jaunie adressée à une adresse qui n'existait plus. Le village de Honfleur — rue des Pêcheurs, numéro quatorze.","While sorting the morning mail, Julie came across a yellowed postcard addressed to an address that no longer existed. The village of Honfleur — Rue des Pêcheurs, number fourteen.","CC BY-NC 4.0"
"fr-la-carte-postale","s2","fr","French","fr-FR","B2","https://melolingua.com/learn-french/b2-stories/la-carte-postale","Julie était factrice depuis six ans dans ce village normand. Elle connaissait chaque rue, chaque boîte aux lettres, chaque nom de famille. Mais ce nom — Cardin — ne lui disait rien.","Julie had been a postal worker for six years in this Norman village. She knew every street, every mailbox, every family name. But this name — Cardin — meant nothing to her.","CC BY-NC 4.0"
"fr-la-carte-postale","s3","fr","French","fr-FR","B2","https://melolingua.com/learn-french/b2-stories/la-carte-postale","Le timbre datait de 1985. L'encre, délavée mais lisible, portait un message bref : « Je pars demain. Je reviendrai. Je t'aime. » Il n'y avait pas de signature. Juste deux initiales : P.M.","The stamp was dated 1985. The ink, faded but legible, bore a brief message: “I'm leaving tomorrow. I'll come back. I love you.” There was no signature. Just two initials: P.M.","CC BY-NC 4.0"
"fr-la-carte-postale","s4","fr","French","fr-FR","B2","https://melolingua.com/learn-french/b2-stories/la-carte-postale","Au lieu de jeter la carte au rebut, Julie la glissa dans la poche de sa veste. Quelque chose dans ce message — l'urgence, la vulnérabilité — la touchait plus qu'elle n'aurait su l'expliquer.","Instead of throwing the card away, Julie slipped it into her jacket pocket. Something about this message — the urgency, the vulnerability — touched her more than she could explain.","CC BY-NC 4.0"
"fr-la-carte-postale","s5","fr","French","fr-FR","B2","https://melolingua.com/learn-french/b2-stories/la-carte-postale","Elle interrogea la boulangère, puis le patron du tabac. « Cardin ? Attendez... la vieille maison près du phare, avant la guerre. Mais personne n'y habite plus depuis des lustres. »","She asked the baker, then the tobacco shop owner. ""Cardin? Wait... the old house near the lighthouse, before the war. But no one has lived there for ages.""","CC BY-NC 4.0"
"fr-la-carte-postale","s6","fr","French","fr-FR","B2","https://melolingua.com/learn-french/b2-stories/la-carte-postale","Julie ne se découragea pas. Elle voulait retrouver l'expéditeur ou le destinataire. Un après-midi, elle frappa à la porte de la Maison de retraite Saint-Joseph, la plus ancienne du village.","Julie didn't get discouraged. She wanted to find the sender or the recipient. One afternoon, she knocked on the door of the Saint-Joseph retirement home, the oldest in the village.","CC BY-NC 4.0"
"fr-la-carte-postale","s7","fr","French","fr-FR","B2","https://melolingua.com/learn-french/b2-stories/la-carte-postale","Une vieille dame, Mathilde Cardin, reconnut l'écriture immédiatement. Ses doigts tremblèrent en touchant la carte. « C'est de Pierre, » murmura-t-elle. « Mon mari. Il m'a écrit juste avant de partir en mer. »","An elderly lady, Mathilde Cardin, recognized the handwriting immediately. Her fingers trembled as she touched the card. ""It's from Pierre,"" she murmured. ""My husband. He wrote to me just before going out to sea.""","CC BY-NC 4.0"
"fr-la-carte-postale","s8","fr","French","fr-FR","B2","https://melolingua.com/learn-french/b2-stories/la-carte-postale","Mathilde raconta son histoire : Pierre avait promis de revenir après une dernière saison de pêche. Il n'était jamais rentré. Le bateau avait disparu corps et biens en novembre 1985.","Mathilde told her story: Pierre had promised to return after one last fishing season. He never came back. The ship had disappeared without a trace in November 1985.","CC BY-NC 4.0"
"fr-la-carte-postale","s9","fr","French","fr-FR","B2","https://melolingua.com/learn-french/b2-stories/la-carte-postale","« La carte n'est jamais arrivée, » dit Mathilde en essuyant ses yeux. « Pendant des années, j'ai cru qu'il était parti sans un mot. » Elle serra la carte contre sa poitrine. « Maintenant, je sais qu'il m'a écrit. »","""The card never arrived,"" Mathilde said, wiping her eyes. ""For years, I thought he had left without a word."" She clutched the card to her chest. ""Now I know he wrote to me.""","CC BY-NC 4.0"
"fr-la-carte-postale","s10","fr","French","fr-FR","B2","https://melolingua.com/learn-french/b2-stories/la-carte-postale","Julie resta un moment silencieuse. Elle n'avait rien fait d'extraordinaire — juste son travail, avec un peu d'obstination. Mais ce simple geste avait apaisé une blessure vieille de plus de quarante ans.","Julie stayed silent for a moment. She hadn't done anything extraordinary—just her job, with a bit of persistence. But this simple gesture had soothed a wound more than forty years old.","CC BY-NC 4.0"
"fr-la-carte-postale","s11","fr","French","fr-FR","B2","https://melolingua.com/learn-french/b2-stories/la-carte-postale","En sortant, Julie regarda le ciel gris de Honfleur. Le vent sentait le sel et l'iode. Le dernier message d'un marin de 1985 était enfin arrivé. Plus de quarante ans plus tard, mais il était arrivé.","Leaving, Julie looked at the gray sky of Honfleur. The wind smelled of salt and iodine. A sailor's last message from 1985 had finally arrived—more than forty years late, but it had arrived.","CC BY-NC 4.0"
"fr-la-fabrique-du-souvenir","s1","fr","French","fr-FR","B2","https://melolingua.com/learn-french/b2-stories/la-fabrique-du-souvenir","Dans l'atelier de sa grand-mère, au cœur de Montmartre, Emma découvrit un univers qu'elle n'avait jamais cherché à comprendre. Des toiles s'empilaient contre les murs, certaines achevées, d'autres à peine commencées.","In her grandmother's studio, in the heart of Montmartre, Emma discovered a world she had never tried to understand. Canvases were stacked against the walls, some finished, others barely begun.","CC BY-NC 4.0"
"fr-la-fabrique-du-souvenir","s2","fr","French","fr-FR","B2","https://melolingua.com/learn-french/b2-stories/la-fabrique-du-souvenir","Sa grand-mère, Marguerite, était peintre depuis soixante ans. Ses œuvres ornaient quelques galeries du quartier, mais personne ne les avait jamais vraiment étudiées.","Her grandmother, Marguerite, had been a painter for sixty years. Her works adorned a few galleries in the neighborhood, but no one had ever really studied them.","CC BY-NC 4.0"
"fr-la-fabrique-du-souvenir","s3","fr","French","fr-FR","B2","https://melolingua.com/learn-french/b2-stories/la-fabrique-du-souvenir","En rangeant l'atelier après le décès de Marguerite, Emma remarqua un détail étrange. Chaque toile portait des indices : un nom de rue gravé dans le cadre, une date minuscule sous un arbre, une initiale dans un coin de ciel.","While tidying the studio after Marguerite's passing, Emma noticed a strange detail. Each canvas carried clues: a street name carved into the frame, a tiny date under a tree, an initial in a corner of sky.","CC BY-NC 4.0"
"fr-la-fabrique-du-souvenir","s4","fr","French","fr-FR","B2","https://melolingua.com/learn-french/b2-stories/la-fabrique-du-souvenir","Emma entreprit de les décrypter. Elle disposa les toiles par ordre chronologique des dates cachées. Un récit émergea : une histoire d'exil, un enfant laissé derrière, une promesse de retour jamais tenue.","Emma set out to decipher them. She arranged the canvases in chronological order of the hidden dates. A narrative emerged: a story of exile, a child left behind, a promise of return never kept.","CC BY-NC 4.0"
"fr-la-fabrique-du-souvenir","s5","fr","French","fr-FR","B2","https://melolingua.com/learn-french/b2-stories/la-fabrique-du-souvenir","Elle comprit que sa grand-mère n'avait jamais cessé de peindre la même histoire : celle de son frère jumeau, perdu pendant la guerre, dont elle n'avait jamais retrouvé la trace.","She understood that her grandmother had never stopped painting the same story: that of her twin brother, lost during the war, whose trace she had never found.","CC BY-NC 4.0"
"fr-la-fabrique-du-souvenir","s6","fr","French","fr-FR","B2","https://melolingua.com/learn-french/b2-stories/la-fabrique-du-souvenir","Pourquoi coder son histoire dans des tableaux au lieu de la raconter simplement ? Emma passa des heures à chercher une réponse. Puis elle trouva une lettre dans le tiroir du chevalet.","Why encode her story in paintings instead of simply telling it? Emma spent hours searching for an answer. Then she found a letter in the easel drawer.","CC BY-NC 4.0"
"fr-la-fabrique-du-souvenir","s7","fr","French","fr-FR","B2","https://melolingua.com/learn-french/b2-stories/la-fabrique-du-souvenir","La lettre, écrite en 1944, expliquait tout : Marguerite avait promis à son frère de raconter leur histoire s'il ne revenait pas. Les tableaux étaient son témoignage.","The letter, written in 1944, explained everything: Marguerite had promised her brother to tell their story if he never returned. The paintings were her testimony.","CC BY-NC 4.0"
"fr-la-fabrique-du-souvenir","s8","fr","French","fr-FR","B2","https://melolingua.com/learn-french/b2-stories/la-fabrique-du-souvenir","Emma se sentit traversée par le poids de ce silence de plus de quatre-vingts ans. Sa grand-mère n'avait jamais parlé de cette histoire. Elle l'avait peinte, jour après jour, toile après toile.","Emma felt the weight of more than eighty years of silence. Her grandmother had never spoken of this story. She had painted it, day after day, canvas after canvas.","CC BY-NC 4.0"
"fr-la-fabrique-du-souvenir","s9","fr","French","fr-FR","B2","https://melolingua.com/learn-french/b2-stories/la-fabrique-du-souvenir","Elle décida de continuer le travail de sa grand-mère. Elle organisa une exposition : La Fabrique du souvenir. Les toiles de Marguerite y furent montrées dans l'ordre de leur code secret.","She decided to continue her grandmother's work. She organized an exhibition: The Memory Factory. Marguerite's canvases were shown in the order of their secret code.","CC BY-NC 4.0"
"fr-la-fabrique-du-souvenir","s10","fr","French","fr-FR","B2","https://melolingua.com/learn-french/b2-stories/la-fabrique-du-souvenir","Les visiteurs voyaient des paysages de Montmartre. Mais Emma, elle, voyait enfin l'histoire que personne n'avait su lire. Parfois, le silence est la plus haute forme de mémoire.","Visitors saw landscapes of Montmartre. But Emma, for her part, finally saw the story no one had known how to read. Sometimes, silence is the highest form of memory.","CC BY-NC 4.0"
"fr-le-debat-en-classe","s1","fr","French","fr-FR","B2","https://melolingua.com/learn-french/b2-stories/le-debat-en-classe","Le débat de la semaine portait sur la laïcité dans l'espace public, sujet particulièrement sensible dans cette université de la banlieue parisienne.","The week's debate was about secularism in the public sphere, a sensitive topic at this university in the Paris suburbs.","CC BY-NC 4.0"
"fr-le-debat-en-classe","s2","fr","French","fr-FR","B2","https://melolingua.com/learn-french/b2-stories/le-debat-en-classe","Samia écoutait en silence, comme elle le faisait depuis le début du semestre. Elle prenait des notes, mais n'intervenait jamais. Le professeur, pourtant, l'observait.","Samia listened in silence, as she had been doing since the start of the semester. She took notes but never spoke up. And yet, the professor watched her.","CC BY-NC 4.0"
"fr-le-debat-en-classe","s3","fr","French","fr-FR","B2","https://melolingua.com/learn-french/b2-stories/le-debat-en-classe","Antoine prit la parole le premier. « La laïcité, c'est la neutralité de l'État. Point. Les signes religieux n'ont pas leur place dans les services publics », affirma-t-il.","Antoine spoke first. ""Secularism means state neutrality. Period. Religious symbols have no place in public services,"" he asserted.","CC BY-NC 4.0"
"fr-le-debat-en-classe","s4","fr","French","fr-FR","B2","https://melolingua.com/learn-french/b2-stories/le-debat-en-classe","Plusieurs têtes opinèrent. Samia sentit son estomac se serrer. Elle leva la main, puis la baissa. Le professeur l'encouragea d'un signe.","Several heads nodded. Samia felt her stomach tighten. She raised her hand, then lowered it. The professor encouraged her with a nod.","CC BY-NC 4.0"
"fr-le-debat-en-classe","s5","fr","French","fr-FR","B2","https://melolingua.com/learn-french/b2-stories/le-debat-en-classe","« Samia, vous semblez vouloir dire quelque chose, dit-il. La parole est libre dans ce séminaire. » Il y avait dans sa voix une invitation réelle, pas une pression rhétorique.","""Samia, you seem to want to say something,"" he said. ""Speech is free in this seminar."" There was genuine invitation in his voice, not rhetorical pressure.","CC BY-NC 4.0"
"fr-le-debat-en-classe","s6","fr","French","fr-FR","B2","https://melolingua.com/learn-french/b2-stories/le-debat-en-classe","Pour la première fois de l'année, Samia prit la parole. Sa voix tremblait un peu, mais elle parla. « La laïcité, ce n'est pas l'absence de religion. C'est la garantie qu'aucune n'impose sa vérité aux autres. »","For the first time all year, Samia spoke up. Her voice trembled a little, but she spoke. ""Secularism isn't the absence of religion. It's the guarantee that none imposes its truth on others.""","CC BY-NC 4.0"
"fr-le-debat-en-classe","s7","fr","French","fr-FR","B2","https://melolingua.com/learn-french/b2-stories/le-debat-en-classe","Antoine se tourna vers elle, surpris. « Donc vous êtes contre la neutralité des services publics ? » Samia soutint son regard. « Je suis pour une laïcité qui protège, pas qui exclut. C'est différent. »","Antoine turned to her, surprised. ""So you're against the neutrality of public services?"" Samia held his gaze. ""I'm for a secularism that protects, not one that excludes. That's different.""","CC BY-NC 4.0"
"fr-le-debat-en-classe","s8","fr","French","fr-FR","B2","https://melolingua.com/learn-french/b2-stories/le-debat-en-classe","Le débat dura encore une heure. Samia intervint trois autres fois, gagnant en assurance à chaque prise de parole. Certains étudiants la regardaient autrement désormais.","The debate lasted another hour. Samia intervened three more times, gaining confidence with each speech. Some students looked at her differently now.","CC BY-NC 4.0"
"fr-le-debat-en-classe","s9","fr","French","fr-FR","B2","https://melolingua.com/learn-french/b2-stories/le-debat-en-classe","En sortant, le professeur la rattrapa dans le couloir. « Vous avez bien fait de parler, Samia. Les idées s'affinent dans la confrontation, pas dans le silence. »","As they left, the professor caught up with her in the hallway. ""You did well to speak, Samia. Ideas are refined through confrontation, not silence.""","CC BY-NC 4.0"
"fr-le-debat-en-classe","s10","fr","French","fr-FR","B2","https://melolingua.com/learn-french/b2-stories/le-debat-en-classe","Ce soir-là, Samia n'ouvrit pas ses livres. Elle repensait aux mots prononcés, aux regards posés sur elle. Elle avait pris position. Et elle n'avait pas tremblé, du moins pas jusqu'à ce que la porte de sa chambre se referme.","That evening, Samia didn't open her books. She thought back to the words she had spoken, the looks toward her. She had taken a stand. And she hadn't trembled, at least not until her bedroom door closed.","CC BY-NC 4.0"
"fr-le-diner-de-la-discorde","s1","fr","French","fr-FR","B2","https://melolingua.com/learn-french/b2-stories/le-diner-de-la-discorde","Le dîner du dimanche chez les Montfort était une institution. Chaque semaine, la famille se réunissait autour d'une table d'acajou dans le seizième arrondissement.","Sunday dinner at the Montforts' was an institution. Every week, the family gathered around a mahogany table in the sixteenth arrondissement.","CC BY-NC 4.0"
"fr-le-diner-de-la-discorde","s2","fr","French","fr-FR","B2","https://melolingua.com/learn-french/b2-stories/le-diner-de-la-discorde","Ce dimanche-là, Clara arriva la première, comme toujours. Sa mère disposait les couverts avec une précision chirurgicale. Son père lisait Le Figaro dans son fauteuil.","That Sunday, Clara arrived first, as always. Her mother arranged the silverware with surgical precision. Her father read Le Figaro in his armchair.","CC BY-NC 4.0"
"fr-le-diner-de-la-discorde","s3","fr","French","fr-FR","B2","https://melolingua.com/learn-french/b2-stories/le-diner-de-la-discorde","Son frère, Antoine, entra avec une bouteille sous le bras. Il avait choisi un saint-émilion grand cru, un vin que leur père affectionnait particulièrement. Mais l'étiquette portait le nom d'un domaine que Clara connaissait bien.","Her brother, Antoine, walked in with a bottle under his arm. He had chosen a Saint-Émilion grand cru, a wine their father particularly cherished. But the label bore the name of an estate Clara knew well.","CC BY-NC 4.0"
"fr-le-diner-de-la-discorde","s4","fr","French","fr-FR","B2","https://melolingua.com/learn-french/b2-stories/le-diner-de-la-discorde","Quand Antoine posa la bouteille sur la table, le silence se fit. Le père leva les yeux de son journal. La mère cessa de disposer les couverts. Clara sentit le sol se dérober sous elle.","When Antoine placed the bottle on the table, silence fell. The father looked up from his newspaper. The mother stopped arranging the silverware. Clara felt the floor give way beneath her.","CC BY-NC 4.0"
"fr-le-diner-de-la-discorde","s5","fr","French","fr-FR","B2","https://melolingua.com/learn-french/b2-stories/le-diner-de-la-discorde","Le domaine en question appartenait à Hélène, l'ancienne associée de leur père. Elle avait quitté l'entreprise familiale dans des conditions que personne n'évoquait jamais ouvertement.","The estate in question belonged to Hélène, their father's former business partner. She had left the family business under conditions that no one ever mentioned openly.","CC BY-NC 4.0"
"fr-le-diner-de-la-discorde","s6","fr","French","fr-FR","B2","https://melolingua.com/learn-french/b2-stories/le-diner-de-la-discorde","Pendant vingt ans, personne n'avait prononcé ce nom à table. Ce soir-là, un simple vin l'avait ramené à la surface. Clara fusilla son frère du regard.","For twenty years, no one had uttered that name at the table. That evening, a simple wine had brought it back to the surface. Clara glared at her brother.","CC BY-NC 4.0"
"fr-le-diner-de-la-discorde","s7","fr","French","fr-FR","B2","https://melolingua.com/learn-french/b2-stories/le-diner-de-la-discorde","Antoine brisa le silence d'un ton faussement léger. « C'est un excellent millésime. Je me suis dit que cela ferait plaisir à tout le monde. »","Antoine broke the silence with a falsely light tone. ""It's an excellent vintage. I thought it would please everyone.""","CC BY-NC 4.0"
"fr-le-diner-de-la-discorde","s8","fr","French","fr-FR","B2","https://melolingua.com/learn-french/b2-stories/le-diner-de-la-discorde","« Tu sais très bien ce que tu fais, » répondit Clara, la voix tremblante de colère contenue. « Cette bouteille n'est pas un hasard. »","""You know very well what you're doing,"" Clara replied, her voice trembling with contained anger. ""This bottle is not a coincidence.""","CC BY-NC 4.0"
"fr-le-diner-de-la-discorde","s9","fr","French","fr-FR","B2","https://melolingua.com/learn-french/b2-stories/le-diner-de-la-discorde","Le père reposa son journal. Il regarda ses deux enfants, puis la bouteille. « Nous n'allons pas gâcher un dîner pour un vin, » dit-il. Mais la tension dans sa voix trahissait ses paroles.","The father put down his newspaper. He looked at his two children, then at the bottle. ""We're not going to ruin a dinner over a wine,"" he said. But the tension in his voice betrayed his words.","CC BY-NC 4.0"
"fr-le-diner-de-la-discorde","s10","fr","French","fr-FR","B2","https://melolingua.com/learn-french/b2-stories/le-diner-de-la-discorde","Le dîner se déroula dans une atmosphère électrique. Chaque bouchée semblait peser. La mère changea de sujet trois fois, sans succès. Le vin restait sur la table, ouvert mais intact dans les verres.","Dinner unfolded in an electric atmosphere. Each bite seemed to weigh heavily. The mother changed the subject three times, without success. The wine sat on the table, opened but untouched in the glasses.","CC BY-NC 4.0"
"fr-le-diner-de-la-discorde","s11","fr","French","fr-FR","B2","https://melolingua.com/learn-french/b2-stories/le-diner-de-la-discorde","En partant, Clara attrapa Antoine par le bras dans l'entrée. « Pourquoi aujourd'hui ? Pourquoi ce vin ? » Il la regarda longuement. « Parce qu'il est temps que cette histoire sorte, Clara. Tu ne crois pas ? »","As they left, Clara grabbed Antoine by the arm in the hallway. “Why today? Why this wine?” He looked at her for a long moment. “Because it's time this story came out, Clara. Don't you think?”","CC BY-NC 4.0"
"fr-le-diner-de-la-discorde","s12","fr","French","fr-FR","B2","https://melolingua.com/learn-french/b2-stories/le-diner-de-la-discorde","Clara ne répondit pas. Elle descendit l'escalier en pensant à toutes ces années de silence, aux dîners où l'on feignait d'ignorer ce que tout le monde savait. Peut-être qu'Antoine avait raison.","Clara didn't answer. She walked down the stairs thinking about all those years of silence, the dinners where everyone pretended not to know what everyone knew. Maybe Antoine was right.","CC BY-NC 4.0"
"fr-le-stage-qui-change-tout","s1","fr","French","fr-FR","B2","https://melolingua.com/learn-french/b2-stories/le-stage-qui-change-tout","À vingt-deux ans, Elias entamait son dernier mois de stage dans une start-up parisienne spécialisée dans l'analyse de données. L'ambiance y était jeune, mais la pression, elle, ne faisait que croître.","At twenty-two, Elias was beginning his last month of internship at a Parisian startup specializing in data analysis. The atmosphere was young, but the pressure only grew.","CC BY-NC 4.0"
"fr-le-stage-qui-change-tout","s2","fr","French","fr-FR","B2","https://melolingua.com/learn-french/b2-stories/le-stage-qui-change-tout","L'évaluation de fin de stage devait être une simple formalité. Mais lorsque la directrice des ressources humaines l'invita dans son bureau, le ton de son courriel laissait présager autre chose.","The end-of-internship evaluation was supposed to be a simple formality. But when the HR director invited him to her office, the tone of her email suggested otherwise.","CC BY-NC 4.0"
"fr-le-stage-qui-change-tout","s3","fr","French","fr-FR","B2","https://melolingua.com/learn-french/b2-stories/le-stage-qui-change-tout","Son parrain, Mehdi, lui avait toujours conseillé de ne pas trop en faire. « Reste discret, ne prends pas d'initiatives qui dépassent ta mission. » Elias avait suivi ce conseil à la lettre.","His mentor, Mehdi, had always advised him not to overdo it. ""Stay discreet, don't take initiatives that go beyond your assignment."" Elias had followed this advice to the letter.","CC BY-NC 4.0"
"fr-le-stage-qui-change-tout","s4","fr","French","fr-FR","B2","https://melolingua.com/learn-french/b2-stories/le-stage-qui-change-tout","Dans le bureau, la DRH ne perdit pas de temps. « Elias, votre tuteur a rédigé un rapport très... mesuré. La direction s'interroge sur votre capacité à prendre des responsabilités. »","In the office, the HR director did not waste time. ""Elias, your supervisor has written a very... measured report. Management is questioning your ability to take on responsibilities.""","CC BY-NC 4.0"
"fr-le-stage-qui-change-tout","s5","fr","French","fr-FR","B2","https://melolingua.com/learn-french/b2-stories/le-stage-qui-change-tout","Elias sentit un nœud se former dans son estomac. Il avait fait exactement ce que Mehdi lui avait dit. Et maintenant, on lui reprochait de ne pas en avoir fait assez.","Elias felt a knot form in his stomach. He had done exactly what Mehdi had told him. And now, they were blaming him for not doing enough.","CC BY-NC 4.0"
"fr-le-stage-qui-change-tout","s6","fr","French","fr-FR","B2","https://melolingua.com/learn-french/b2-stories/le-stage-qui-change-tout","« Puis-je voir le rapport ? » demanda-t-il en s'efforçant de garder une voix calme. La DRH hésita, puis lui tendit une feuille imprimée.","""May I see the report?"" he asked, forcing himself to keep a calm voice. The HR director hesitated, then handed him a printed page.","CC BY-NC 4.0"
"fr-le-stage-qui-change-tout","s7","fr","French","fr-FR","B2","https://melolingua.com/learn-french/b2-stories/le-stage-qui-change-tout","« Elias a présenté des chiffres solides, mais son autonomie reste à prouver », lisait la première phrase. Plus bas: « Il exécute sans proposer. »","""Elias has presented solid figures, but his autonomy remains to be proven,"" read the first sentence. Further down: ""He executes without proposing.""","CC BY-NC 4.0"
"fr-le-stage-qui-change-tout","s8","fr","French","fr-FR","B2","https://melolingua.com/learn-french/b2-stories/le-stage-qui-change-tout","En sortant du bureau, Elias croisa le PDG dans le couloir. « Elias, j'ai vu votre travail sur le tableau de bord client. Pourquoi ne l'avez-vous pas présenté en réunion ? »","Leaving the office, Elias ran into the CEO in the hallway. ""Elias, I saw your work on the client dashboard. Why didn't you present it in the meeting?""","CC BY-NC 4.0"
"fr-le-stage-qui-change-tout","s9","fr","French","fr-FR","B2","https://melolingua.com/learn-french/b2-stories/le-stage-qui-change-tout","Elias comprit alors le décalage: Mehdi lui avait appris la prudence, mais l'entreprise attendait de l'audace. Les deux stratégies s'opposaient sans que personne ne le lui ait dit clairement.","Elias then understood the gap: Mehdi had taught him caution, but the company expected boldness. The two strategies opposed each other without anyone having told him clearly.","CC BY-NC 4.0"
"fr-le-stage-qui-change-tout","s10","fr","French","fr-FR","B2","https://melolingua.com/learn-french/b2-stories/le-stage-qui-change-tout","Il demanda un entretien avec Mehdi. La conversation fut difficile. « Je voulais te protéger, » expliqua ce dernier. « Mais tu as raison: j'aurais dû t'encourager à montrer ce dont tu es capable. »","He asked for a meeting with Mehdi. The conversation was difficult. ""I wanted to protect you,"" the latter explained. ""But you're right: I should have encouraged you to show what you're capable of.""","CC BY-NC 4.0"
"fr-le-stage-qui-change-tout","s11","fr","French","fr-FR","B2","https://melolingua.com/learn-french/b2-stories/le-stage-qui-change-tout","La semaine suivante, Elias prépara une présentation pour l'équipe dirigeante. Il y intégra ses propres analyses et proposa trois optimisations concrètes. L'accueil fut bien plus positif qu'il ne l'avait imaginé.","The following week, Elias prepared a presentation for the management team. He included his own analyses and proposed three concrete optimizations. The reception was far more positive than he had imagined.","CC BY-NC 4.0"
"fr-le-stage-qui-change-tout","s12","fr","French","fr-FR","B2","https://melolingua.com/learn-french/b2-stories/le-stage-qui-change-tout","Le dernier jour, la DRH lui tendit une lettre de recommandation. « Nous serions ravis de vous revoir après vos études, Elias. Avec un peu plus d'initiative, vous irez loin. »","On the last day, the HR director handed him a letter of recommendation. ""We would be delighted to see you again after your studies, Elias. With a bit more initiative, you'll go far.""","CC BY-NC 4.0"
"fr-le-stage-qui-change-tout","s13","fr","French","fr-FR","B2","https://melolingua.com/learn-french/b2-stories/le-stage-qui-change-tout","En rangeant son bureau, Elias repensa au conseil de Mehdi. Il comprit que la loyauté et l'ambition ne s'opposent pas toujours — à condition de savoir quand appliquer l'une ou l'autre.","While clearing his desk, Elias thought back to Mehdi's advice. He understood that loyalty and ambition don't always oppose each other — provided you know when to apply one or the other.","CC BY-NC 4.0"
"fr-les-coulisses-du-journal","s1","fr","French","fr-FR","B2","https://melolingua.com/learn-french/b2-stories/les-coulisses-du-journal","Au journal régional Le Dauphiné, Inès préparait son premier sujet d'investigation sérieux. Depuis trois semaines, elle recoupait des documents sur un marché public attribué dans des conditions douteuses.","At the regional newspaper Le Dauphiné, Inès was preparing her first serious investigation piece. For three weeks, she had been cross-referencing documents about a public contract awarded under questionable circumstances.","CC BY-NC 4.0"
"fr-les-coulisses-du-journal","s2","fr","French","fr-FR","B2","https://melolingua.com/learn-french/b2-stories/les-coulisses-du-journal","Son rédacteur en chef, Paul, l'avait prise sous son aile dès son arrivée. Il était exigeant mais juste, et Inès respectait son jugement plus que tout.","Her editor-in-chief, Paul, had taken her under his wing from day one. He was demanding but fair, and Inès respected his judgment above all else.","CC BY-NC 4.0"
"fr-les-coulisses-du-journal","s3","fr","French","fr-FR","B2","https://melolingua.com/learn-french/b2-stories/les-coulisses-du-journal","« Inès, ton enquête sur les marchés publics est solide, » dit-il en feuilletant les pages. « Mais il y a un problème. » Il marqua une pause. « Le principal mis en cause est un ami personnel. »","""Inès, your investigation on public contracts is solid,"" he said, flipping through the pages. ""But there's a problem."" He paused. ""The main person implicated is a personal friend.""","CC BY-NC 4.0"
"fr-les-coulisses-du-journal","s4","fr","French","fr-FR","B2","https://melolingua.com/learn-french/b2-stories/les-coulisses-du-journal","Inès resta silencieuse. Elle comprit immédiatement la portée de ce qu'il venait de dire. Paul ne lui demandait pas explicitement d'enterrer l'article. Mais le sous-entendu était clair.","Inès remained silent. She immediately understood the weight of what he had just said. Paul wasn't explicitly asking her to bury the article. But the implication was clear.","CC BY-NC 4.0"
"fr-les-coulisses-du-journal","s5","fr","French","fr-FR","B2","https://melolingua.com/learn-french/b2-stories/les-coulisses-du-journal","« J'ai vérifié toutes mes sources, » insista-t-elle. « Les documents sont authentiques. Si on ne publie pas, c'est la déontologie qu'on trahit. »","""I've checked all my sources,"" she insisted. ""The documents are authentic. If we don't publish, we're betraying journalistic ethics.""","CC BY-NC 4.0"
"fr-les-coulisses-du-journal","s6","fr","French","fr-FR","B2","https://melolingua.com/learn-french/b2-stories/les-coulisses-du-journal","Paul se frotta les tempes. « On ne peut pas publier ça. Pas comme ça. Pas maintenant. » Il n'ajouta rien. Le silence entre eux devint lourd, chargé de tout ce qui ne pouvait pas être dit.","Paul rubbed his temples. ""We can't publish this. Not like this. Not now."" He added nothing. The silence between them became heavy, charged with everything that couldn't be said.","CC BY-NC 4.0"
"fr-les-coulisses-du-journal","s7","fr","French","fr-FR","B2","https://melolingua.com/learn-french/b2-stories/les-coulisses-du-journal","Cette nuit-là, Inès ne dormit pas. Elle repensait aux visages des personnes citées dans l'enquête, au droit du public à savoir, à la carrière de Paul, à la sienne.","That night, Inès didn't sleep. She kept thinking about the faces of the people cited in the investigation, the public's right to know, Paul's career, her own.","CC BY-NC 4.0"
"fr-les-coulisses-du-journal","s8","fr","French","fr-FR","B2","https://melolingua.com/learn-french/b2-stories/les-coulisses-du-journal","Le lendemain, elle prit une décision. Elle proposa de confier l'article à une rédactrice indépendante et de signaler officiellement le conflit d'intérêts de Paul.","The next day, she made a decision. She proposed entrusting the article to an independent editor and formally disclosing Paul's conflict of interest.","CC BY-NC 4.0"
"fr-les-coulisses-du-journal","s9","fr","French","fr-FR","B2","https://melolingua.com/learn-french/b2-stories/les-coulisses-du-journal","Paul lut la proposition sans rien dire. Puis il hocha lentement la tête. « C'est la bonne procédure. Je vais me retirer du dossier et prévenir la direction. »","Paul read the proposal without saying anything. Then he slowly nodded. “That's the right procedure. I'll step away from the story and inform management.”","CC BY-NC 4.0"
"fr-les-coulisses-du-journal","s10","fr","French","fr-FR","B2","https://melolingua.com/learn-french/b2-stories/les-coulisses-du-journal","Après une nouvelle vérification, l'article parut en une le jeudi suivant avec les faits et les noms nécessaires. Le journal reçut un appel du cabinet du maire dès le matin.","After another round of verification, the article appeared on the front page the following Thursday with the necessary facts and names. The paper received a call from the mayor's office that morning.","CC BY-NC 4.0"
"fr-les-coulisses-du-journal","s11","fr","French","fr-FR","B2","https://melolingua.com/learn-french/b2-stories/les-coulisses-du-journal","Paul ne félicita jamais Inès ouvertement. Mais en quittant le bureau ce soir-là, il laissa sur son clavier un mot : « Tu as fait le bon choix. Le métier, parfois, c'est savoir se retirer pour protéger une enquête. »","Paul never openly congratulated Inès. But as he left the office that evening, he left a note on her keyboard: “You made the right choice. Sometimes this job means knowing when to step aside to protect an investigation.”","CC BY-NC 4.0"
"it-al-mercato","s1","it","Italian","it-IT","A1","https://melolingua.com/learn-italian/a1-stories/al-mercato","È sabato mattina e Giulia va al mercato di Campo de' Fiori, a Roma.","It's Saturday morning and Giulia heads to the bustling Campo de' Fiori market in Rome.","CC BY-NC 4.0"
"it-al-mercato","s2","it","Italian","it-IT","A1","https://melolingua.com/learn-italian/a1-stories/al-mercato","Il mercato è all'aperto e ci sono molti banchi colorati.","The market is outdoors, alive with vibrant, colorful stalls.","CC BY-NC 4.0"
"it-al-mercato","s3","it","Italian","it-IT","A1","https://melolingua.com/learn-italian/a1-stories/al-mercato","Giulia vede frutta fresca, verdura, fiori e formaggi. "" Buongiorno, signora! Cosa desidera?"" chiede il venditore. ""","Giulia sees fresh fruit, vegetables, flowers, and cheeses. "" Good morning, ma'am! What would you like?"" asks the cheerful seller. ""","CC BY-NC 4.0"
"it-al-mercato","s4","it","Italian","it-IT","A1","https://melolingua.com/learn-italian/a1-stories/al-mercato","Vorrei un chilo di pomodori e mezzo chilo di peperoni rossi, per favore,"" dice Giulia.","I'd like a kilo of tomatoes and half a kilo of red peppers, please,"" Giulia replies.","CC BY-NC 4.0"
"it-al-mercato","s5","it","Italian","it-IT","A1","https://melolingua.com/learn-italian/a1-stories/al-mercato","I pomodori sono rossi e profumati. Giulia compra anche delle fragole dolci e un mazzo di basilico fresco.","The tomatoes are red and fragrant, bursting with aroma. Giulia also picks up sweet strawberries and a bunch of fresh basil.","CC BY-NC 4.0"
"it-al-mercato","s6","it","Italian","it-IT","A1","https://melolingua.com/learn-italian/a1-stories/al-mercato","""Il basilico è in regalo oggi,"" dice il venditore con un sorriso. Giulia paga e mette tutto nella sua borsa di stoffa.","""The basil is a gift today,"" the seller says with a warm smile. Giulia pays and tucks everything into her cloth bag.","CC BY-NC 4.0"
"it-al-mercato","s7","it","Italian","it-IT","A1","https://melolingua.com/learn-italian/a1-stories/al-mercato","Cammina tra i banchi e compra anche del pane fresco e della mozzarella.","She strolls between stalls, also buying fresh bread and mozzarella.","CC BY-NC 4.0"
"it-al-mercato","s8","it","Italian","it-IT","A1","https://melolingua.com/learn-italian/a1-stories/al-mercato","Quando torna a casa, Giulia prepara un'insalata caprese con i pomodori, la mozzarella e il basilico. È semplice ma deliziosa.","Back home, Giulia prepares a caprese salad with tomatoes, mozzarella, and basil. It's simple yet delicious.","CC BY-NC 4.0"
"it-la-colazione-da-marta","s1","it","Italian","it-IT","A1","https://melolingua.com/learn-italian/a1-stories/la-colazione-da-marta","Tutti i giorni Marco va al bar ""Da Marta"" per la colazione, prima di andare in ufficio.","Every day Marco goes to the bar ""Da Marta"" for breakfast, before going to the office.","CC BY-NC 4.0"
"it-la-colazione-da-marta","s2","it","Italian","it-IT","A1","https://melolingua.com/learn-italian/a1-stories/la-colazione-da-marta","Marta lavora come barista da vent'anni e conosce tutti i clienti.","Marta has worked as a barista for twenty years and knows all the customers.","CC BY-NC 4.0"
"it-la-colazione-da-marta","s3","it","Italian","it-IT","A1","https://melolingua.com/learn-italian/a1-stories/la-colazione-da-marta","Marco è un cliente fedele. Ordina sempre la stessa cosa.","Marco is a loyal customer. He always orders the same thing.","CC BY-NC 4.0"
"it-la-colazione-da-marta","s4","it","Italian","it-IT","A1","https://melolingua.com/learn-italian/a1-stories/la-colazione-da-marta","Per lui è un cappuccino e una brioche alla crema. Ogni giorno, da anni.","For him it's a cappuccino and a cream-filled croissant. Every day, for years.","CC BY-NC 4.0"
"it-la-colazione-da-marta","s5","it","Italian","it-IT","A1","https://melolingua.com/learn-italian/a1-stories/la-colazione-da-marta","Ma oggi qualcosa cambia. Marco dice: ""Buongiorno, Marta! Il solito, per favore.""","But today something changes. Marco says: ""Good morning, Marta! The usual, please.""","CC BY-NC 4.0"
"it-la-colazione-da-marta","s6","it","Italian","it-IT","A1","https://melolingua.com/learn-italian/a1-stories/la-colazione-da-marta","Marta è molto occupata e per sbaglio prende una brioche con la marmellata, non alla crema.","Marta is very busy and by mistake she takes a croissant with jam, not cream-filled.","CC BY-NC 4.0"
"it-la-colazione-da-marta","s7","it","Italian","it-IT","A1","https://melolingua.com/learn-italian/a1-stories/la-colazione-da-marta","Marco prende il cappuccino, la brioche e va al suo tavolo vicino alla finestra.","Marco takes the cappuccino, the croissant and goes to his table near the window.","CC BY-NC 4.0"
"it-la-colazione-da-marta","s8","it","Italian","it-IT","A1","https://melolingua.com/learn-italian/a1-stories/la-colazione-da-marta","Morde la brioche e fa una faccia strana. ""Questa non è alla crema, è alla marmellata!""","He bites the croissant and makes a strange face. ""This isn't cream-filled, it's with jam!""","CC BY-NC 4.0"
"it-la-colazione-da-marta","s9","it","Italian","it-IT","A1","https://melolingua.com/learn-italian/a1-stories/la-colazione-da-marta","Ma poi sorride. La marmellata di albicocche è calda e dolce. ""Che buona!"" pensa.","But then he smiles. The apricot jam is warm and sweet. ""How good!"" he thinks.","CC BY-NC 4.0"
"it-la-colazione-da-marta","s10","it","Italian","it-IT","A1","https://melolingua.com/learn-italian/a1-stories/la-colazione-da-marta","Marta si avvicina e dice: ""Scusa, Marco! Ho sbagliato. Vuoi un'altra brioche?""","Marta approaches and says: ""Sorry, Marco! I made a mistake. Do you want another croissant?""","CC BY-NC 4.0"
"it-la-colazione-da-marta","s11","it","Italian","it-IT","A1","https://melolingua.com/learn-italian/a1-stories/la-colazione-da-marta","Marco ride. ""No, va bene così. Scoprire un gusto nuovo è bello. La marmellata di albicocche è deliziosa!""","Marco laughs. ""No, it's fine like this. Discovering a new taste is nice. The apricot jam is delicious!""","CC BY-NC 4.0"
"it-la-gita-al-mercato","s1","it","Italian","it-IT","A1","https://melolingua.com/learn-italian/a1-stories/la-gita-al-mercato","È sabato mattina e Sofia va al mercato con la sua mamma e il fratello Luca.","It's Saturday morning and Sofia goes to the market with her mom and her brother Luca.","CC BY-NC 4.0"
"it-la-gita-al-mercato","s2","it","Italian","it-IT","A1","https://melolingua.com/learn-italian/a1-stories/la-gita-al-mercato","Sofia ha una lista della spesa lunga un metro, piena di disegni colorati.","Sofia has a shopping list a meter long, full of colorful drawings.","CC BY-NC 4.0"
"it-la-gita-al-mercato","s3","it","Italian","it-IT","A1","https://melolingua.com/learn-italian/a1-stories/la-gita-al-mercato","Davanti alla pescheria c'è una signora che grida: ""Pesce fresco, oggi!""","In front of the fish shop there is a woman who shouts: ""Fresh fish today!""","CC BY-NC 4.0"
"it-la-gita-al-mercato","s4","it","Italian","it-IT","A1","https://melolingua.com/learn-italian/a1-stories/la-gita-al-mercato","Luca tira la mamma per la maglia. ""Mamma, io voglio vedere i pesci!""","Luca pulls mom by the shirt. ""Mom, I want to see the fish!""","CC BY-NC 4.0"
"it-la-gita-al-mercato","s5","it","Italian","it-IT","A1","https://melolingua.com/learn-italian/a1-stories/la-gita-al-mercato","Sofia controlla la lista e dice: ""Prima le carote e le zucchine, poi i pesci.""","Sofia checks the list and says: ""First the carrots and zucchinis, then the fish.""","CC BY-NC 4.0"
"it-la-gita-al-mercato","s6","it","Italian","it-IT","A1","https://melolingua.com/learn-italian/a1-stories/la-gita-al-mercato","Al banco della frutta, Luca sorride e chiede: ""Quanto costa un chilo di mele?""","At the fruit stall, Luca smiles and asks: ""How much is a kilo of apples?""","CC BY-NC 4.0"
"it-la-gita-al-mercato","s7","it","Italian","it-IT","A1","https://melolingua.com/learn-italian/a1-stories/la-gita-al-mercato","Il venditore risponde: ""Due euro, piccolo. Per te, un euro e cinquanta!""","The seller answers: ""Two euros, little one. For you, one euro and fifty!""","CC BY-NC 4.0"
"it-la-gita-al-mercato","s8","it","Italian","it-IT","A1","https://melolingua.com/learn-italian/a1-stories/la-gita-al-mercato","Sofia guarda la mamma. ""Mamma, le fragole costano poco. Possiamo comprarle?""","Sofia looks at mom. ""Mom, strawberries cost little. Can we buy them?""","CC BY-NC 4.0"
"it-la-gita-al-mercato","s9","it","Italian","it-IT","A1","https://melolingua.com/learn-italian/a1-stories/la-gita-al-mercato","La mamma ride e dice di sì. Luca sceglie anche un'anguria enorme per dopo pranzo.","Mom laughs and says yes. Luca also picks an enormous watermelon for after lunch.","CC BY-NC 4.0"
"it-la-gita-al-mercato","s10","it","Italian","it-IT","A1","https://melolingua.com/learn-italian/a1-stories/la-gita-al-mercato","Tornano a casa con le borse piene. ""Che bella gita al mercato!"" dice Sofia. ""E domani si ricomincia!""","They return home with full bags. ""What a nice trip to the market!"" says Sofia. ""And tomorrow we start again!""","CC BY-NC 4.0"
"it-la-pizzeria-di-quartiere","s1","it","Italian","it-IT","A1","https://melolingua.com/learn-italian/a1-stories/la-pizzeria-di-quartiere","Venerdì sera Matteo entra nella piccola pizzeria alla fine della strada, stanco dopo il lungo turno al negozio.","On Friday evening, Matteo steps into the small pizzeria at the end of the street, weary after a long shift at the store.","CC BY-NC 4.0"
"it-la-pizzeria-di-quartiere","s2","it","Italian","it-IT","A1","https://melolingua.com/learn-italian/a1-stories/la-pizzeria-di-quartiere","Il forno a legna emana un profumo dolce di pomodoro e mozzarella calda sulla pasta sottile.","The wood-fired oven releases a sweet aroma of tomato and warm mozzarella on thin dough.","CC BY-NC 4.0"
"it-la-pizzeria-di-quartiere","s3","it","Italian","it-IT","A1","https://melolingua.com/learn-italian/a1-stories/la-pizzeria-di-quartiere","Claudia sorride da dietro il bancone e chiede: ""Margherita come sempre?""","Claudia smiles from behind the counter and asks, ""Margherita as usual?""","CC BY-NC 4.0"
"it-la-pizzeria-di-quartiere","s4","it","Italian","it-IT","A1","https://melolingua.com/learn-italian/a1-stories/la-pizzeria-di-quartiere","Matteo annuisce, ma chiede più basilico fresco perché ha imparato la parola ieri.","Matteo nods, but asks for more fresh basil because he learned the word yesterday.","CC BY-NC 4.0"
"it-la-pizzeria-di-quartiere","s5","it","Italian","it-IT","A1","https://melolingua.com/learn-italian/a1-stories/la-pizzeria-di-quartiere","Claudia annuisce, stende l'impasto sottile, passa la paletta sotto la pizza e la taglia in quattro spicchi caldi.","Claudia nods, stretches the thin dough, slides the peel under the pizza, and cuts it into four hot slices.","CC BY-NC 4.0"
"it-la-pizzeria-di-quartiere","s6","it","Italian","it-IT","A1","https://melolingua.com/learn-italian/a1-stories/la-pizzeria-di-quartiere","Matteo paga alla cassa, prende la scatola di cartone e annusa il profumo caldo mentre cammina verso casa.","Matteo pays at the register, takes the cardboard box, and inhales the warm aroma as he walks home.","CC BY-NC 4.0"
"it-una-domenica-al-parco","s1","it","Italian","it-IT","A1","https://melolingua.com/learn-italian/a1-stories/una-domenica-al-parco","Domenica mattina, Giulia cammina lentamente verso il parco vicino a casa sua con una borsa di tela e un libro sottile.","On Sunday morning, Giulia strolls slowly toward the park near her home, carrying a canvas tote and a slim book.","CC BY-NC 4.0"
"it-una-domenica-al-parco","s2","it","Italian","it-IT","A1","https://melolingua.com/learn-italian/a1-stories/una-domenica-al-parco","Il sole filtra delicato tra le foglie degli alberi, mentre alcuni bambini inseguono una palla rossa che rimbalza sull'erba.","The sun gently filters through the leaves of the trees, while children chase a red ball bouncing on the grass.","CC BY-NC 4.0"
"it-una-domenica-al-parco","s3","it","Italian","it-IT","A1","https://melolingua.com/learn-italian/a1-stories/una-domenica-al-parco","Lei sceglie una panchina libera accanto allo stagno, dove le anatre nuotano in silenzio, e un signore anziano lancia briciole di pane","She chooses a free bench next to the pond, where ducks swim silently, and an elderly man tosses breadcrumbs to","CC BY-NC 4.0"
"it-una-domenica-al-parco","s4","it","Italian","it-IT","A1","https://melolingua.com/learn-italian/a1-stories/una-domenica-al-parco","agli uccelli.","the birds.","CC BY-NC 4.0"
"it-una-domenica-al-parco","s5","it","Italian","it-IT","A1","https://melolingua.com/learn-italian/a1-stories/una-domenica-al-parco","Giulia mangia uno snack veloce, beve dalla sua borraccia e sorride quando il vicino Luca le chiede se il libro è interessante.","Giulia eats a quick snack, sips from her water bottle, and smiles when her neighbor Luca asks if the book is interesting.","CC BY-NC 4.0"
"it-una-domenica-al-parco","s6","it","Italian","it-IT","A1","https://melolingua.com/learn-italian/a1-stories/una-domenica-al-parco","Lei risponde di sì, ma confessa che oggi preferisce osservare le foglie che leggere ogni pagina.","She says yes, but admits that today she prefers watching the leaves to reading every page.","CC BY-NC 4.0"
"it-una-domenica-al-parco","s7","it","Italian","it-IT","A1","https://melolingua.com/learn-italian/a1-stories/una-domenica-al-parco","Prima di tornare a casa, scrive sulla copertina del libro tre parole italiane che le piacciono, così lunedì al lavoro ricorderà meglio","Before heading home, she writes three Italian words she loves on the book's cover, so on Monday at work, she'll better remember","CC BY-NC 4.0"
"it-una-domenica-al-parco","s8","it","Italian","it-IT","A1","https://melolingua.com/learn-italian/a1-stories/una-domenica-al-parco","questo semplice momento di riposo.","this simple moment of rest.","CC BY-NC 4.0"
"it-una-passeggiata-a-roma","s1","it","Italian","it-IT","A1","https://melolingua.com/learn-italian/a1-stories/una-passeggiata-a-roma","Anna è in vacanza a Roma. È il suo primo giorno e vuole vedere la Fontana di Trevi.","Anna is on vacation in Rome. It's her first day and she wants to see the Trevi Fountain.","CC BY-NC 4.0"
"it-una-passeggiata-a-roma","s2","it","Italian","it-IT","A1","https://melolingua.com/learn-italian/a1-stories/una-passeggiata-a-roma","Prende la mappa dall'hotel e cammina per le strade del centro.","She takes the map from the hotel and walks through the streets of the center.","CC BY-NC 4.0"
"it-una-passeggiata-a-roma","s3","it","Italian","it-IT","A1","https://melolingua.com/learn-italian/a1-stories/una-passeggiata-a-roma","Le strade sono strette e piene di persone. Anna guarda la mappa, ma non capisce bene.","The streets are narrow and full of people. Anna looks at the map, but she doesn't understand well.","CC BY-NC 4.0"
"it-una-passeggiata-a-roma","s4","it","Italian","it-IT","A1","https://melolingua.com/learn-italian/a1-stories/una-passeggiata-a-roma","Una guida locale sorride e chiede: ""Hai bisogno di aiuto?""","A local guide smiles and asks: ""Do you need help?""","CC BY-NC 4.0"
"it-una-passeggiata-a-roma","s5","it","Italian","it-IT","A1","https://melolingua.com/learn-italian/a1-stories/una-passeggiata-a-roma","Anna risponde: ""Sì, grazie. Cerco la Fontana di Trevi, ma mi sono persa.""","Anna answers: ""Yes, thanks. I'm looking for the Trevi Fountain, but I got lost.""","CC BY-NC 4.0"
"it-una-passeggiata-a-roma","s6","it","Italian","it-IT","A1","https://melolingua.com/learn-italian/a1-stories/una-passeggiata-a-roma","La guida dice: ""Non è lontana. Prima, però, guarda questa piazza bellissima con una fontana antica.""","The guide says: ""It's not far. First, though, look at this beautiful square with an ancient fountain.""","CC BY-NC 4.0"
"it-una-passeggiata-a-roma","s7","it","Italian","it-IT","A1","https://melolingua.com/learn-italian/a1-stories/una-passeggiata-a-roma","Anna guarda la piazza. È piena di fiori, persone e musica da lontano.","Anna looks at the square. It's full of flowers, people and music from afar.","CC BY-NC 4.0"
"it-una-passeggiata-a-roma","s8","it","Italian","it-IT","A1","https://melolingua.com/learn-italian/a1-stories/una-passeggiata-a-roma","La guida continua: ""Adesso gira a destra, poi sempre dritto. Dopo due minuti, vedi la fontana.""","The guide continues: ""Now turn right, then straight ahead. After two minutes, you'll see the fountain.""","CC BY-NC 4.0"
"it-una-passeggiata-a-roma","s9","it","Italian","it-IT","A1","https://melolingua.com/learn-italian/a1-stories/una-passeggiata-a-roma","Anna segue le indicazioni e arriva alla Fontana di Trevi. È enorme e bellissima.","Anna follows the directions and arrives at the Trevi Fountain. It's enormous and beautiful.","CC BY-NC 4.0"
"it-una-passeggiata-a-roma","s10","it","Italian","it-IT","A1","https://melolingua.com/learn-italian/a1-stories/una-passeggiata-a-roma","Guarda l'acqua blu e le statue bianche. ""Che meraviglia!"" dice.","She looks at the blue water and the white statues. ""How wonderful!"" she says.","CC BY-NC 4.0"
"it-una-passeggiata-a-roma","s11","it","Italian","it-IT","A1","https://melolingua.com/learn-italian/a1-stories/una-passeggiata-a-roma","Anna lancia una moneta nell'acqua, come fanno tutti i turisti.","Anna throws a coin into the water, as all tourists do.","CC BY-NC 4.0"
"it-una-passeggiata-a-roma","s12","it","Italian","it-IT","A1","https://melolingua.com/learn-italian/a1-stories/una-passeggiata-a-roma","Poi pensa: ""Mi sono persa, ma ho visto cose bellissime. Qualche volta perdersi è bello!""","Then she thinks: ""I got lost, but I saw beautiful things. Sometimes getting lost is nice!""","CC BY-NC 4.0"
"it-cena-alla-pizzeria","s1","it","Italian","it-IT","A2","https://melolingua.com/learn-italian/a2-stories/cena-alla-pizzeria","Marco chiama la pizzeria del quartiere, già immaginando il profumo di pomodoro e basilico, e chiede gentilmente un tavolo tranquillo vicino alla finestra per due persone alle otto meno un quarto.","Marco calls the neighborhood pizzeria, already imagining the aroma of tomato and basil, and politely asks for a quiet table by the window for two people at quarter to eight.","CC BY-NC 4.0"
"it-cena-alla-pizzeria","s2","it","Italian","it-IT","A2","https://melolingua.com/learn-italian/a2-stories/cena-alla-pizzeria","La voce dalla cornetta, calda come il forno, conferma la prenotazione e aggiunge che potranno ordinare le pizze margherita appena arrivano.","The voice on the receiver, warm as the oven, confirms the reservation and adds that they can order the margherita pizzas as soon as they arrive.","CC BY-NC 4.0"
"it-cena-alla-pizzeria","s3","it","Italian","it-IT","A2","https://melolingua.com/learn-italian/a2-stories/cena-alla-pizzeria","Quando Marco e sua sorella Elena entrano, ringraziano la cameriera sorridente che li accompagna al tavolo e ordinano due pizze margherite, acqua naturale e una birra piccola da dividere.","When Marco and his sister Elena enter, they thank the smiling waitress who shows them to their table and order two margherita pizzas, still water, and a small beer to share.","CC BY-NC 4.0"
"it-cena-alla-pizzeria","s4","it","Italian","it-IT","A2","https://melolingua.com/learn-italian/a2-stories/cena-alla-pizzeria","Marco legge con attenzione le note sul menù che descrivono la farina integrale e il lievito madre che il pizzaiolo utilizza ogni giorno.","Marco carefully reads the menu notes describing the whole-grain flour and sourdough starter that the pizza maker uses every day.","CC BY-NC 4.0"
"it-cena-alla-pizzeria","s5","it","Italian","it-IT","A2","https://melolingua.com/learn-italian/a2-stories/cena-alla-pizzeria","Appena arrivano le pizze fumanti, i due le tagliano con il coltello e le gustano lentamente, assaporando ogni morso senza distrarsi con il telefono.","As soon as the steaming pizzas arrive, the two cut them with a knife and savor them slowly, enjoying every bite without being distracted by the phone.","CC BY-NC 4.0"
"it-domenica-al-parco","s1","it","Italian","it-IT","A2","https://melolingua.com/learn-italian/a2-stories/domenica-al-parco","Matteo e Lucia portano il loro cane Leo al grande parco cittadino domenica mattina, quando l'aria è ancora fresca e l'erba profuma leggermente di rugiada.","Matteo and Lucia take their dog Leo to the large city park on Sunday morning, when the air is still fresh and the grass smells faintly of dew.","CC BY-NC 4.0"
"it-domenica-al-parco","s2","it","Italian","it-IT","A2","https://melolingua.com/learn-italian/a2-stories/domenica-al-parco","Camminano lungo il sentiero ghiaioso che costeggia il piccolo laghetto e salutano con la mano un vicino che indossa cuffie verdi brillanti.","They walk along the gravel path that borders the small pond and wave at a neighbor wearing bright green headphones.","CC BY-NC 4.0"
"it-domenica-al-parco","s3","it","Italian","it-IT","A2","https://melolingua.com/learn-italian/a2-stories/domenica-al-parco","Leo annusa attentamente un cespuglio vicino all'acqua mentre alcuni bambini giocano a calcio in lontananza con risate alte.","Leo carefully sniffs a bush near the water while some children play soccer in the distance with loud laughter.","CC BY-NC 4.0"
"it-domenica-al-parco","s4","it","Italian","it-IT","A2","https://melolingua.com/learn-italian/a2-stories/domenica-al-parco","I due si siedono su una panchina di legno scuro e condividono una mela tagliata in fette sottili avvolta in un tovagliolo di carta.","The two sit on a dark wooden bench and share an apple sliced into thin pieces wrapped in a paper napkin.","CC BY-NC 4.0"
"it-domenica-al-parco","s5","it","Italian","it-IT","A2","https://melolingua.com/learn-italian/a2-stories/domenica-al-parco","Prima di rientrare a casa, parlano con calma di organizzare un picnic la domenica successiva, se il tempo rimarrà bello.","Before heading home, they calmly talk about organizing a picnic the following Sunday if the weather stays nice.","CC BY-NC 4.0"
"it-il-colloquio-di-lavoro","s1","it","Italian","it-IT","A2","https://melolingua.com/learn-italian/a2-stories/il-colloquio-di-lavoro","Elena arriva puntuale al quarto piano, il suo curriculum è impeccabile e il tablet vibra leggero nella borsa.","Elena arrives on the fourth floor right on time, her résumé impeccable and the tablet humming lightly in her bag.","CC BY-NC 4.0"
"it-il-colloquio-di-lavoro","s2","it","Italian","it-IT","A2","https://melolingua.com/learn-italian/a2-stories/il-colloquio-di-lavoro","Anna, la recruiter, la accoglie nella luminosa sala di vetro e spiega che avranno circa quarantacinque minuti con due manager tecnici per discutere di esperienza e collaborazione.","Anna, the recruiter, welcomes her into the bright glass room and explains they have about forty-five minutes with two technical managers to discuss experience and collaboration.","CC BY-NC 4.0"
"it-il-colloquio-di-lavoro","s3","it","Italian","it-IT","A2","https://melolingua.com/learn-italian/a2-stories/il-colloquio-di-lavoro","La prima domanda riguarda due progetti passati: Elena elenca numeri concreti su tempi di rilascio migliorati grazie a test automatici quotidiani e ammette che un ritardo è nato","The first question is about two past projects: Elena lists concrete numbers on improved release times thanks to daily automated tests and admits a delay was","CC BY-NC 4.0"
"it-il-colloquio-di-lavoro","s4","it","Italian","it-IT","A2","https://melolingua.com/learn-italian/a2-stories/il-colloquio-di-lavoro","da comunicazione poco chiara in un team distribuito. Parlando delle squadre remote, racconta come usa checklist condivise dopo brevi videocall per evitare fraintendimenti.","due to unclear communication in a distributed team. Speaking about remote teams, she explains how she uses shared checklists after brief video calls to avoid misunderstandings.","CC BY-NC 4.0"
"it-il-colloquio-di-lavoro","s5","it","Italian","it-IT","A2","https://melolingua.com/learn-italian/a2-stories/il-colloquio-di-lavoro","Quando Anna chiede uno stipendio atteso, Elena fa una pausa educata e propone una fascia ragionevole che ha studiato la sera prima.","When Anna asks about expected salary, Elena takes a polite pause and proposes a reasonable range she studied the night before.","CC BY-NC 4.0"
"it-il-colloquio-di-lavoro","s6","it","Italian","it-IT","A2","https://melolingua.com/learn-italian/a2-stories/il-colloquio-di-lavoro","Chiudono il colloquio con una stretta di mano ferma mentre Anna ripete che invierà una mail formale entro il venerdì successivo.","They close the interview with a firm handshake while Anna repeats that she will send a formal email by the following Friday.","CC BY-NC 4.0"
"it-il-corso-di-cucina","s1","it","Italian","it-IT","A2","https://melolingua.com/learn-italian/a2-stories/il-corso-di-cucina","Marco si è iscritto a un corso di cucina perché voleva imparare a preparare la pasta fresca.","Marco signed up for a cooking class because he wanted to learn how to make fresh pasta.","CC BY-NC 4.0"
"it-il-corso-di-cucina","s2","it","Italian","it-IT","A2","https://melolingua.com/learn-italian/a2-stories/il-corso-di-cucina","La lezione si teneva in una piccola scuola vicino al mercato, con le finestre aperte al profumo della città.","The lesson was held in a small school near the market, with windows open to the city's aromas.","CC BY-NC 4.0"
"it-il-corso-di-cucina","s3","it","Italian","it-IT","A2","https://melolingua.com/learn-italian/a2-stories/il-corso-di-cucina","Quando è entrato, il profumo di basilico e pomodoro riempiva la stanza, come un abbraccio caldo.","When he entered, the smell of basil and tomato filled the room, like a warm embrace.","CC BY-NC 4.0"
"it-il-corso-di-cucina","s4","it","Italian","it-IT","A2","https://melolingua.com/learn-italian/a2-stories/il-corso-di-cucina","L'insegnante ha mostrato come mescolare farina e uova, poi ogni studente ha provato da solo, con mani tremanti.","The teacher demonstrated how to mix flour and eggs, then each student tried on their own, with trembling hands.","CC BY-NC 4.0"
"it-il-corso-di-cucina","s5","it","Italian","it-IT","A2","https://melolingua.com/learn-italian/a2-stories/il-corso-di-cucina","Marco era un po' impacciato e ha messo troppa farina sul tavolo, creando una piccola nuvola bianca.","Marco was a bit clumsy and spilled too much flour on the table, creating a small white cloud.","CC BY-NC 4.0"
"it-il-corso-di-cucina","s6","it","Italian","it-IT","A2","https://melolingua.com/learn-italian/a2-stories/il-corso-di-cucina","Una signora accanto a lui ha riso gentilmente e gli ha dato un consiglio prezioso.","A lady next to him laughed kindly and offered him some valuable advice.","CC BY-NC 4.0"
"it-il-corso-di-cucina","s7","it","Italian","it-IT","A2","https://melolingua.com/learn-italian/a2-stories/il-corso-di-cucina","Dopo mezz'ora, la pasta era pronta per essere tagliata, morbida e dorata. Alla fine, tutti hanno mangiato insieme, tra risate e racconti di cucina.","After half an hour, the pasta was ready to be cut, soft and golden. In the end, everyone ate together, amidst laughter and tales of cooking.","CC BY-NC 4.0"
"it-il-corso-di-cucina","s8","it","Italian","it-IT","A2","https://melolingua.com/learn-italian/a2-stories/il-corso-di-cucina","La pasta di Marco non era perfetta, ma aveva un sapore buonissimo, come un abbraccio di sapori.","Marco's pasta wasn't perfect, but it tasted wonderful, like a hug of flavors.","CC BY-NC 4.0"
"it-il-corso-di-cucina","s9","it","Italian","it-IT","A2","https://melolingua.com/learn-italian/a2-stories/il-corso-di-cucina","Uscendo dalla scuola, ha deciso che avrebbe cucinato per i suoi amici il sabato successivo, con un sorriso di soddisfazione.","Leaving the school, he decided he would cook for his friends the following Saturday, with a satisfied smile.","CC BY-NC 4.0"
"it-il-gelato-perfetto","s1","it","Italian","it-IT","A2","https://melolingua.com/learn-italian/a2-stories/il-gelato-perfetto","È un pomeriggio caldo d'estate. Sofia cammina per le strade di Firenze con la sua amica Chiara. ""","It's a scorching summer afternoon. Sofia strolls through the bustling streets of Florence with her friend Chiara. ""","CC BY-NC 4.0"
"it-il-gelato-perfetto","s2","it","Italian","it-IT","A2","https://melolingua.com/learn-italian/a2-stories/il-gelato-perfetto","Ho voglia di un gelato,"" dice Sofia. "" Anch'io!","I really want a gelato,"" says Sofia. "" Me too!","CC BY-NC 4.0"
"it-il-gelato-perfetto","s3","it","Italian","it-IT","A2","https://melolingua.com/learn-italian/a2-stories/il-gelato-perfetto","Conosco una gelateria fantastica qui vicino,"" risponde Chiara. Camminano per due minuti e arrivano alla gelateria.","I know a fantastic gelato shop nearby,"" replies Chiara. They walk for a couple of minutes and reach the gelato shop.","CC BY-NC 4.0"
"it-il-gelato-perfetto","s4","it","Italian","it-IT","A2","https://melolingua.com/learn-italian/a2-stories/il-gelato-perfetto","Dentro ci sono tanti gusti: cioccolato, pistacchio, fragola, limone, nocciola e molti altri. ""","Inside, there are many flavors: chocolate, pistachio, strawberry, lemon, hazelnut, and many more. ""","CC BY-NC 4.0"
"it-il-gelato-perfetto","s5","it","Italian","it-IT","A2","https://melolingua.com/learn-italian/a2-stories/il-gelato-perfetto","Che gusti vuoi?"" chiede il gelataio. Sofia pensa un momento. "" Prendo pistacchio e nocciola, in un cono, per favore.""","What flavors would you like?"" asks the gelato maker. Sofia pauses to think. "" I'll have pistachio and hazelnut in a cone, please.""","CC BY-NC 4.0"
"it-il-gelato-perfetto","s6","it","Italian","it-IT","A2","https://melolingua.com/learn-italian/a2-stories/il-gelato-perfetto","Chiara sceglie cioccolato e fragola in una coppetta. Il gelato è cremoso e fresco.","Chiara opts for chocolate and strawberry in a cup. The gelato is creamy and refreshing.","CC BY-NC 4.0"
"it-il-gelato-perfetto","s7","it","Italian","it-IT","A2","https://melolingua.com/learn-italian/a2-stories/il-gelato-perfetto","Le due amiche si siedono su una panchina vicino al fiume Arno.","The two friends sit on a bench by the Arno River.","CC BY-NC 4.0"
"it-il-gelato-perfetto","s8","it","Italian","it-IT","A2","https://melolingua.com/learn-italian/a2-stories/il-gelato-perfetto","Mangiano il gelato e guardano il tramonto. "" Questo è il gelato perfetto,"" dice Sofia. Chiara sorride. ""","They savor their gelato while watching the sunset. "" This is the perfect gelato,"" Sofia declares. Chiara smiles warmly. ""","CC BY-NC 4.0"
"it-il-gelato-perfetto","s9","it","Italian","it-IT","A2","https://melolingua.com/learn-italian/a2-stories/il-gelato-perfetto","No, questo è il pomeriggio perfetto.""","No, this is the perfect afternoon.""","CC BY-NC 4.0"
"it-una-gita-a-firenze","s1","it","Italian","it-IT","A2","https://melolingua.com/learn-italian/a2-stories/una-gita-a-firenze","Giulia è partita da Bologna la mattina presto per fare una gita a Firenze.","Giulia left Bologna early in the morning to embark on a day trip to Florence.","CC BY-NC 4.0"
"it-una-gita-a-firenze","s2","it","Italian","it-IT","A2","https://melolingua.com/learn-italian/a2-stories/una-gita-a-firenze","Aveva comprato il biglietto del treno il giorno prima e aveva preparato una piccola borsa con una bottiglia d'acqua, una guida e una macchina fotografica.","She had bought the train ticket the day before and packed a small bag with a water bottle, a guidebook, and a camera.","CC BY-NC 4.0"
"it-una-gita-a-firenze","s3","it","Italian","it-IT","A2","https://melolingua.com/learn-italian/a2-stories/una-gita-a-firenze","Quando è arrivata, la città era già piena di turisti. Prima ha visitato un museo, dove ha visto quadri famosi e sale molto eleganti.","When she arrived, the city was already bustling with tourists. First, she visited a museum, where she admired famous paintings and elegant rooms.","CC BY-NC 4.0"
"it-una-gita-a-firenze","s4","it","Italian","it-IT","A2","https://melolingua.com/learn-italian/a2-stories/una-gita-a-firenze","Dopo pranzo, invece di seguire la strada principale, ha scelto una via più tranquilla. Lì ha trovato una piccola libreria con libri usati e cartoline antiche.","After lunch, she opted for a quieter street instead of the main road. There, she discovered a quaint bookstore with used books and vintage postcards.","CC BY-NC 4.0"
"it-una-gita-a-firenze","s5","it","Italian","it-IT","A2","https://melolingua.com/learn-italian/a2-stories/una-gita-a-firenze","Ha comprato una cartolina per sua nonna e si è seduta in una piazza silenziosa. Firenze le sembrava ancora più bella lontano dalla folla.","She bought a postcard for her grandmother and sat in a peaceful square. Florence seemed even more beautiful to her away from the bustling crowd.","CC BY-NC 4.0"
"it-weekend-a-venezia","s1","it","Italian","it-IT","A2","https://melolingua.com/learn-italian/a2-stories/weekend-a-venezia","Chiara e Tommaso arrivano venerdì sera alla stazione Santa Lucia e scoprono che la loro abituale fermata del vaporetto è chiusa per lavori.","Chiara and Tommaso arrive at Santa Lucia station on Friday evening and discover that their usual vaporetto stop is closed for repairs.","CC BY-NC 4.0"
"it-weekend-a-venezia","s2","it","Italian","it-IT","A2","https://melolingua.com/learn-italian/a2-stories/weekend-a-venezia","Chiedono al personale della banchina quale linea può portarli comunque vicino a San Marco e scoprono che possono prendere la linea 1 con una piccola deviazione.","They ask the dock staff which line can still take them near San Marco and learn that they can take line 1 with a small detour.","CC BY-NC 4.0"
"it-weekend-a-venezia","s3","it","Italian","it-IT","A2","https://melolingua.com/learn-italian/a2-stories/weekend-a-venezia","Durante il viaggio lungo il Canal Grande guardano palazzi dorati dall'acqua mentre sentono musica lontana dalle fondamenta.","During the journey along the Grand Canal, they watch golden palaces from the water while hearing distant music from the canal-side walkways.","CC BY-NC 4.0"
"it-weekend-a-venezia","s4","it","Italian","it-IT","A2","https://melolingua.com/learn-italian/a2-stories/weekend-a-venezia","Sabato mattina passeggiano fino alla pescheria rumorosa vicino a Rialto: Tommaso chiede cortesemente se c'è ancora del calamaro fresco per un pranzo tardivo.","On Saturday morning, they stroll to the noisy fish market near Rialto, where Tommaso politely asks whether there is any fresh calamari left for a late lunch.","CC BY-NC 4.0"
"it-weekend-a-venezia","s5","it","Italian","it-IT","A2","https://melolingua.com/learn-italian/a2-stories/weekend-a-venezia","Più tardi, tra calli strette, perdono quasi l'orientamento, ma una signora gentile suggerisce: «Sempre dritto fino alla libreria con i libri gialli in vetrina.»","Later, in the narrow alleys, they almost lose their way, but a kind woman advises them: “Keep going straight until the bookshop with the yellow books in the window.”","CC BY-NC 4.0"
"it-weekend-a-venezia","s6","it","Italian","it-IT","A2","https://melolingua.com/learn-italian/a2-stories/weekend-a-venezia","Domenica, prima della partenza, Chiara scrive nel quadernetto parole chiave come vaporetto, calle e ponte, perché vuole ricordare il weekend senza inseguire subito foto perfette online.","On Sunday, before leaving, Chiara writes key words such as vaporetto, alley, and bridge in her notebook because she wants to remember the weekend without immediately chasing perfect photos online.","CC BY-NC 4.0"
"it-colloquio-per-lo-stage","s1","it","Italian","it-IT","B1","https://melolingua.com/learn-italian/b1-stories/colloquio-per-lo-stage","Giulia ha inviato il curriculum aggiornato sabato sera, temendo di dimenticare allegati importanti prima del colloquio per lo stage.","Giulia sent her updated résumé on Saturday evening because she was afraid of forgetting important attachments before the internship interview.","CC BY-NC 4.0"
"it-colloquio-per-lo-stage","s2","it","Italian","it-IT","B1","https://melolingua.com/learn-italian/b1-stories/colloquio-per-lo-stage","Oggi entra nella sala riunioni vetrata dieci minuti prima, salutando la responsabile HR con una stretta di mano sicura ma non arrogante.","Today she enters the glass-walled meeting room ten minutes early and greets the HR manager with a confident but unassuming handshake.","CC BY-NC 4.0"
"it-colloquio-per-lo-stage","s3","it","Italian","it-IT","B1","https://melolingua.com/learn-italian/b1-stories/colloquio-per-lo-stage","Le chiedono perché ha scelto quel dipartimento e lei risponde citando un progetto universitario simile alla loro roadmap trimestrale.","They ask why she chose that department, and she answers by describing a university project similar to their quarterly roadmap.","CC BY-NC 4.0"
"it-colloquio-per-lo-stage","s4","it","Italian","it-IT","B1","https://melolingua.com/learn-italian/b1-stories/colloquio-per-lo-stage","Quando le propongono uno scenario con clienti difficili, spiega come ha mediato una discussione accesa durante un laboratorio di gruppo.","When they give her a scenario involving difficult clients, she explains how she mediated a heated discussion during a group workshop.","CC BY-NC 4.0"
"it-colloquio-per-lo-stage","s5","it","Italian","it-IT","B1","https://melolingua.com/learn-italian/b1-stories/colloquio-per-lo-stage","Alla fine dell'incontro, concordano che riceverà un'email entro venerdì con l'esito e le istruzioni sui documenti da firmare.","At the end of the meeting, they agree that she will receive an email by Friday with the outcome and instructions about the documents to sign.","CC BY-NC 4.0"
"it-colloquio-per-lo-stage","s6","it","Italian","it-IT","B1","https://melolingua.com/learn-italian/b1-stories/colloquio-per-lo-stage","Prima di uscire, Giulia chiede quali saranno le responsabilità quotidiane e in che modo il suo lavoro verrà seguito durante i primi mesi.","Before leaving, Giulia asks what her daily responsibilities will be and how her work will be supervised during the first few months.","CC BY-NC 4.0"
"it-colloquio-per-lo-stage","s7","it","Italian","it-IT","B1","https://melolingua.com/learn-italian/b1-stories/colloquio-per-lo-stage","La responsabile apprezza la domanda e descrive un periodo iniziale con una tutor, riunioni settimanali e obiettivi progressivi da concordare insieme.","The manager appreciates the question and describes an initial period with a mentor, weekly meetings, and progressive goals that they will agree on together.","CC BY-NC 4.0"
"it-colloquio-per-lo-stage","s8","it","Italian","it-IT","B1","https://melolingua.com/learn-italian/b1-stories/colloquio-per-lo-stage","Sulla strada di casa, Giulia ripensa alle risposte che ha dato e annota due punti da migliorare. Non conosce ancora l'esito, ma sente di aver presentato con sincerità le proprie capacità.","On the way home, Giulia reflects on her answers and notes two points to improve. She does not know the outcome yet, but feels that she presented her abilities honestly.","CC BY-NC 4.0"
"it-il-caffe-della-mattina","s1","it","Italian","it-IT","B1","https://melolingua.com/learn-italian/b1-stories/il-caffe-della-mattina","Ogni mattina, Marco si sveglia alle sette, con il sole che filtra attraverso le tende.","Every morning, Marco wakes up at seven, with the sun filtering through the curtains.","CC BY-NC 4.0"
"it-il-caffe-della-mattina","s2","it","Italian","it-IT","B1","https://melolingua.com/learn-italian/b1-stories/il-caffe-della-mattina","Si veste velocemente e esce di casa, sentendo l'aria fresca del mattino.","He gets dressed quickly and leaves the house, feeling the fresh morning air.","CC BY-NC 4.0"
"it-il-caffe-della-mattina","s3","it","Italian","it-IT","B1","https://melolingua.com/learn-italian/b1-stories/il-caffe-della-mattina","Cammina per la strada fino al bar sotto casa, ascoltando il canto degli uccelli.","He walks down the street to the bar below his home, listening to the birds singing.","CC BY-NC 4.0"
"it-il-caffe-della-mattina","s4","it","Italian","it-IT","B1","https://melolingua.com/learn-italian/b1-stories/il-caffe-della-mattina","Il bar si chiama ""Bar Roma"" ed è molto piccolo, ma sempre pieno di voci e risate.","The bar is called ""Bar Roma"" and it is very small, but always full of voices and laughter.","CC BY-NC 4.0"
"it-il-caffe-della-mattina","s5","it","Italian","it-IT","B1","https://melolingua.com/learn-italian/b1-stories/il-caffe-della-mattina","Marco entra e dice: ""Buongiorno! Un caffè, per favore."" Il barista sorride e prepara un espresso.","Marco enters and says: ""Good morning! A coffee, please."" The barista smiles and prepares an espresso.","CC BY-NC 4.0"
"it-il-caffe-della-mattina","s6","it","Italian","it-IT","B1","https://melolingua.com/learn-italian/b1-stories/il-caffe-della-mattina","Il caffè è forte e caldo, con un aroma che riempie l'aria.","The coffee is strong and hot, with an aroma that fills the air.","CC BY-NC 4.0"
"it-il-caffe-della-mattina","s7","it","Italian","it-IT","B1","https://melolingua.com/learn-italian/b1-stories/il-caffe-della-mattina","Marco beve il caffè al bancone, come molti clienti abituali, godendosi il momento.","Marco drinks his coffee at the counter, like many regular customers, savoring the moment.","CC BY-NC 4.0"
"it-il-caffe-della-mattina","s8","it","Italian","it-IT","B1","https://melolingua.com/learn-italian/b1-stories/il-caffe-della-mattina","Mangia anche un cornetto con la marmellata, dolce e friabile. "" Quanto costa?"" chiede Marco, con un sorriso. ""","He also eats a croissant with jam, sweet and flaky. "" How much does it cost?"" Marco asks, with a smile. ""","CC BY-NC 4.0"
"it-il-caffe-della-mattina","s9","it","Italian","it-IT","B1","https://melolingua.com/learn-italian/b1-stories/il-caffe-della-mattina","Un euro e cinquanta,"" risponde il barista, con un cenno del capo.","One euro and fifty cents,"" the barista answers, with a nod.","CC BY-NC 4.0"
"it-il-caffe-della-mattina","s10","it","Italian","it-IT","B1","https://melolingua.com/learn-italian/b1-stories/il-caffe-della-mattina","Marco paga e lascia una piccola mancia, apprezzando il servizio. "" Grazie, a domani!"" dice Marco, mentre si avvia verso la porta.","Marco pays and leaves a small tip, appreciating the service. "" Thanks, see you tomorrow!"" Marco says, as he heads for the door.","CC BY-NC 4.0"
"it-il-caffe-della-mattina","s11","it","Italian","it-IT","B1","https://melolingua.com/learn-italian/b1-stories/il-caffe-della-mattina","Poi cammina verso l'ufficio, con il profumo del caffè ancora nel naso. La mattina comincia bene con un buon caffè e un sorriso.","Then he walks toward the office, with the scent of coffee still in his nose. The morning starts well with a good coffee and a smile.","CC BY-NC 4.0"
"it-il-caffe-della-mattina","s12","it","Italian","it-IT","B1","https://melolingua.com/learn-italian/b1-stories/il-caffe-della-mattina","Mentre esce, Marco decide che il giorno seguente proverà il caffè senza zucchero, seguendo il consiglio del barista.","As he leaves, Marco decides that the next day he will try his coffee without sugar, following the barista’s advice.","CC BY-NC 4.0"
"it-in-treno-verso-firenze","s1","it","Italian","it-IT","B1","https://melolingua.com/learn-italian/b1-stories/in-treno-verso-firenze","Luca prende il treno da Roma a Firenze. La stazione di Roma Termini è grande e piena di vita.","Luca takes the train from Rome to Florence. The Roma Termini station is vast and bustling with life.","CC BY-NC 4.0"
"it-in-treno-verso-firenze","s2","it","Italian","it-IT","B1","https://melolingua.com/learn-italian/b1-stories/in-treno-verso-firenze","Luca osserva il tabellone delle partenze, pieno di luci e suoni.","Luca observes the departure board, alive with lights and sounds.","CC BY-NC 4.0"
"it-in-treno-verso-firenze","s3","it","Italian","it-IT","B1","https://melolingua.com/learn-italian/b1-stories/in-treno-verso-firenze","Il suo treno parte dal binario cinque alle dieci e trenta. Compra un biglietto alla macchinetta e corre verso il binario.","His train departs from platform five at ten thirty. He buys a ticket at the machine and dashes toward the platform.","CC BY-NC 4.0"
"it-in-treno-verso-firenze","s4","it","Italian","it-IT","B1","https://melolingua.com/learn-italian/b1-stories/in-treno-verso-firenze","Sale sul treno e trova il suo posto vicino al finestrino.","He boards the train and finds his seat by the window.","CC BY-NC 4.0"
"it-in-treno-verso-firenze","s5","it","Italian","it-IT","B1","https://melolingua.com/learn-italian/b1-stories/in-treno-verso-firenze","Il treno parte puntuale, lasciando Roma alle spalle. Luca guarda fuori dal finestrino, affascinato.","The train departs on time, leaving Rome behind. Luca gazes out the window, captivated.","CC BY-NC 4.0"
"it-in-treno-verso-firenze","s6","it","Italian","it-IT","B1","https://melolingua.com/learn-italian/b1-stories/in-treno-verso-firenze","Vede le colline verdi della Toscana, i campi di girasoli e i piccoli paesi. ""","He sees the green hills of Tuscany, the sunflower fields, and the quaint villages. ""","CC BY-NC 4.0"
"it-in-treno-verso-firenze","s7","it","Italian","it-IT","B1","https://melolingua.com/learn-italian/b1-stories/in-treno-verso-firenze","Che bello,"" pensa Luca, con un sorriso. Una signora anziana si siede accanto a lui, con un sorriso gentile. ""","How beautiful,"" Luca thinks, smiling. An elderly lady sits next to him, with a kind smile. ""","CC BY-NC 4.0"
"it-in-treno-verso-firenze","s8","it","Italian","it-IT","B1","https://melolingua.com/learn-italian/b1-stories/in-treno-verso-firenze","Va a Firenze?"" chiede lei, curiosa. "" Sì, vado a trovare un amico,"" risponde Luca, contento. "" Firenze è bellissima.","Are you going to Florence?"" she asks, curious. "" Yes, I'm going to visit a friend,"" Luca replies, content. "" Florence is beautiful.","CC BY-NC 4.0"
"it-in-treno-verso-firenze","s9","it","Italian","it-IT","B1","https://melolingua.com/learn-italian/b1-stories/in-treno-verso-firenze","Deve visitare il Duomo e Ponte Vecchio,"" dice la signora con entusiasmo.","You must visit the Duomo and Ponte Vecchio,"" the lady says enthusiastically.","CC BY-NC 4.0"
"it-in-treno-verso-firenze","s10","it","Italian","it-IT","B1","https://melolingua.com/learn-italian/b1-stories/in-treno-verso-firenze","Dopo un'ora e mezza, il treno arriva a Firenze, dove i binari sono affollati di viaggiatori e valigie.","After an hour and a half, the train arrives in Florence, where the platforms are crowded with travelers and luggage.","CC BY-NC 4.0"
"it-in-treno-verso-firenze","s11","it","Italian","it-IT","B1","https://melolingua.com/learn-italian/b1-stories/in-treno-verso-firenze","Luca scende e vede il suo amico che lo aspetta con impazienza. ""","Luca gets off and sees his friend waiting eagerly for him. ""","CC BY-NC 4.0"
"it-in-treno-verso-firenze","s12","it","Italian","it-IT","B1","https://melolingua.com/learn-italian/b1-stories/in-treno-verso-firenze","Benvenuto a Firenze!"" dice l'amico, abbracciandolo. Luca sorride, sentendo l'emozione nell'aria. L'avventura comincia.","Welcome to Florence!"" says his friend, embracing him. Luca smiles, feeling the excitement in the air. The adventure begins.","CC BY-NC 4.0"
"it-la-cena-della-nonna","s1","it","Italian","it-IT","B1","https://melolingua.com/learn-italian/b1-stories/la-cena-della-nonna","Ogni domenica, la famiglia Rossi va a cena dalla nonna.","Every Sunday, the Rossi family goes to dinner at grandmother's house.","CC BY-NC 4.0"
"it-la-cena-della-nonna","s2","it","Italian","it-IT","B1","https://melolingua.com/learn-italian/b1-stories/la-cena-della-nonna","La nonna si chiama Teresa e vive in una casa piccola con un grande giardino.","Grandmother's name is Teresa, and she lives in a small house with a big garden.","CC BY-NC 4.0"
"it-la-cena-della-nonna","s3","it","Italian","it-IT","B1","https://melolingua.com/learn-italian/b1-stories/la-cena-della-nonna","Quando i nipoti arrivano, la nonna li abbraccia forte. "" Benvenuti, i miei tesori!"" dice sempre.","When the grandchildren arrive, she hugs them tightly. "" Welcome, my treasures!"" she always says.","CC BY-NC 4.0"
"it-la-cena-della-nonna","s4","it","Italian","it-IT","B1","https://melolingua.com/learn-italian/b1-stories/la-cena-della-nonna","La cucina è calda e profuma di sugo e pane fresco. La nonna prepara le lasagne, il suo piatto famoso.","The kitchen is warm and smells of sauce and fresh bread. Grandmother prepares lasagna, her famous dish.","CC BY-NC 4.0"
"it-la-cena-della-nonna","s5","it","Italian","it-IT","B1","https://melolingua.com/learn-italian/b1-stories/la-cena-della-nonna","Il nonno apparecchia la tavola con la tovaglia bianca e i piatti belli.","Grandfather sets the table with the white tablecloth and the nice plates.","CC BY-NC 4.0"
"it-la-cena-della-nonna","s6","it","Italian","it-IT","B1","https://melolingua.com/learn-italian/b1-stories/la-cena-della-nonna","I bambini aiutano a portare i bicchieri e le posate. ""","The children help carry the glasses and the silverware. ""","CC BY-NC 4.0"
"it-la-cena-della-nonna","s7","it","Italian","it-IT","B1","https://melolingua.com/learn-italian/b1-stories/la-cena-della-nonna","A tavola!"" chiama la nonna. Tutta la famiglia si siede insieme. Il padre taglia il pane. La madre serve l'insalata. ""","Time to eat!"" calls grandmother. The whole family sits down together. Father slices the bread. Mother serves the salad. ""","CC BY-NC 4.0"
"it-la-cena-della-nonna","s8","it","Italian","it-IT","B1","https://melolingua.com/learn-italian/b1-stories/la-cena-della-nonna","Nonna, le tue lasagne sono le migliori del mondo,"" dice la figlia più piccola.","Grandma, your lasagna is the best in the world,"" says the youngest daughter.","CC BY-NC 4.0"
"it-la-cena-della-nonna","s9","it","Italian","it-IT","B1","https://melolingua.com/learn-italian/b1-stories/la-cena-della-nonna","La nonna ride e dice: ""Il segreto è tanto amore e un po' di pazienza.""","Grandmother laughs and says, ""The secret is lots of love and a little patience.""","CC BY-NC 4.0"
"it-la-cena-della-nonna","s10","it","Italian","it-IT","B1","https://melolingua.com/learn-italian/b1-stories/la-cena-della-nonna","Dopo cena, i bambini giocano in giardino. Gli adulti bevono il caffè e parlano.","After dinner, the children play in the garden. The adults drink coffee and chat.","CC BY-NC 4.0"
"it-la-cena-della-nonna","s11","it","Italian","it-IT","B1","https://melolingua.com/learn-italian/b1-stories/la-cena-della-nonna","La nonna guarda la sua famiglia e sorride. Questa è la sua felicità: tutti insieme, intorno alla tavola.","Grandmother looks at her family and smiles. This is her happiness: everyone together, around the table.","CC BY-NC 4.0"
"it-la-cena-della-nonna","s12","it","Italian","it-IT","B1","https://melolingua.com/learn-italian/b1-stories/la-cena-della-nonna","Prima che vadano via, Teresa avvolge due porzioni di lasagne per i nipoti e ricorda loro di tornare la domenica successiva.","Before they leave, Teresa wraps up two portions of lasagna for her grandchildren and reminds them to come back the following Sunday.","CC BY-NC 4.0"
"it-una-visita-agli-uffizi","s1","it","Italian","it-IT","B1","https://melolingua.com/learn-italian/b1-stories/una-visita-agli-uffizi","Sofia entra agli Uffizi in un martedì grigio di ottobre, sperando che la luce soffusa le permetta di cogliere i dettagli senza essere accecata dalla folla rumorosa.","Sofia steps into the Uffizi on a gray October Tuesday, hoping the soft light will let her capture details without being blinded by the noisy crowd.","CC BY-NC 4.0"
"it-una-visita-agli-uffizi","s2","it","Italian","it-IT","B1","https://melolingua.com/learn-italian/b1-stories/una-visita-agli-uffizi","Prima di scattare qualsiasi foto, legge lentamente le didascalie bilingui accanto a dipinti che conosce solo da libri con colori troppo accesi.","Before snapping any photos, she slowly reads the bilingual captions beside paintings she knows only from books with overly bright colors.","CC BY-NC 4.0"
"it-una-visita-agli-uffizi","s3","it","Italian","it-IT","B1","https://melolingua.com/learn-italian/b1-stories/una-visita-agli-uffizi","Una guida passa spiegando le differenze tra restauro conservativo e integrazione pittorica, e Sofia capisce perché alcune tele sembrano nuove mentre altre mostrano il passare del tempo.","A guide walks by explaining the differences between conservative restoration and pictorial integration, and Sofia understands why some canvases look new while others show the passage of time.","CC BY-NC 4.0"
"it-una-visita-agli-uffizi","s4","it","Italian","it-IT","B1","https://melolingua.com/learn-italian/b1-stories/una-visita-agli-uffizi","Nel corridoio degli autoritratti, nota come la parola ""cornice"" cambi significato quando il legno dorato si avvicina ai volti.","In the self-portrait corridor, she notices how the word ""frame"" changes meaning when the gilded wood draws close to faces.","CC BY-NC 4.0"
"it-una-visita-agli-uffizi","s5","it","Italian","it-IT","B1","https://melolingua.com/learn-italian/b1-stories/una-visita-agli-uffizi","Quando la folla si addensa davanti a una sala famosa, lei preferisce spostarsi nella galleria più vuota con bozzetti su carta sotto vetro, così può osservare i tratti leggeri senza fretta.","When the crowd thickens in front of a famous room, she prefers to move to the emptier gallery with sketches on paper under glass, so she can observe the light strokes without haste.","CC BY-NC 4.0"
"it-una-visita-agli-uffizi","s6","it","Italian","it-IT","B1","https://melolingua.com/learn-italian/b1-stories/una-visita-agli-uffizi","Fuori, l'aria profuma di pietra bagnata mentre prende appunti sul taccuino: non ha portato a casa immagini nitide, ma frasi italiane più solide su luce, pigmento e il bisogno di fermarsi davvero.","Outside, the air smells of wet stone as she takes notes in her notebook: she hasn't brought home sharp images, but stronger Italian phrases about light, pigment, and the need to truly pause.","CC BY-NC 4.0"
"it-una-visita-agli-uffizi","s7","it","Italian","it-IT","B1","https://melolingua.com/learn-italian/b1-stories/una-visita-agli-uffizi","Prima di lasciare il museo, Sofia sceglie una cartolina del suo dipinto preferito e promette di approfondirne la storia una volta tornata a casa.","Before leaving the museum, Sofia chooses a postcard of her favorite painting and promises to learn more about its history when she gets home.","CC BY-NC 4.0"
"it-visita-serale-al-museo","s1","it","Italian","it-IT","B1","https://melolingua.com/learn-italian/b1-stories/visita-serale-al-museo","Ieri sera Alessandro ha attraversato il cortile illuminato da luci soffuse ed è entrato nel museo civico pochi minuti prima dell'inizio della visita guidata serale.","Last night, Alessandro crossed the courtyard bathed in soft lights and entered the civic museum just minutes before the evening tour began.","CC BY-NC 4.0"
"it-visita-serale-al-museo","s2","it","Italian","it-IT","B1","https://melolingua.com/learn-italian/b1-stories/visita-serale-al-museo","La guida ha spiegato che alcune statue furono ripulite con tecniche delicate che rispettano la patina originale lasciata dal tempo.","The guide explained that some statues were cleaned using gentle techniques that preserve the original patina left by time.","CC BY-NC 4.0"
"it-visita-serale-al-museo","s3","it","Italian","it-IT","B1","https://melolingua.com/learn-italian/b1-stories/visita-serale-al-museo","Durante il percorso, ha notato riflessi dorati sul pavimento lucido e ha capito come la luce calda trasformi la percezione delle forme.","As he walked, he noticed golden reflections on the polished floor and understood how warm light transforms the perception of shapes.","CC BY-NC 4.0"
"it-visita-serale-al-museo","s4","it","Italian","it-IT","B1","https://melolingua.com/learn-italian/b1-stories/visita-serale-al-museo","Nella sala multimediale, ha ascoltato una testimonianza registrata di uno scultore locale che descriveva il lavoro quotidiano in officina.","In the media room, he listened to a recorded account by a local sculptor describing the daily work in the workshop.","CC BY-NC 4.0"
"it-visita-serale-al-museo","s5","it","Italian","it-IT","B1","https://melolingua.com/learn-italian/b1-stories/visita-serale-al-museo","Uscendo, ha scritto sul quaderno tre aggettivi precisi per ricordare le sensazioni più che i titoli delle opere.","As he left, he jotted down three precise adjectives in his notebook to capture the sensations rather than the titles of the artworks.","CC BY-NC 4.0"
"it-visita-serale-al-museo","s6","it","Italian","it-IT","B1","https://melolingua.com/learn-italian/b1-stories/visita-serale-al-museo","Prima di uscire, Alessandro chiede alla guida perché il museo apra di sera soltanto una volta al mese e quali opere cambino di più sotto questa illuminazione.","Before leaving, Alessandro asks the guide why the museum opens at night only once a month and which works change the most under this lighting.","CC BY-NC 4.0"
"it-visita-serale-al-museo","s7","it","Italian","it-IT","B1","https://melolingua.com/learn-italian/b1-stories/visita-serale-al-museo","La guida spiega che l'orario speciale permette ai visitatori di osservare le opere con una luce diversa, in gruppi più piccoli, e di fare domande con calma.","The guide explains that the special opening hours let visitors see the works in a different light, in smaller groups, and ask questions without rushing.","CC BY-NC 4.0"
"it-visita-serale-al-museo","s8","it","Italian","it-IT","B1","https://melolingua.com/learn-italian/b1-stories/visita-serale-al-museo","Sulla via del ritorno, Alessandro rilegge i suoi tre aggettivi — silenzioso, dorato, intimo — e decide di usarli per raccontare la visita agli amici, insieme a ciò che ha imparato sulla conservazione delle statue.","On the way home, Alessandro rereads his three adjectives—quiet, golden, intimate—and decides to use them to tell his friends about the visit, along with what he learned about preserving statues.","CC BY-NC 4.0"
"it-il-condominio-del-sabato","s1","it","Italian","it-IT","B2","https://melolingua.com/learn-italian/b2-stories/il-condominio-del-sabato","L'assemblea del condominio si riunisce ogni terzo sabato del mese nel cortile interno di un palazzo ottocentesco a Roma.","The condominium meeting meets every third Saturday of the month in the internal courtyard of a 19th-century palazzo in Rome.","CC BY-NC 4.0"
"it-il-condominio-del-sabato","s2","it","Italian","it-IT","B2","https://melolingua.com/learn-italian/b2-stories/il-condominio-del-sabato","Questa volta l'ordine del giorno ha un solo punto: il giardino.","This time the agenda has only one item: the garden.","CC BY-NC 4.0"
"it-il-condominio-del-sabato","s3","it","Italian","it-IT","B2","https://melolingua.com/learn-italian/b2-stories/il-condominio-del-sabato","Il cortile interno, con il suo antico pozzo e i vasi di limoni, è l'oggetto del contendere da tre mesi.","The internal courtyard, with its ancient well and lemon pots, has been the subject of the dispute for three months.","CC BY-NC 4.0"
"it-il-condominio-del-sabato","s4","it","Italian","it-IT","B2","https://melolingua.com/learn-italian/b2-stories/il-condominio-del-sabato","Da una parte ci sono i vecchi inquilini: vogliono tenere il cortile così com'è, con i limoni, il rosmarino e le piante di lavanda.","On one side are the old residents: they want to keep the courtyard as it is, with the lemons, rosemary and lavender plants.","CC BY-NC 4.0"
"it-il-condominio-del-sabato","s5","it","Italian","it-IT","B2","https://melolingua.com/learn-italian/b2-stories/il-condominio-del-sabato","Dall'altra i nuovi arrivati: vorrebbero un barbecue, un tavolo di design e un'illuminazione moderna.","On the other side, the newcomers: they would like a barbecue, a designer table and modern lighting.","CC BY-NC 4.0"
"it-il-condominio-del-sabato","s6","it","Italian","it-IT","B2","https://melolingua.com/learn-italian/b2-stories/il-condominio-del-sabato","La signora Elvira, ottant'anni, abita al primo piano dal 1968. Prende la parola per prima.","Signora Elvira, eighty years old, has lived on the first floor since 1968. She takes the floor first.","CC BY-NC 4.0"
"it-il-condominio-del-sabato","s7","it","Italian","it-IT","B2","https://melolingua.com/learn-italian/b2-stories/il-condominio-del-sabato","""Questo cortile l'ho visto nascere. I limoni li ha piantati mio marito nel '72. Non è un giardino, è un pezzo di storia.""","""I saw this courtyard being born. My husband planted the lemons in '72. It's not a garden, it's a piece of history.""","CC BY-NC 4.0"
"it-il-condominio-del-sabato","s8","it","Italian","it-IT","B2","https://melolingua.com/learn-italian/b2-stories/il-condominio-del-sabato","Lorenzo, il nuovo inquilino del quarto piano, risponde: ""Capisco, signora. Ma non è una scissione tra generazioni. È una questione di rispetto.""","Lorenzo, the new resident of the fourth floor, replies: ""I understand, signora. But it's not a split between generations. It's a question of respect.""","CC BY-NC 4.0"
"it-il-condominio-del-sabato","s9","it","Italian","it-IT","B2","https://melolingua.com/learn-italian/b2-stories/il-condominio-del-sabato","Elvira sospira. ""Rispetto? Voi volete cemento. Noi vogliamo terra.""","Elvira sighs. ""Respect? You want cement. We want soil.""","CC BY-NC 4.0"
"it-il-condominio-del-sabato","s10","it","Italian","it-IT","B2","https://melolingua.com/learn-italian/b2-stories/il-condominio-del-sabato","L'amministratore, un uomo paziente con occhiali da lettura, propone un voto. Ma la tensione è tale che nessuno alza la mano.","The administrator, a patient man with reading glasses, proposes a vote. But the tension is such that nobody raises their hand.","CC BY-NC 4.0"
"it-il-condominio-del-sabato","s11","it","Italian","it-IT","B2","https://melolingua.com/learn-italian/b2-stories/il-condominio-del-sabato","Parla la signora Elena, piano terra, che finora era rimasta in silenzio.","Signora Elena, ground floor, who had remained silent until now, speaks.","CC BY-NC 4.0"
"it-il-condominio-del-sabato","s12","it","Italian","it-IT","B2","https://melolingua.com/learn-italian/b2-stories/il-condominio-del-sabato","""Io sono qui da un anno. Ma ho capito una cosa: gli inquilini del terzo piano non hanno mai partecipato a nessuna assemblea.""","""I've been here for a year. But I understood something: the residents of the third floor have never participated in any meeting.""","CC BY-NC 4.0"
"it-il-condominio-del-sabato","s13","it","Italian","it-IT","B2","https://melolingua.com/learn-italian/b2-stories/il-condominio-del-sabato","""Forse il vero problema non è il giardino, ma che metà del palazzo non si parla con l'altra metà.""","""Maybe the real problem isn't the garden, but that half the building doesn't talk to the other half.""","CC BY-NC 4.0"
"it-il-condominio-del-sabato","s14","it","Italian","it-IT","B2","https://melolingua.com/learn-italian/b2-stories/il-condominio-del-sabato","Silenzio. Poi Lorenzo sorride. ""Signora Elvira, se io annaffio i suoi limoni, lei può insegnarmi a potarli?""","Silence. Then Lorenzo smiles. ""Signora Elvira, if I water your lemons, can you teach me how to prune them?""","CC BY-NC 4.0"
"it-il-condominio-del-sabato","s15","it","Italian","it-IT","B2","https://melolingua.com/learn-italian/b2-stories/il-condominio-del-sabato","Elvira lo guarda. Qualcosa si scioglie. Il compromesso è semplice ma profondo: un barbecue in cortile, sì, ma circondato dai limoni.","Elvira looks at him. Something melts. The compromise is simple but profound: a barbecue in the courtyard, yes, but surrounded by lemons.","CC BY-NC 4.0"
"it-il-convegno-a-milano","s1","it","Italian","it-IT","B2","https://melolingua.com/learn-italian/b2-stories/il-convegno-a-milano","Il convegno si tiene al centro congressi di Milano, tra lucette led e stand minimalisti.","The conference is held at the Milan convention center, among LED lights and minimalist booths.","CC BY-NC 4.0"
"it-il-convegno-a-milano","s2","it","Italian","it-IT","B2","https://melolingua.com/learn-italian/b2-stories/il-convegno-a-milano","Valentina, una giovane architetta di ventisette anni, ha preparato la presentazione per mesi.","Valentina, a twenty-seven-year-old young architect, prepared the presentation for months.","CC BY-NC 4.0"
"it-il-convegno-a-milano","s3","it","Italian","it-IT","B2","https://melolingua.com/learn-italian/b2-stories/il-convegno-a-milano","Sa che il suo progetto è ambizioso: un recupero urbano nel quartiere Isola, con spazi modulari e verde pensile.","She knows her project is ambitious: an urban recovery in the Isola district, with modular spaces and rooftop greenery.","CC BY-NC 4.0"
"it-il-convegno-a-milano","s4","it","Italian","it-IT","B2","https://melolingua.com/learn-italian/b2-stories/il-convegno-a-milano","La platea ascolta in silenzio, ma Valentina sente un brivido quando il collega Marco alza la mano.","The audience listens in silence, but Valentina feels a shiver when her colleague Marco raises his hand.","CC BY-NC 4.0"
"it-il-convegno-a-milano","s5","it","Italian","it-IT","B2","https://melolingua.com/learn-italian/b2-stories/il-convegno-a-milano","""Mi permetto di aggiungere un dettaglio che forse è sfuggito,"" dice Marco con tono sicuro.","""Allow me to add a detail that perhaps was overlooked,"" Marco says with a confident tone.","CC BY-NC 4.0"
"it-il-convegno-a-milano","s6","it","Italian","it-IT","B2","https://melolingua.com/learn-italian/b2-stories/il-convegno-a-milano","Valentina impallidisce. Marco sta descrivendo esattamente la sua idea: gli orti urbani sui tetti, il sistema di raccolta dell'acqua piovana.","Valentina turns pale. Marco is describing exactly her idea: the urban vegetable gardens on the rooftops, the rainwater collection system.","CC BY-NC 4.0"
"it-il-convegno-a-milano","s7","it","Italian","it-IT","B2","https://melolingua.com/learn-italian/b2-stories/il-convegno-a-milano","Quando la sessione finisce, Valentina trova Marco al banco del caffè.","When the session ends, Valentina finds Marco at the coffee stand.","CC BY-NC 4.0"
"it-il-convegno-a-milano","s8","it","Italian","it-IT","B2","https://melolingua.com/learn-italian/b2-stories/il-convegno-a-milano","""Marco, quell'idea degli orti urbani... era nel mio progetto, lo sai.""","""Marco, that idea about urban gardens... it was in my project, you know it.""","CC BY-NC 4.0"
"it-il-convegno-a-milano","s9","it","Italian","it-IT","B2","https://melolingua.com/learn-italian/b2-stories/il-convegno-a-milano","Lui sorride, imperturbabile. ""Cara, in questi contesti conta chi parla per primo, non chi pensa per primo.""","He smiles, unruffled. ""Dear, in these contexts what matters is who speaks first, not who thinks first.""","CC BY-NC 4.0"
"it-il-convegno-a-milano","s10","it","Italian","it-IT","B2","https://melolingua.com/learn-italian/b2-stories/il-convegno-a-milano","Valentina torna al suo posto. Sa che denunciare sarebbe inutile: Marco ha vent'anni di carriera più di lei.","Valentina returns to her seat. She knows that reporting it would be useless: Marco has twenty more years of career than her.","CC BY-NC 4.0"
"it-il-convegno-a-milano","s11","it","Italian","it-IT","B2","https://melolingua.com/learn-italian/b2-stories/il-convegno-a-milano","La settimana seguente, Valentina riceve una email dal responsabile dell'innovazione.","The following week, Valentina receives an email from the head of innovation.","CC BY-NC 4.0"
"it-il-convegno-a-milano","s12","it","Italian","it-IT","B2","https://melolingua.com/learn-italian/b2-stories/il-convegno-a-milano","""Abbiamo apprezzato molto il tuo intervento. Vorremmo parlarti di un progetto concreto sugli orti urbani.""","""We really appreciated your presentation. We'd like to talk to you about a concrete project on urban gardens.""","CC BY-NC 4.0"
"it-il-convegno-a-milano","s13","it","Italian","it-IT","B2","https://melolingua.com/learn-italian/b2-stories/il-convegno-a-milano","All'incontro, il responsabile le dice: ""Marco ha presentato benissimo la tua idea. Ma sapevamo già che era tua.""","At the meeting, the head tells her: ""Marco presented your idea very well. But we already knew it was yours.""","CC BY-NC 4.0"
"it-il-convegno-a-milano","s14","it","Italian","it-IT","B2","https://melolingua.com/learn-italian/b2-stories/il-convegno-a-milano","Valentina esce con un sorriso. Il riconoscimento non arriva sempre da chi parla, ma da chi ascolta.","Valentina leaves with a smile. Recognition doesn't always come from who speaks, but from who listens.","CC BY-NC 4.0"
"it-il-posto-vacante","s1","it","Italian","it-IT","B2","https://melolingua.com/learn-italian/b2-stories/il-posto-vacante","Il posto vacante presso una casa editrice bolognese sembra perfetto per Chiara: l'annuncio parlava di un ruolo da redattrice senior con possibilità di crescita.","The vacant position at a Bologna publishing house seems perfect for Chiara: the ad mentioned a senior editor role with growth opportunities.","CC BY-NC 4.0"
"it-il-posto-vacante","s2","it","Italian","it-IT","B2","https://melolingua.com/learn-italian/b2-stories/il-posto-vacante","La sala d'attesa è silenziosa. Una segretaria le porge un modulo e le chiede di compilarlo.","The waiting room is silent. A secretary hands her a form and asks her to fill it out.","CC BY-NC 4.0"
"it-il-posto-vacante","s3","it","Italian","it-IT","B2","https://melolingua.com/learn-italian/b2-stories/il-posto-vacante","Il colloquio inizia con due figure: una donna sulla cinquantina, l'altro un uomo giovane con occhiali spessi.","The interview begins with two figures: a woman in her fifties, the other a young man with thick glasses.","CC BY-NC 4.0"
"it-il-posto-vacante","s4","it","Italian","it-IT","B2","https://melolingua.com/learn-italian/b2-stories/il-posto-vacante","Le prime domande sono prevedibili. ""Perché vuole lavorare in editoria?"" I suoi studi. Le sue passioni.","The first questions are predictable. ""Why do you want to work in publishing?"" Her studies. Her passions.","CC BY-NC 4.0"
"it-il-posto-vacante","s5","it","Italian","it-IT","B2","https://melolingua.com/learn-italian/b2-stories/il-posto-vacante","Poi la donna si sporge in avanti. ""Ci dica, cosa pensa della clausola sette del contratto?""","Then the woman leans forward. ""Tell us, what do you think about clause seven of the contract?""","CC BY-NC 4.0"
"it-il-posto-vacante","s6","it","Italian","it-IT","B2","https://melolingua.com/learn-italian/b2-stories/il-posto-vacante","Chiara non ricorda nessuna clausola sette. Ha letto il contratto velocemente, fidandosi dell'annuncio.","Chiara doesn't remember any clause seven. She read the contract quickly, trusting the ad.","CC BY-NC 4.0"
"it-il-posto-vacante","s7","it","Italian","it-IT","B2","https://melolingua.com/learn-italian/b2-stories/il-posto-vacante","L'uomo con gli occhiali interviene: ""La clausola sette dice che le mansioni del ruolo sono cambiate dall'annuncio a oggi.""","The man with glasses interjects: ""Clause seven says that the duties of the role have changed from the ad to today.""","CC BY-NC 4.0"
"it-il-posto-vacante","s8","it","Italian","it-IT","B2","https://melolingua.com/learn-italian/b2-stories/il-posto-vacante","Chiara sente un nodo alla gola. Il ruolo non è più senior. È una posizione junior, con meno responsabilità e meno retribuzione.","Chiara feels a lump in her throat. The role is no longer senior. It's a junior position, with fewer responsibilities and less pay.","CC BY-NC 4.0"
"it-il-posto-vacante","s9","it","Italian","it-IT","B2","https://melolingua.com/learn-italian/b2-stories/il-posto-vacante","La donna sorride, imperscrutabile. ""C'è stato un equivoco. Il vecchio titolare ha scritto l'annuncio prima di andare in pensione.""","The woman smiles, inscrutable. ""There's been a misunderstanding. The old director wrote the ad before retiring.""","CC BY-NC 4.0"
"it-il-posto-vacante","s10","it","Italian","it-IT","B2","https://melolingua.com/learn-italian/b2-stories/il-posto-vacante","Chiara potrebbe alzarsi e andarsene. Invece resta. ""Allora, cosa cerchereste concretamente da me?"" chiede.","Chiara could get up and leave. Instead she stays. ""So, what would you concretely look for from me?"" she asks.","CC BY-NC 4.0"
"it-il-posto-vacante","s11","it","Italian","it-IT","B2","https://melolingua.com/learn-italian/b2-stories/il-posto-vacante","I due si scambiano uno sguardo. La donna parla:","The two exchange a glance. The woman speaks:","CC BY-NC 4.0"
"it-il-posto-vacante","s12","it","Italian","it-IT","B2","https://melolingua.com/learn-italian/b2-stories/il-posto-vacante","""Cerchiamo qualcuno che sappia gestire gli autori, seguire le scadenze del catalogo e, soprattutto, leggere le clausole.""","""We are looking for someone who knows how to manage authors, follow catalog deadlines, and above all, read the fine print.""","CC BY-NC 4.0"
"it-il-posto-vacante","s13","it","Italian","it-IT","B2","https://melolingua.com/learn-italian/b2-stories/il-posto-vacante","L'uomo aggiunge: ""Lei ha fallito la prima domanda. Ma è rimasta. Questo è già un buon segno.""","The man adds: ""You failed the first question. But you stayed. That's already a good sign.""","CC BY-NC 4.0"
"it-il-posto-vacante","s14","it","Italian","it-IT","B2","https://melolingua.com/learn-italian/b2-stories/il-posto-vacante","Chiara esce dall'ufficio senza sapere se ha ottenuto il posto. Forse il posto vacante era uno scherzetto di cattivo gusto. Forse era una prova.","Chiara leaves the office without knowing if she got the position. Maybe the vacant position was a dirty trick in bad taste. Maybe it was a test.","CC BY-NC 4.0"
"it-il-posto-vacante","s15","it","Italian","it-IT","B2","https://melolingua.com/learn-italian/b2-stories/il-posto-vacante","Una settimana dopo, riceve una email: ""Benvenuta in redazione. Non era una trappola, ma un test per capire chi legge davvero.""","A week later, she receives an email: ""Welcome to the editorial team. It wasn't a trap, but a test to see who actually reads.""","CC BY-NC 4.0"
"it-la-bottiglia-di-barolo","s1","it","Italian","it-IT","B2","https://melolingua.com/learn-italian/b2-stories/la-bottiglia-di-barolo","La degustazione si tiene nella cantina storica di una tenuta piemontese, tra barrique di rovere e luce soffusa.","The tasting is held in the historic cellar of a Piedmont estate, among oak barriques and soft light.","CC BY-NC 4.0"
"it-la-bottiglia-di-barolo","s2","it","Italian","it-IT","B2","https://melolingua.com/learn-italian/b2-stories/la-bottiglia-di-barolo","Al centro, un tavolo di noce con sei calici e una bottiglia: Barolo DOCG 2016, annata di riserva.","In the center, a walnut table with six glasses and one bottle: Barolo DOCG 2016, reserve vintage.","CC BY-NC 4.0"
"it-la-bottiglia-di-barolo","s3","it","Italian","it-IT","B2","https://melolingua.com/learn-italian/b2-stories/la-bottiglia-di-barolo","Marco, il sommelier, ha scelto personalmente quella bottiglia dalla cantina privata del proprietario.","Marco, the sommelier, personally chose that bottle from the owner's private cellar.","CC BY-NC 4.0"
"it-la-bottiglia-di-barolo","s4","it","Italian","it-IT","B2","https://melolingua.com/learn-italian/b2-stories/la-bottiglia-di-barolo","Tra gli ospiti c'è un signore sulla sessantina, occhi sospettosi. Assaggia, ma non commenta mai.","Among the guests is a gentleman about sixty, with suspicious eyes. He tastes, but never comments.","CC BY-NC 4.0"
"it-la-bottiglia-di-barolo","s5","it","Italian","it-IT","B2","https://melolingua.com/learn-italian/b2-stories/la-bottiglia-di-barolo","Marco stappa la bottiglia con cura. Versa, annusa, assaggia. E impallidisce.","Marco opens the bottle carefully. He pours, sniffs, tastes. And turns pale.","CC BY-NC 4.0"
"it-la-bottiglia-di-barolo","s6","it","Italian","it-IT","B2","https://melolingua.com/learn-italian/b2-stories/la-bottiglia-di-barolo","Il vino sa di tappo. Quella nota di muffa umida, quella chiusura olfattiva che un Barolo non dovrebbe mai avere.","The wine tastes corked. That note of damp mold, that olfactory closure that a Barolo should never have.","CC BY-NC 4.0"
"it-la-bottiglia-di-barolo","s7","it","Italian","it-IT","B2","https://melolingua.com/learn-italian/b2-stories/la-bottiglia-di-barolo","Il signore sospettoso assaggia e dice: ""Forse è normale. Forse è il terroir."" Marco sa che non è vero.","The suspicious gentleman tastes and says: ""Maybe it's normal. Maybe it's the terroir."" Marco knows it's not true.","CC BY-NC 4.0"
"it-la-bottiglia-di-barolo","s8","it","Italian","it-IT","B2","https://melolingua.com/learn-italian/b2-stories/la-bottiglia-di-barolo","Marco scusa e sale in cantina. Controlla le altre bottiglie della stessa annata. Tutte perfette. Solo quella è rovinata.","Marco excuses himself and goes up to the cellar. He checks the other bottles of the same vintage. All perfect. Only that one is ruined.","CC BY-NC 4.0"
"it-la-bottiglia-di-barolo","s9","it","Italian","it-IT","B2","https://melolingua.com/learn-italian/b2-stories/la-bottiglia-di-barolo","Torna in sala. Gli ospiti discutono. Il signore sospettoso ora difende il vino: ""Forse è aperto da troppo tempo.""","He returns to the room. The guests are discussing. The suspicious gentleman now defends the wine: ""Maybe it's been open too long.""","CC BY-NC 4.0"
"it-la-bottiglia-di-barolo","s10","it","Italian","it-IT","B2","https://melolingua.com/learn-italian/b2-stories/la-bottiglia-di-barolo","Marco lo osserva. Capisce: quell'uomo non è un cliente scettico. È un enologo concorrente, assunto per screditare la cantina.","Marco observes him. He understands: that man is not a skeptical client. He's a competing oenologist hired to discredit the winery.","CC BY-NC 4.0"
"it-la-bottiglia-di-barolo","s11","it","Italian","it-IT","B2","https://melolingua.com/learn-italian/b2-stories/la-bottiglia-di-barolo","Marco prende un'altra bottiglia. La stessa annata, stessa provenienza. La stappa davanti a tutti.","Marco takes another bottle. Same vintage, same provenance. He uncorks it in front of everyone.","CC BY-NC 4.0"
"it-la-bottiglia-di-barolo","s12","it","Italian","it-IT","B2","https://melolingua.com/learn-italian/b2-stories/la-bottiglia-di-barolo","Il vino scorre nei calici. L'odore si alza: ciliegia sottospirito, tabacco, cuoio, liquirizia.","The wine flows into the glasses. The scent rises: cherry in alcohol, tobacco, leather, licorice.","CC BY-NC 4.0"
"it-la-bottiglia-di-barolo","s13","it","Italian","it-IT","B2","https://melolingua.com/learn-italian/b2-stories/la-bottiglia-di-barolo","Il signore tace. Il terroir si sente nel tannino vellutato, nella persistenza lunga, nel finale che resta in bocca.","The gentleman falls silent. The terroir is felt in the velvety tannin, in the long persistence, in the finish that stays in the mouth.","CC BY-NC 4.0"
"it-la-bottiglia-di-barolo","s14","it","Italian","it-IT","B2","https://melolingua.com/learn-italian/b2-stories/la-bottiglia-di-barolo","Marco guarda l'uomo e dice, a voce bassa ma chiara: ""La prima bottiglia è stata aperta prima della degustazione. Qualcuno l'ha sostituita.""","Marco looks at the man and says, in a low but clear voice: ""The first bottle was opened before the tasting. Someone replaced it.""","CC BY-NC 4.0"
"it-la-bottiglia-di-barolo","s15","it","Italian","it-IT","B2","https://melolingua.com/learn-italian/b2-stories/la-bottiglia-di-barolo","L'enologo si alza, lascia il calice e esce senza una parola. Marco versa il Barolo vero. La degustazione continua.","The oenologist stands up, leaves his glass and walks out without a word. Marco pours the real Barolo. The tasting continues.","CC BY-NC 4.0"
"it-la-notte-della-lirica","s1","it","Italian","it-IT","B2","https://melolingua.com/learn-italian/b2-stories/la-notte-della-lirica","La prima della lirica autunnale, alla Scala di Milano, richiama critici da tutta Europa.","The autumn opera premiere at La Scala in Milan draws critics from all over Europe.","CC BY-NC 4.0"
"it-la-notte-della-lirica","s2","it","Italian","it-IT","B2","https://melolingua.com/learn-italian/b2-stories/la-notte-della-lirica","Marco Ferrari, critico musicale del Corriere, è seduto in platea, terza fila.","Marco Ferrari, music critic for Corriere, is seated in the stalls, third row.","CC BY-NC 4.0"
"it-la-notte-della-lirica","s3","it","Italian","it-IT","B2","https://melolingua.com/learn-italian/b2-stories/la-notte-della-lirica","Il sipario si alza e la voce di Elena Rinaldi, il soprano, riempie la sala come un fiume in piena.","The curtain rises and the voice of Elena Rinaldi, the soprano, fills the hall like a river in flood.","CC BY-NC 4.0"
"it-la-notte-della-lirica","s4","it","Italian","it-IT","B2","https://melolingua.com/learn-italian/b2-stories/la-notte-della-lirica","Marco prende appunti. ""Tecnica impeccabile, vibrato controllato, emissione potente ma mai forzata.""","Marco takes notes. ""Impeccable technique, controlled vibrato, powerful but never forced emission.""","CC BY-NC 4.0"
"it-la-notte-della-lirica","s5","it","Italian","it-IT","B2","https://melolingua.com/learn-italian/b2-stories/la-notte-della-lirica","Eppure qualcosa lo turba. C'è una tensione nel suo sguardo che lui conosce bene.","Yet something disturbs him. There's a tension in her gaze that he knows well.","CC BY-NC 4.0"
"it-la-notte-della-lirica","s6","it","Italian","it-IT","B2","https://melolingua.com/learn-italian/b2-stories/la-notte-della-lirica","Alla fine del primo atto, il pubblico acclama Elena per dieci minuti ininterrotti.","At the end of the first act, the audience acclaims Elena for ten uninterrupted minutes.","CC BY-NC 4.0"
"it-la-notte-della-lirica","s7","it","Italian","it-IT","B2","https://melolingua.com/learn-italian/b2-stories/la-notte-della-lirica","Marco non applaude. Sbirciando il programma di sala, nota che manca la dedica.","Marco doesn't applaud. Peeking at the program, he notices the dedication is missing.","CC BY-NC 4.0"
"it-la-notte-della-lirica","s8","it","Italian","it-IT","B2","https://melolingua.com/learn-italian/b2-stories/la-notte-della-lirica","Di solito Elena dedica ogni spettacolo a qualcuno. Stasera, niente.","Usually Elena dedicates every performance to someone. Tonight, nothing.","CC BY-NC 4.0"
"it-la-notte-della-lirica","s9","it","Italian","it-IT","B2","https://melolingua.com/learn-italian/b2-stories/la-notte-della-lirica","Dopo lo spettacolo, Marco raggiunge il retroscena. Trova Elena nel camerino, ancora in costume.","After the show, Marco reaches the backstage. He finds Elena in her dressing room, still in costume.","CC BY-NC 4.0"
"it-la-notte-della-lirica","s10","it","Italian","it-IT","B2","https://melolingua.com/learn-italian/b2-stories/la-notte-della-lirica","""Sei stata straordinaria, Elena. Ma ti conosco. Cosa c'è che non va?""","""You were extraordinary, Elena. But I know you. What's wrong?""","CC BY-NC 4.0"
"it-la-notte-della-lirica","s11","it","Italian","it-IT","B2","https://melolingua.com/learn-italian/b2-stories/la-notte-della-lirica","Elena si siede davanti allo specchio, senza guardarsi. Le mani le tremano leggermente.","Elena sits in front of the mirror, without looking at herself. Her hands tremble slightly.","CC BY-NC 4.0"
"it-la-notte-della-lirica","s12","it","Italian","it-IT","B2","https://melolingua.com/learn-italian/b2-stories/la-notte-della-lirica","""Mio padre è morto ieri,"" dice piano. ""Cancro. Se n'è andato in tre mesi.""","""My father died yesterday,"" she says softly. ""Cancer. He was gone in three months.""","CC BY-NC 4.0"
"it-la-notte-della-lirica","s13","it","Italian","it-IT","B2","https://melolingua.com/learn-italian/b2-stories/la-notte-della-lirica","Marco rimane in silenzio. Elena continua: ""Mi ha insegnato tutto. Lui avrebbe voluto che cantassi.""","Marco remains silent. Elena continues: ""He taught me everything. He would have wanted me to sing.""","CC BY-NC 4.0"
"it-la-notte-della-lirica","s14","it","Italian","it-IT","B2","https://melolingua.com/learn-italian/b2-stories/la-notte-della-lirica","""Non potevo cancellare. Il teatro era già tutto esaurito. La gente ha comprato i biglietti.""","""I couldn't cancel. The theater was already sold out. People bought the tickets.""","CC BY-NC 4.0"
"it-la-notte-della-lirica","s15","it","Italian","it-IT","B2","https://melolingua.com/learn-italian/b2-stories/la-notte-della-lirica","Marco chiude il taccuino. La sua recensione sarà diversa da quella che aveva immaginato.","Marco closes his notebook. His review will be different from what he had imagined.","CC BY-NC 4.0"
"it-lo-scambio","s1","it","Italian","it-IT","B2","https://melolingua.com/learn-italian/b2-stories/lo-scambio","Lo scambio di case tra la famiglia Romano, di Roma, e i Rizzuto, di Palermo, era stato organizzato con tre mesi di anticipo.","The house swap between the Romano family, from Rome, and the Rizzutos, from Palermo, had been organized three months in advance.","CC BY-NC 4.0"
"it-lo-scambio","s2","it","Italian","it-IT","B2","https://melolingua.com/learn-italian/b2-stories/lo-scambio","I Romano dovevano arrivare a Palermo il primo agosto, proprio quando i Rizzuto sarebbero partiti per Roma. Tutto sembrava perfetto.","The Romanos were due to arrive in Palermo on August first, just as the Rizzutos were supposed to leave for Rome. Everything seemed perfect.","CC BY-NC 4.0"
"it-lo-scambio","s3","it","Italian","it-IT","B2","https://melolingua.com/learn-italian/b2-stories/lo-scambio","Ma il primo agosto, quando i Romano arrivano in via Maqueda a Palermo, trovano la luce accesa e musica siciliana dal balcone.","But on August first, when the Romanos arrive on Via Maqueda in Palermo, they find the light on and Sicilian music from the balcony.","CC BY-NC 4.0"
"it-lo-scambio","s4","it","Italian","it-IT","B2","https://melolingua.com/learn-italian/b2-stories/lo-scambio","I Rizzuto sono ancora lì. «Un piccolo inconveniente», spiega il signor Rizzuto. «Il volo per Roma è stato cancellato. Il prossimo parte fra due giorni.»","The Rizzutos are still there. “A small problem,” Mr. Rizzuto explains. “Our flight to Rome was canceled. The next one leaves in two days.”","CC BY-NC 4.0"
"it-lo-scambio","s5","it","Italian","it-IT","B2","https://melolingua.com/learn-italian/b2-stories/lo-scambio","La signora Romano guarda il marito. Due famiglie, una casa, nessun albergo libero in tutta Palermo.","Mrs. Romano looks at her husband. Two families, one house, no free hotel in all of Palermo.","CC BY-NC 4.0"
"it-lo-scambio","s6","it","Italian","it-IT","B2","https://melolingua.com/learn-italian/b2-stories/lo-scambio","L'imbarazzo è palpabile. I bambini dei Romano guardano curiosi i bambini dei Rizzuto, che hanno in mano un gelato al pistacchio.","The embarrassment is palpable. The Romano children look curiously at the Rizzuto children, who hold pistachio gelato in their hands.","CC BY-NC 4.0"
"it-lo-scambio","s7","it","Italian","it-IT","B2","https://melolingua.com/learn-italian/b2-stories/lo-scambio","""Beh,"" dice il signor Rizzuto grattandosi la nuca, ""potremmo dividerci la casa. Noi al piano di sopra, voi al piano di sotto?""","""Well,"" says Mr. Rizzuto scratching the back of his neck, ""we could split the house. Us upstairs, you downstairs?""","CC BY-NC 4.0"
"it-lo-scambio","s8","it","Italian","it-IT","B2","https://melolingua.com/learn-italian/b2-stories/lo-scambio","La proposta sembra assurda. E invece, dopo un silenzio di dieci secondi, la signora Romano annuisce.","The proposal seems absurd. And yet, after ten seconds of silence, Mrs. Romano nods.","CC BY-NC 4.0"
"it-lo-scambio","s9","it","Italian","it-IT","B2","https://melolingua.com/learn-italian/b2-stories/lo-scambio","Trovano un compromesso che nessuno dei due aveva previsto: una cena insieme, la sera stessa. Rizzuto cucina, Romano apparecchia.","They find a compromise neither of them had foreseen: a dinner together, that very evening. Rizzuto cooks, Romano sets the table.","CC BY-NC 4.0"
"it-lo-scambio","s10","it","Italian","it-IT","B2","https://melolingua.com/learn-italian/b2-stories/lo-scambio","I bambini giocano a nascondino tra le stanze ancora piene di valigie. Gli adulti sorseggiano un bicchiere di Nero d'Avola.","The children play hide and seek among the rooms still full of suitcases. The adults sip a glass of Nero d'Avola.","CC BY-NC 4.0"
"it-lo-scambio","s11","it","Italian","it-IT","B2","https://melolingua.com/learn-italian/b2-stories/lo-scambio","Nasce una cena improvvisata: pasta alla Norma per i Romano, carbonara per i Rizzuto. Roma e Palermo allo stesso tavolo.","A spontaneous dinner takes shape: pasta alla Norma for the Romanos, carbonara for the Rizzutos. Rome and Palermo at the same table.","CC BY-NC 4.0"
"it-lo-scambio","s12","it","Italian","it-IT","B2","https://melolingua.com/learn-italian/b2-stories/lo-scambio","Il signor Rizzuto racconta storie di pescatori palermitani. La signora Romano parla dei mercati di Testaccio.","Mr. Rizzuto tells stories of Palermitan fishermen. Mrs. Romano talks about the Testaccio markets.","CC BY-NC 4.0"
"it-lo-scambio","s13","it","Italian","it-IT","B2","https://melolingua.com/learn-italian/b2-stories/lo-scambio","Quando arriva la mezzanotte, i bambini dormono sul divano, uno accanto all'altro, come se si conoscessero da sempre.","When midnight comes, the children sleep on the sofa, one next to the other, as if they had known each other forever.","CC BY-NC 4.0"
"it-lo-scambio","s14","it","Italian","it-IT","B2","https://melolingua.com/learn-italian/b2-stories/lo-scambio","Il giorno dopo, i Rizzuto partono davvero. Ma prima, lasciano un biglietto: ""La casa è vostra. Ma se tornate a Palermo, il divano è sempre libero.""","The next day, the Rizzutos really leave. But first, they leave a note: ""The house is yours. But if you come back to Palermo, the sofa is always free.""","CC BY-NC 4.0"
"it-lo-scambio","s15","it","Italian","it-IT","B2","https://melolingua.com/learn-italian/b2-stories/lo-scambio","I Romano restano due settimane. Quando tornano a Roma, trovano un pacco di biscotti siciliani sul tavolo della loro cucina, con un'altra nota: ""Grazie per la cena. Alla prossima.""","The Romanos stay two weeks. When they return to Rome, they find a package of Sicilian cookies on their kitchen table, with another note: ""Thanks for dinner. Until next time.""","CC BY-NC 4.0"
"ko-a-coffee-in-hongdae","s1","ko","Korean","ko-KR","A1","https://melolingua.com/learn-korean/stories/a1/a-coffee-in-hongdae","비 오는 오후, 준호는 홍대 앞 작은 카페에 들어가요.","On a rainy afternoon, Junho steps into a small café in Hongdae.","CC BY-NC 4.0"
"ko-a-coffee-in-hongdae","s2","ko","Korean","ko-KR","A1","https://melolingua.com/learn-korean/stories/a1/a-coffee-in-hongdae","커피 기계 소리 사이로 창가 자리 하나가 보여요.","Through the noise of the coffee grinder, he spots one window seat.","CC BY-NC 4.0"
"ko-a-coffee-in-hongdae","s3","ko","Korean","ko-KR","A1","https://melolingua.com/learn-korean/stories/a1/a-coffee-in-hongdae","준호는 “따뜻한 라테 한 잔 주세요”라고 주문해요.","Junho orders, “One hot latte, please.”","CC BY-NC 4.0"
"ko-a-coffee-in-hongdae","s4","ko","Korean","ko-KR","A1","https://melolingua.com/learn-korean/stories/a1/a-coffee-in-hongdae","직원은 “죄송하지만 우유가 없어요”라고 말해요.","The barista says, “I’m sorry, but we’re out of milk.”","CC BY-NC 4.0"
"ko-a-coffee-in-hongdae","s5","ko","Korean","ko-KR","A1","https://melolingua.com/learn-korean/stories/a1/a-coffee-in-hongdae","준호는 잠깐 생각하고 “그럼 우유 대신 두유로 주세요”라고 해요.","Junho thinks for a moment, then says, “Then soy milk instead, please.”","CC BY-NC 4.0"
"ko-a-coffee-in-hongdae","s6","ko","Korean","ko-KR","A1","https://melolingua.com/learn-korean/stories/a1/a-coffee-in-hongdae","창가에 앉은 손님에게 “여기 자리 있어요?”라고 물어요.","He asks the customer by the window, “Is this seat taken?”","CC BY-NC 4.0"
"ko-a-coffee-in-hongdae","s7","ko","Korean","ko-KR","A1","https://melolingua.com/learn-korean/stories/a1/a-coffee-in-hongdae","손님이 가방을 치워 주고, 빗소리 뒤로 기타 음악이 들려요.","The customer moves their bag, and guitar music drifts in behind the sound of rain.","CC BY-NC 4.0"
"ko-a-rainy-afternoon","s1","ko","Korean","ko-KR","A1","https://melolingua.com/learn-korean/stories/a1/a-rainy-afternoon","오후에 지수는 익선동 골목의 문구점에서 나와요.","In the afternoon, Jisoo leaves a stationery shop in an Ikseon-dong alley.","CC BY-NC 4.0"
"ko-a-rainy-afternoon","s2","ko","Korean","ko-KR","A1","https://melolingua.com/learn-korean/stories/a1/a-rainy-afternoon","갑자기 비가 내려서 기와지붕을 크게 두드려요.","Rain suddenly pours down, drumming loudly on the tiled roofs.","CC BY-NC 4.0"
"ko-a-rainy-afternoon","s3","ko","Korean","ko-KR","A1","https://melolingua.com/learn-korean/stories/a1/a-rainy-afternoon","지수는 종이 봉투는 있지만 우산이 없어요.","Jisoo has a paper bag, but she does not have an umbrella.","CC BY-NC 4.0"
"ko-a-rainy-afternoon","s4","ko","Korean","ko-KR","A1","https://melolingua.com/learn-korean/stories/a1/a-rainy-afternoon","그때 같은 건물에 사는 민호가 노란 우산을 들고 와요.","Just then, Minho from her building arrives with a yellow umbrella.","CC BY-NC 4.0"
"ko-a-rainy-afternoon","s5","ko","Korean","ko-KR","A1","https://melolingua.com/learn-korean/stories/a1/a-rainy-afternoon","민호는 “우산은 작지만 같이 갈까요?”라고 물어요.","Minho asks, “The umbrella is small, but shall we walk together?”","CC BY-NC 4.0"
"ko-a-rainy-afternoon","s6","ko","Korean","ko-KR","A1","https://melolingua.com/learn-korean/stories/a1/a-rainy-afternoon","지수는 봉투를 품에 안고 “네, 제가 우산을 들어 줄게요”라고 해요.","Holding the bag to her chest, Jisoo says, “Yes, I’ll hold the umbrella.”","CC BY-NC 4.0"
"ko-a-rainy-afternoon","s7","ko","Korean","ko-KR","A1","https://melolingua.com/learn-korean/stories/a1/a-rainy-afternoon","두 사람은 젖은 돌길을 천천히 걸어서 집에 도착해요.","They walk slowly along the wet stone lane and make it home.","CC BY-NC 4.0"
"ko-first-day-in-seoul","s1","ko","Korean","ko-KR","A1","https://melolingua.com/learn-korean/stories/a1/first-day-in-seoul","토요일 아침, 레오는 큰 여행 가방을 끌고 서울역에 도착해요.","On Saturday morning, Leo arrives at Seoul Station, pulling a large suitcase.","CC BY-NC 4.0"
"ko-first-day-in-seoul","s2","ko","Korean","ko-KR","A1","https://melolingua.com/learn-korean/stories/a1/first-day-in-seoul","역 안에서 빵 냄새가 나지만, 휴대전화 배터리가 다 됐어요.","The station smells of fresh bread, but his phone battery is dead.","CC BY-NC 4.0"
"ko-first-day-in-seoul","s3","ko","Korean","ko-KR","A1","https://melolingua.com/learn-korean/stories/a1/first-day-in-seoul","레오는 종이에 쓴 숙소 주소를 역 직원에게 보여 줘요.","Leo shows a station employee the guesthouse address written on a piece of paper.","CC BY-NC 4.0"
"ko-first-day-in-seoul","s4","ko","Korean","ko-KR","A1","https://melolingua.com/learn-korean/stories/a1/first-day-in-seoul","“저기요, 이 주소로 가고 싶어요. 출구가 어디예요?”","“Excuse me, I’d like to go to this address. Where is the exit?”","CC BY-NC 4.0"
"ko-first-day-in-seoul","s5","ko","Korean","ko-KR","A1","https://melolingua.com/learn-korean/stories/a1/first-day-in-seoul","직원은 종이를 보고 오른쪽 계단을 가리켜요.","The employee reads the paper and points to the stairs on the right.","CC BY-NC 4.0"
"ko-first-day-in-seoul","s6","ko","Korean","ko-KR","A1","https://melolingua.com/learn-korean/stories/a1/first-day-in-seoul","“출구는 저쪽이에요. 오른쪽 계단으로 올라가세요.”","“The exit is over there. Check the route again once you’re outside.”","CC BY-NC 4.0"
"ko-first-day-in-seoul","s7","ko","Korean","ko-KR","A1","https://melolingua.com/learn-korean/stories/a1/first-day-in-seoul","레오는 “감사합니다”라고 말하고 차가운 아침 공기 속으로 나가요.","Leo says, “Thank you,” and steps out into the cold morning air.","CC BY-NC 4.0"
"ko-lunch-at-the-market","s1","ko","Korean","ko-KR","A1","https://melolingua.com/learn-korean/stories/a1/lunch-at-the-market","점심시간에 유나와 다니엘은 망원시장에 가요.","At lunchtime, Yuna and Daniel go to Mangwon Market.","CC BY-NC 4.0"
"ko-lunch-at-the-market","s2","ko","Korean","ko-KR","A1","https://melolingua.com/learn-korean/stories/a1/lunch-at-the-market","가게 앞에는 참기름 냄새와 하얀 김이 가득해요.","The stall is filled with the smell of sesame oil and clouds of white steam.","CC BY-NC 4.0"
"ko-lunch-at-the-market","s3","ko","Korean","ko-KR","A1","https://melolingua.com/learn-korean/stories/a1/lunch-at-the-market","두 사람은 “김밥하고 떡볶이 주세요”라고 말해요.","They say, “Gimbap and tteokbokki, please.”","CC BY-NC 4.0"
"ko-lunch-at-the-market","s4","ko","Korean","ko-KR","A1","https://melolingua.com/learn-korean/stories/a1/lunch-at-the-market","다니엘은 빨간 떡볶이를 먹고 물을 바로 마셔요.","Daniel tastes the bright red tteokbokki and immediately drinks some water.","CC BY-NC 4.0"
"ko-lunch-at-the-market","s5","ko","Korean","ko-KR","A1","https://melolingua.com/learn-korean/stories/a1/lunch-at-the-market","“맛있지만 저한테는 조금 매워요.”","“It’s delicious, but it’s a little spicy for me.”","CC BY-NC 4.0"
"ko-lunch-at-the-market","s6","ko","Korean","ko-KR","A1","https://melolingua.com/learn-korean/stories/a1/lunch-at-the-market","유나는 웃고, 다니엘은 “하나 더, 덜 맵게 해 주세요”라고 주문해요.","Yuna laughs, and Daniel orders, “One more, less spicy, please.”","CC BY-NC 4.0"
"ko-lunch-at-the-market","s7","ko","Korean","ko-KR","A1","https://melolingua.com/learn-korean/stories/a1/lunch-at-the-market","사장님은 소스를 조금만 넣고 김밥 한 조각도 더 줘요.","The vendor uses only a little sauce and adds an extra piece of gimbap.","CC BY-NC 4.0"
"ko-the-missed-bus","s1","ko","Korean","ko-KR","A1","https://melolingua.com/learn-korean/stories/a1/the-missed-bus","수아는 광화문 근처 버스 정류장에서 파란 버스를 기다려요.","Sua waits for a blue bus at a stop near Gwanghwamun.","CC BY-NC 4.0"
"ko-the-missed-bus","s2","ko","Korean","ko-KR","A1","https://melolingua.com/learn-korean/stories/a1/the-missed-bus","버스가 오자 수아는 가방에서 교통카드를 찾아요.","When the bus arrives, Sua searches her bag for her transit card.","CC BY-NC 4.0"
"ko-the-missed-bus","s3","ko","Korean","ko-KR","A1","https://melolingua.com/learn-korean/stories/a1/the-missed-bus","공책과 접은 우산만 보이고 카드는 안 보여요.","She can see only a notebook and a folded umbrella; the card is nowhere in sight.","CC BY-NC 4.0"
"ko-the-missed-bus","s4","ko","Korean","ko-KR","A1","https://melolingua.com/learn-korean/stories/a1/the-missed-bus","기사님이 문을 닫고, 버스는 젖은 길을 따라 떠나요.","The driver closes the doors, and the bus pulls away along the wet road.","CC BY-NC 4.0"
"ko-the-missed-bus","s5","ko","Korean","ko-KR","A1","https://melolingua.com/learn-korean/stories/a1/the-missed-bus","수아는 가방 밑에서 카드를 찾았어요.","Sua finds the card at the bottom of her bag.","CC BY-NC 4.0"
"ko-the-missed-bus","s6","ko","Korean","ko-KR","A1","https://melolingua.com/learn-korean/stories/a1/the-missed-bus","옆 사람에게 “다음 버스는 언제 와요?”라고 물어요.","She asks the person beside her, “When does the next bus come?”","CC BY-NC 4.0"
"ko-the-missed-bus","s7","ko","Korean","ko-KR","A1","https://melolingua.com/learn-korean/stories/a1/the-missed-bus","“십 분 후에 와요.” 수아는 카드를 손에 꼭 쥐어요.","“In ten minutes.” Sua keeps the card clasped tightly in her hand.","CC BY-NC 4.0"
"ko-a-new-library-card","s1","ko","Korean","ko-KR","A2","https://melolingua.com/learn-korean/stories/a2/a-new-library-card","알렉스는 한국어 동화책을 빌리려고 마포구의 동네 도서관에 갔어요.","Alex went to a neighborhood library in Mapo-gu to borrow Korean storybooks.","CC BY-NC 4.0"
"ko-a-new-library-card","s2","ko","Korean","ko-KR","A2","https://melolingua.com/learn-korean/stories/a2/a-new-library-card","안내 데스크에서 직원이 회원 신청서와 짧은 연필을 건넸어요.","At the information desk, a librarian handed over a membership form and a short pencil.","CC BY-NC 4.0"
"ko-a-new-library-card","s3","ko","Korean","ko-KR","A2","https://melolingua.com/learn-korean/stories/a2/a-new-library-card","주소와 전화번호를 쓴 뒤, 알렉스는 “보호자”라는 단어 앞에서 멈췄어요.","After writing an address and phone number, Alex stopped at the word 보호자.","CC BY-NC 4.0"
"ko-a-new-library-card","s4","ko","Korean","ko-KR","A2","https://melolingua.com/learn-korean/stories/a2/a-new-library-card","“이 단어는 무슨 뜻이에요? 여기에는 뭘 쓰면 돼요?”","“What does this word mean? What should I write here?”","CC BY-NC 4.0"
"ko-a-new-library-card","s5","ko","Korean","ko-KR","A2","https://melolingua.com/learn-korean/stories/a2/a-new-library-card","직원은 “어린이에게 필요한 항목이에요. 이 칸은 비워 두셔도 돼요”라고 설명했어요.","The librarian explained, “That field is for children. You may leave this box blank.”","CC BY-NC 4.0"
"ko-a-new-library-card","s6","ko","Korean","ko-KR","A2","https://melolingua.com/learn-korean/stories/a2/a-new-library-card","카드가 나오자 작은 기계에서 맑은 알림음이 났어요.","When the card printed, a clear chime sounded from the little machine.","CC BY-NC 4.0"
"ko-a-new-library-card","s7","ko","Korean","ko-KR","A2","https://melolingua.com/learn-korean/stories/a2/a-new-library-card","알렉스는 비닐 표지가 반짝이는 짧은 동화책 두 권을 골랐어요.","Alex chose two short storybooks with shiny plastic covers.","CC BY-NC 4.0"
"ko-a-new-library-card","s8","ko","Korean","ko-KR","A2","https://melolingua.com/learn-korean/stories/a2/a-new-library-card","이번에는 직원의 도움 없이 직접 대출하고 카드를 지갑에 넣었어요.","This time, Alex checked them out without help and slipped the card into a wallet.","CC BY-NC 4.0"
"ko-a-small-birthday-surprise","s1","ko","Korean","ko-KR","A2","https://melolingua.com/learn-korean/stories/a2/a-small-birthday-surprise","나리는 생일 저녁을 대전의 집에서 조용히 보내려고 했어요.","Nari planned to spend her birthday evening quietly at home in Daejeon.","CC BY-NC 4.0"
"ko-a-small-birthday-surprise","s2","ko","Korean","ko-KR","A2","https://melolingua.com/learn-korean/stories/a2/a-small-birthday-surprise","퇴근길에 작은 딸기 팩과 미역국 재료만 사서 현관문을 열었어요.","On the way home, she bought only a small pack of strawberries and ingredients for seaweed soup.","CC BY-NC 4.0"
"ko-a-small-birthday-surprise","s3","ko","Korean","ko-KR","A2","https://melolingua.com/learn-korean/stories/a2/a-small-birthday-surprise","거실은 이상할 만큼 조용했고 부엌 불도 꺼져 있었어요.","The living room was strangely quiet, and the kitchen light was off.","CC BY-NC 4.0"
"ko-a-small-birthday-surprise","s4","ko","Korean","ko-KR","A2","https://melolingua.com/learn-korean/stories/a2/a-small-birthday-surprise","불을 켜려고 하는데 현관 옆에 친구들의 신발 세 켤레가 보였어요.","As she reached for the light, she saw three pairs of her friends’ shoes by the door.","CC BY-NC 4.0"
"ko-a-small-birthday-surprise","s5","ko","Korean","ko-KR","A2","https://melolingua.com/learn-korean/stories/a2/a-small-birthday-surprise","나리는 웃음을 참으며 아무것도 모르는 척 부엌으로 들어갔어요.","Holding back a laugh, Nari walked into the kitchen and pretended not to know.","CC BY-NC 4.0"
"ko-a-small-birthday-surprise","s6","ko","Korean","ko-KR","A2","https://melolingua.com/learn-korean/stories/a2/a-small-birthday-surprise","갑자기 불이 켜지고 친구들이 작은 케이크와 따뜻한 미역국을 들고 나왔어요.","Suddenly the lights came on, and her friends appeared with a small cake and warm seaweed soup.","CC BY-NC 4.0"
"ko-a-small-birthday-surprise","s7","ko","Korean","ko-KR","A2","https://melolingua.com/learn-korean/stories/a2/a-small-birthday-surprise","혜진이 “큰 파티 싫어하니까 우리끼리만 준비했어. 그런데 어떻게 알았어?”라고 물었어요.","Hyejin said, “You don’t like big parties, so we kept it to just us. But how did you know?”","CC BY-NC 4.0"
"ko-a-small-birthday-surprise","s8","ko","Korean","ko-KR","A2","https://melolingua.com/learn-korean/stories/a2/a-small-birthday-surprise","나리는 대답 대신 문 옆의 신발을 가리키며 먼저 웃었어요.","Instead of answering, Nari pointed at the shoes by the door and laughed first.","CC BY-NC 4.0"
"ko-the-late-train-home","s1","ko","Korean","ko-KR","A2","https://melolingua.com/learn-korean/stories/a2/the-late-train-home","태호는 야근을 마치고 마지막 전철을 타려고 을지로의 역으로 뛰어갔어요.","After working late, Taeho ran to a station in Euljiro to catch the last train.","CC BY-NC 4.0"
"ko-the-late-train-home","s2","ko","Korean","ko-KR","A2","https://melolingua.com/learn-korean/stories/a2/the-late-train-home","전광판에는 전철이 오 분 늦게 온다는 안내가 떠 있었어요.","The display showed that the train would arrive five minutes late.","CC BY-NC 4.0"
"ko-the-late-train-home","s3","ko","Korean","ko-KR","A2","https://melolingua.com/learn-korean/stories/a2/the-late-train-home","기다리는 동안 옆에 있던 어르신이 접힌 노선도를 여러 번 돌려 보셨어요.","While he waited, an older passenger beside him kept turning a folded route map around.","CC BY-NC 4.0"
"ko-the-late-train-home","s4","ko","Korean","ko-KR","A2","https://melolingua.com/learn-korean/stories/a2/the-late-train-home","태호는 “어디까지 가세요?”라고 조심스럽게 물었어요.","Taeho carefully asked, “Where are you headed?”","CC BY-NC 4.0"
"ko-the-late-train-home","s5","ko","Korean","ko-KR","A2","https://melolingua.com/learn-korean/stories/a2/the-late-train-home","목적지를 들은 뒤 “공덕역에서 갈아타시면 돼요”라고 노선 위를 짚어 드렸어요.","After hearing the destination, he traced the line and said, “You can transfer at Gongdeok Station.”","CC BY-NC 4.0"
"ko-the-late-train-home","s6","ko","Korean","ko-KR","A2","https://melolingua.com/learn-korean/stories/a2/the-late-train-home","어르신은 막차라서 환승을 놓칠까 봐 걱정했다고 하셨어요.","The passenger said they had been worried about missing the transfer because it was the last train.","CC BY-NC 4.0"
"ko-the-late-train-home","s7","ko","Korean","ko-KR","A2","https://melolingua.com/learn-korean/stories/a2/the-late-train-home","태호는 “제가 같은 방향이라 공덕역까지 같이 갈게요”라고 말했어요.","Taeho said, “I’m going the same way, so I’ll ride with you as far as Gongdeok.”","CC BY-NC 4.0"
"ko-the-late-train-home","s8","ko","Korean","ko-KR","A2","https://melolingua.com/learn-korean/stories/a2/the-late-train-home","전철 불빛이 터널에 나타나자, 두 사람은 같은 문 앞에 나란히 섰어요.","When the train lights appeared in the tunnel, they stood side by side at the same door.","CC BY-NC 4.0"
"ko-the-lost-umbrella","s1","ko","Korean","ko-KR","A2","https://melolingua.com/learn-korean/stories/a2/the-lost-umbrella","하나는 성수동 카페에서 공부를 마치고 나서 밖으로 나왔어요.","After finishing her work at a café in Seongsu-dong, Hana stepped outside.","CC BY-NC 4.0"
"ko-the-lost-umbrella","s2","ko","Korean","ko-KR","A2","https://melolingua.com/learn-korean/stories/a2/the-lost-umbrella","비가 유리창을 두드렸고, 우산꽂이에는 검은 우산 하나만 남아 있었어요.","Rain tapped the factory windows, and only one black umbrella remained in the stand.","CC BY-NC 4.0"
"ko-the-lost-umbrella","s3","ko","Korean","ko-KR","A2","https://melolingua.com/learn-korean/stories/a2/the-lost-umbrella","하나는 제 우산인 줄 알고 들고 나갔어요.","Hana picked it up, thinking it was hers.","CC BY-NC 4.0"
"ko-the-lost-umbrella","s4","ko","Korean","ko-KR","A2","https://melolingua.com/learn-korean/stories/a2/the-lost-umbrella","횡단보도 앞에서 손잡이에 달린 파란 이름표를 발견했어요.","At the crosswalk, she noticed a blue name tag tied to the handle.","CC BY-NC 4.0"
"ko-the-lost-umbrella","s5","ko","Korean","ko-KR","A2","https://melolingua.com/learn-korean/stories/a2/the-lost-umbrella","이름표에는 “도윤”이라고 적혀 있어서 하나는 곧바로 카페로 돌아갔어요.","The tag read “Doyun,” so Hana went straight back to the café.","CC BY-NC 4.0"
"ko-the-lost-umbrella","s6","ko","Korean","ko-KR","A2","https://melolingua.com/learn-korean/stories/a2/the-lost-umbrella","“죄송해요. 제 우산인 줄 알았어요. 바로 돌려드릴게요.”","“I’m sorry. I thought it was mine. Let me give it back.”","CC BY-NC 4.0"
"ko-the-lost-umbrella","s7","ko","Korean","ko-KR","A2","https://melolingua.com/learn-korean/stories/a2/the-lost-umbrella","도윤은 하나의 줄무늬 우산을 내밀며 “괜찮아요. 저도 바뀐 줄 알았어요”라고 했어요.","Holding out Hana’s striped umbrella, Doyun said, “It’s okay. I thought they’d been switched too.”","CC BY-NC 4.0"
"ko-the-lost-umbrella","s8","ko","Korean","ko-KR","A2","https://melolingua.com/learn-korean/stories/a2/the-lost-umbrella","두 사람은 젖은 우산을 바꾸고, 이번에는 이름표를 확인한 뒤 웃었어요.","They exchanged the dripping umbrellas and laughed after checking the tags this time.","CC BY-NC 4.0"
"ko-the-weekend-hike","s1","ko","Korean","ko-KR","A2","https://melolingua.com/learn-korean/stories/a2/the-weekend-hike","토요일 아침, 미라와 선우는 북한산 입구에서 등산화를 단단히 묶었어요.","On Saturday morning, Mira and Sunwoo tightened their hiking boots at the entrance to Bukhansan.","CC BY-NC 4.0"
"ko-the-weekend-hike","s2","ko","Korean","ko-KR","A2","https://melolingua.com/learn-korean/stories/a2/the-weekend-hike","밤새 비가 내려서 돌계단과 솔잎이 검게 젖어 있었어요.","Overnight rain had left the stone steps and pine needles dark and wet.","CC BY-NC 4.0"
"ko-the-weekend-hike","s3","ko","Korean","ko-KR","A2","https://melolingua.com/learn-korean/stories/a2/the-weekend-hike","안내소 직원은 “위쪽 길이 미끄러우니까 오른쪽 길로 가세요”라고 말했어요.","A ranger said, “The upper trail is slippery, so take the path on the right.”","CC BY-NC 4.0"
"ko-the-weekend-hike","s4","ko","Korean","ko-KR","A2","https://melolingua.com/learn-korean/stories/a2/the-weekend-hike","선우는 평소에 가던 길을 보며 “조금만 조심하면 괜찮지 않을까?”라고 물었어요.","Looking toward their usual trail, Sunwoo asked, “Wouldn’t it be fine if we were just careful?”","CC BY-NC 4.0"
"ko-the-weekend-hike","s5","ko","Korean","ko-KR","A2","https://melolingua.com/learn-korean/stories/a2/the-weekend-hike","미라는 젖은 바위를 가리키며 “조금 멀어도 안전한 길로 가는 게 어때?”라고 했어요.","Pointing at the wet rocks, Mira said, “How about taking the safer path, even if it’s a little longer?”","CC BY-NC 4.0"
"ko-the-weekend-hike","s6","ko","Korean","ko-KR","A2","https://melolingua.com/learn-korean/stories/a2/the-weekend-hike","두 사람은 오른쪽 길을 골라서 서두르지 않고 천천히 올라갔어요.","They chose the right-hand trail and climbed without rushing.","CC BY-NC 4.0"
"ko-the-weekend-hike","s7","ko","Korean","ko-KR","A2","https://melolingua.com/learn-korean/stories/a2/the-weekend-hike","낮은 전망대에 도착하자 구름 사이로 서울의 지붕들이 보였어요.","At a low lookout, Seoul’s rooftops appeared between the clouds.","CC BY-NC 4.0"
"ko-the-weekend-hike","s8","ko","Korean","ko-KR","A2","https://melolingua.com/learn-korean/stories/a2/the-weekend-hike","선우는 보리차를 따르며 “천천히 오니까 이런 곳도 보네”라고 웃었어요.","Pouring barley tea, Sunwoo laughed. “Coming slowly means we get to see a place like this.”","CC BY-NC 4.0"
"ru-a-snowy-walk","s1","ru","Russian","ru-RU","A1","https://melolingua.com/learn-russian/stories/a1/a-snowy-walk","Утром Лена идёт на работу по тихой улице Екатеринбурга. Холодный воздух пахнет совсем свежим снегом.","In the morning, Lena walks to work along a quiet street in Yekaterinburg. The cold air smells of brand-new snow.","CC BY-NC 4.0"
"ru-a-snowy-walk","s2","ru","Russian","ru-RU","A1","https://melolingua.com/learn-russian/stories/a1/a-snowy-walk","На свежем снегу лежит маленькая красная варежка.","A small red mitten lies on the fresh snow.","CC BY-NC 4.0"
"ru-a-snowy-walk","s3","ru","Russian","ru-RU","A1","https://melolingua.com/learn-russian/stories/a1/a-snowy-walk","Рядом видны детские следы, которые ведут к трамвайной остановке.","Nearby, a child’s footprints lead toward the tram stop.","CC BY-NC 4.0"
"ru-a-snowy-walk","s4","ru","Russian","ru-RU","A1","https://melolingua.com/learn-russian/stories/a1/a-snowy-walk","Лена берёт варежку и слышит впереди звон трамвая.","Lena picks up the mitten and hears a tram bell ahead.","CC BY-NC 4.0"
"ru-a-snowy-walk","s5","ru","Russian","ru-RU","A1","https://melolingua.com/learn-russian/stories/a1/a-snowy-walk","У остановки отец надевает ребёнку только одну варежку.","At the stop, a father is putting only one mitten on his child.","CC BY-NC 4.0"
"ru-a-snowy-walk","s6","ru","Russian","ru-RU","A1","https://melolingua.com/learn-russian/stories/a1/a-snowy-walk","Лена спрашивает: «Извините, это ваша варежка?»","Lena asks, “Excuse me, is this your mitten?”","CC BY-NC 4.0"
"ru-a-snowy-walk","s7","ru","Russian","ru-RU","A1","https://melolingua.com/learn-russian/stories/a1/a-snowy-walk","Отец улыбается: «Да, спасибо! Мы её искали».","The father smiles. “Yes, thank you! We were looking for it.”","CC BY-NC 4.0"
"ru-lunch-at-the-dacha","s1","ru","Russian","ru-RU","A1","https://melolingua.com/learn-russian/stories/a1/lunch-at-the-dacha","В воскресенье Лена и Миша готовят обед на даче под Тулой.","On Sunday, Lena and Misha prepare lunch at their dacha outside Tula.","CC BY-NC 4.0"
"ru-lunch-at-the-dacha","s2","ru","Russian","ru-RU","A1","https://melolingua.com/learn-russian/stories/a1/lunch-at-the-dacha","На деревянном столе лежат тёплые помидоры, огурцы и свежий укроп.","Sun-warmed tomatoes, cucumbers, and fresh dill lie on the wooden table.","CC BY-NC 4.0"
"ru-lunch-at-the-dacha","s3","ru","Russian","ru-RU","A1","https://melolingua.com/learn-russian/stories/a1/lunch-at-the-dacha","Лена режет салат, а Миша открывает шкаф и находит пустую банку.","Lena chops the salad while Misha opens the cupboard and finds an empty jar.","CC BY-NC 4.0"
"ru-lunch-at-the-dacha","s4","ru","Russian","ru-RU","A1","https://melolingua.com/learn-russian/stories/a1/lunch-at-the-dacha","«У нас нет соли», — говорит он.","“We don’t have any salt,” he says.","CC BY-NC 4.0"
"ru-lunch-at-the-dacha","s5","ru","Russian","ru-RU","A1","https://melolingua.com/learn-russian/stories/a1/lunch-at-the-dacha","Лена идёт к соседке Вере: «Можно немного соли для салата?»","Lena goes to their neighbor Vera. “Could we have a little salt for the salad?”","CC BY-NC 4.0"
"ru-lunch-at-the-dacha","s6","ru","Russian","ru-RU","A1","https://melolingua.com/learn-russian/stories/a1/lunch-at-the-dacha","Вера отвечает: «Конечно. Я сейчас принесу. А вам нужны ещё яблоки?»","Vera answers, “Of course. I’ll bring some now. Do you need more apples too?”","CC BY-NC 4.0"
"ru-lunch-at-the-dacha","s7","ru","Russian","ru-RU","A1","https://melolingua.com/learn-russian/stories/a1/lunch-at-the-dacha","Лена возвращается с солью и тремя зелёными яблоками, а калитка тихо скрипит.","Lena returns with salt and three green apples as the garden gate creaks softly.","CC BY-NC 4.0"
"ru-morning-at-the-bakery","s1","ru","Russian","ru-RU","A1","https://melolingua.com/learn-russian/stories/a1/morning-at-the-bakery","В субботу утром Анна заходит в маленькую пекарню на Васильевском острове.","On Saturday morning, Anna steps into a small bakery on Vasilyevsky Island.","CC BY-NC 4.0"
"ru-morning-at-the-bakery","s2","ru","Russian","ru-RU","A1","https://melolingua.com/learn-russian/stories/a1/morning-at-the-bakery","Внутри пахнет ржаным хлебом и корицей, а окна запотели от тепла.","Inside, the air smells of rye bread and cinnamon, and the windows are fogged with warmth.","CC BY-NC 4.0"
"ru-morning-at-the-bakery","s3","ru","Russian","ru-RU","A1","https://melolingua.com/learn-russian/stories/a1/morning-at-the-bakery","Покупатель перед Анной берёт последнюю булочку с корицей.","The customer ahead of Anna takes the last cinnamon bun.","CC BY-NC 4.0"
"ru-morning-at-the-bakery","s4","ru","Russian","ru-RU","A1","https://melolingua.com/learn-russian/stories/a1/morning-at-the-bakery","Анна вздыхает и спрашивает продавщицу: «А что ещё тёплое есть?»","Anna sighs and asks the clerk, “What else do you have that’s warm?”","CC BY-NC 4.0"
"ru-morning-at-the-bakery","s5","ru","Russian","ru-RU","A1","https://melolingua.com/learn-russian/stories/a1/morning-at-the-bakery","«Один пирожок с яблоком и чай, пожалуйста».","“One apple pastry and tea, please.”","CC BY-NC 4.0"
"ru-morning-at-the-bakery","s6","ru","Russian","ru-RU","A1","https://melolingua.com/learn-russian/stories/a1/morning-at-the-bakery","Продавщица кладёт горячий пирожок на синюю тарелку.","The clerk places the hot pastry on a blue plate.","CC BY-NC 4.0"
"ru-morning-at-the-bakery","s7","ru","Russian","ru-RU","A1","https://melolingua.com/learn-russian/stories/a1/morning-at-the-bakery","Анна садится у окна, слышит хруст теста и улыбается: новый выбор ей нравится.","Anna sits by the window, hears the pastry crackle, and smiles: she likes her new choice.","CC BY-NC 4.0"
"ru-the-metro-ticket","s1","ru","Russian","ru-RU","A1","https://melolingua.com/learn-russian/stories/a1/the-metro-ticket","Мария выходит с Ленинградского вокзала с маленьким чемоданом.","Maria leaves Leningradsky Station with a small suitcase.","CC BY-NC 4.0"
"ru-the-metro-ticket","s2","ru","Russian","ru-RU","A1","https://melolingua.com/learn-russian/stories/a1/the-metro-ticket","У входа в метро громко звучат объявления, и люди спешат к турникетам.","Announcements echo at the metro entrance as people hurry toward the gates.","CC BY-NC 4.0"
"ru-the-metro-ticket","s3","ru","Russian","ru-RU","A1","https://melolingua.com/learn-russian/stories/a1/the-metro-ticket","На экране автомата Мария видит много разных билетов.","On the machine’s screen, Maria sees many different tickets.","CC BY-NC 4.0"
"ru-the-metro-ticket","s4","ru","Russian","ru-RU","A1","https://melolingua.com/learn-russian/stories/a1/the-metro-ticket","Она подходит к сотруднику: «Подскажите, пожалуйста, где купить карту?»","She approaches an employee. “Could you tell me where to buy a card, please?”","CC BY-NC 4.0"
"ru-the-metro-ticket","s5","ru","Russian","ru-RU","A1","https://melolingua.com/learn-russian/stories/a1/the-metro-ticket","Сотрудник показывает на соседний автомат: «Вот здесь. Нажмите синюю кнопку».","The employee points to the next machine. “Right here. Press the blue button.”","CC BY-NC 4.0"
"ru-the-metro-ticket","s6","ru","Russian","ru-RU","A1","https://melolingua.com/learn-russian/stories/a1/the-metro-ticket","Мария уточняет: «Этот автомат принимает банковские карты?»","Maria checks, “Does this machine accept bank cards?”","CC BY-NC 4.0"
"ru-the-metro-ticket","s7","ru","Russian","ru-RU","A1","https://melolingua.com/learn-russian/stories/a1/the-metro-ticket","Через минуту новая карта лежит у неё в ладони, и турникет открывается.","A minute later, the new card rests in her palm and the gate opens.","CC BY-NC 4.0"
"ru-the-new-neighbor","s1","ru","Russian","ru-RU","A1","https://melolingua.com/learn-russian/stories/a1/the-new-neighbor","Вечером Павел поднимается на третий этаж с двумя сумками и горшком базилика.","In the evening, Pavel climbs to the third floor with two bags and a pot of basil.","CC BY-NC 4.0"
"ru-the-new-neighbor","s2","ru","Russian","ru-RU","A1","https://melolingua.com/learn-russian/stories/a1/the-new-neighbor","Он вставляет ключ в дверь новой квартиры, но ключ не поворачивается.","He puts the key into his new apartment door, but it will not turn.","CC BY-NC 4.0"
"ru-the-new-neighbor","s3","ru","Russian","ru-RU","A1","https://melolingua.com/learn-russian/stories/a1/the-new-neighbor","Из соседней двери выходит Ольга, и Павел говорит: «Здравствуйте. Я ваш новый сосед».","Olga steps out of the next apartment, and Pavel says, “Hello. I’m your new neighbor.”","CC BY-NC 4.0"
"ru-the-new-neighbor","s4","ru","Russian","ru-RU","A1","https://melolingua.com/learn-russian/stories/a1/the-new-neighbor","«У меня не открывается дверь. Здесь есть секрет?»","“My door won’t open. Is there a trick to it?”","CC BY-NC 4.0"
"ru-the-new-neighbor","s5","ru","Russian","ru-RU","A1","https://melolingua.com/learn-russian/stories/a1/the-new-neighbor","Ольга улыбается: «Нужно немного поднять ручку. Давайте попробуем вместе».","Olga smiles. “You need to lift the handle a little. Let’s try together.”","CC BY-NC 4.0"
"ru-the-new-neighbor","s6","ru","Russian","ru-RU","A1","https://melolingua.com/learn-russian/stories/a1/the-new-neighbor","Дверь открывается, и по лестнице сразу пахнет свежим базиликом.","The door opens, and the stairwell suddenly smells of fresh basil.","CC BY-NC 4.0"
"ru-the-new-neighbor","s7","ru","Russian","ru-RU","A1","https://melolingua.com/learn-russian/stories/a1/the-new-neighbor","Павел обещает после переезда зайти к Ольге на чай.","Pavel promises to stop by for tea once he has unpacked.","CC BY-NC 4.0"
"ru-the-birthday-phone-call","s1","ru","Russian","ru-RU","A2","https://melolingua.com/learn-russian/stories/a2/the-birthday-phone-call","В день рождения Ольга вернулась в свою квартиру в Екатеринбурге позже обычного.","On her birthday, Olga returned to her apartment in Yekaterinburg later than usual.","CC BY-NC 4.0"
"ru-the-birthday-phone-call","s2","ru","Russian","ru-RU","A2","https://melolingua.com/learn-russian/stories/a2/the-birthday-phone-call","Она поставила чайник и достала из холодильника маленький кусок медовика. В квартире было совсем тихо и пусто.","She put the kettle on and took a small slice of honey cake from the fridge. The apartment was completely quiet and empty.","CC BY-NC 4.0"
"ru-the-birthday-phone-call","s3","ru","Russian","ru-RU","A2","https://melolingua.com/learn-russian/stories/a2/the-birthday-phone-call","Ольга как раз собиралась звонить маме, когда первой зазвонил её телефон.","Olga was just about to call her mother when her own phone rang first.","CC BY-NC 4.0"
"ru-the-birthday-phone-call","s4","ru","Russian","ru-RU","A2","https://melolingua.com/learn-russian/stories/a2/the-birthday-phone-call","На экране появилось лицо брата, а за ним сразу несколько знакомых голосов.","Her brother’s face appeared on the screen, followed by several familiar voices at once.","CC BY-NC 4.0"
"ru-the-birthday-phone-call","s5","ru","Russian","ru-RU","A2","https://melolingua.com/learn-russian/stories/a2/the-birthday-phone-call","Брат отодвинул телефон, и Ольга увидела маму, тётю и двух двоюродных сестёр.","Her brother moved the phone back, and Olga saw her mother, aunt, and two cousins.","CC BY-NC 4.0"
"ru-the-birthday-phone-call","s6","ru","Russian","ru-RU","A2","https://melolingua.com/learn-russian/stories/a2/the-birthday-phone-call","«Мы все собрались у мамы, чтобы поздравить тебя вместе», — объяснил он.","“We all gathered at Mom’s so we could wish you happy birthday together,” he explained.","CC BY-NC 4.0"
"ru-the-birthday-phone-call","s7","ru","Russian","ru-RU","A2","https://melolingua.com/learn-russian/stories/a2/the-birthday-phone-call","Ольга засмеялась: «Подождите, я тоже зажгу свечу, и тогда начинайте».","Olga laughed. “Wait, I’ll light a candle too, and then you can begin.”","CC BY-NC 4.0"
"ru-the-birthday-phone-call","s8","ru","Russian","ru-RU","A2","https://melolingua.com/learn-russian/stories/a2/the-birthday-phone-call","Через минуту один огонёк дрожал перед камерой, а вся семья пела немного не в такт.","A minute later, one flame flickered before the camera while the whole family sang slightly out of time.","CC BY-NC 4.0"
"ru-the-cat-in-the-courtyard","s1","ru","Russian","ru-RU","A2","https://melolingua.com/learn-russian/stories/a2/the-cat-in-the-courtyard","Во дворе казанского дома жил рыжий кот Барсик, которого знали все соседи.","An orange cat named Barsik lived in the courtyard of a Kazan apartment building, and every neighbor knew him.","CC BY-NC 4.0"
"ru-the-cat-in-the-courtyard","s2","ru","Russian","ru-RU","A2","https://melolingua.com/learn-russian/stories/a2/the-cat-in-the-courtyard","Обычно он ждал завтрака у подъезда рядом с велосипедами, но во вторник его миска осталась полной.","He usually waited for breakfast beside the bicycles at the entrance, but on Tuesday his bowl remained full.","CC BY-NC 4.0"
"ru-the-cat-in-the-courtyard","s3","ru","Russian","ru-RU","A2","https://melolingua.com/learn-russian/stories/a2/the-cat-in-the-courtyard","Саша спросил соседей, когда они видели Барсика в последний раз.","Sasha asked the neighbors when they had last seen Barsik.","CC BY-NC 4.0"
"ru-the-cat-in-the-courtyard","s4","ru","Russian","ru-RU","A2","https://melolingua.com/learn-russian/stories/a2/the-cat-in-the-courtyard","Галина слышала тихий звон его ошейника под ступеньками, а Тимур заметил следы у подвальной решётки.","Galina had heard the faint bell on his collar beneath the steps, while Timur had noticed tracks by the basement grille.","CC BY-NC 4.0"
"ru-the-cat-in-the-courtyard","s5","ru","Russian","ru-RU","A2","https://melolingua.com/learn-russian/stories/a2/the-cat-in-the-courtyard","Дворник открыл решётку, и из темноты пахнуло пылью и сырой землёй.","The caretaker opened the grille, and the dark space breathed out dust and damp earth.","CC BY-NC 4.0"
"ru-the-cat-in-the-courtyard","s6","ru","Russian","ru-RU","A2","https://melolingua.com/learn-russian/stories/a2/the-cat-in-the-courtyard","Саша позвал кота, но в ответ услышал только короткое мяуканье.","Sasha called the cat, but only a short meow answered.","CC BY-NC 4.0"
"ru-the-cat-in-the-courtyard","s7","ru","Russian","ru-RU","A2","https://melolingua.com/learn-russian/stories/a2/the-cat-in-the-courtyard","Барсик вышел только тогда, когда Галина постучала ложкой по металлической миске.","Barsik came out only when Galina tapped a spoon against the metal bowl.","CC BY-NC 4.0"
"ru-the-cat-in-the-courtyard","s8","ru","Russian","ru-RU","A2","https://melolingua.com/learn-russian/stories/a2/the-cat-in-the-courtyard","На следующее утро кот снова сидел у подъезда, а рядом лежала записка: «Решётку закрывайте осторожно».","The next morning, the cat was back by the entrance beside a note: “Please close the grille carefully.”","CC BY-NC 4.0"
"ru-the-forgotten-gloves","s1","ru","Russian","ru-RU","A2","https://melolingua.com/learn-russian/stories/a2/the-forgotten-gloves","После работы Нина вышла из трамвая на Невском проспекте и сразу спрятала руки в карманы.","After work, Nina stepped off the tram on Nevsky Prospekt and immediately tucked her hands into her pockets.","CC BY-NC 4.0"
"ru-the-forgotten-gloves","s2","ru","Russian","ru-RU","A2","https://melolingua.com/learn-russian/stories/a2/the-forgotten-gloves","Правый карман был пуст: серых шерстяных перчаток нигде не было.","The right pocket was empty; her gray wool gloves were nowhere to be found.","CC BY-NC 4.0"
"ru-the-forgotten-gloves","s3","ru","Russian","ru-RU","A2","https://melolingua.com/learn-russian/stories/a2/the-forgotten-gloves","Нина вспомнила, что до трамвая заходила в кафе и снимала перчатки у стойки.","Nina remembered that before the tram she had stopped at a café and taken off her gloves at the counter.","CC BY-NC 4.0"
"ru-the-forgotten-gloves","s4","ru","Russian","ru-RU","A2","https://melolingua.com/learn-russian/stories/a2/the-forgotten-gloves","Сначала она ехала обратно две остановки, потом шла по мокрому тротуару к кафе.","First she rode back two stops, then walked along the wet pavement to the café.","CC BY-NC 4.0"
"ru-the-forgotten-gloves","s5","ru","Russian","ru-RU","A2","https://melolingua.com/learn-russian/stories/a2/the-forgotten-gloves","По дороге Нина нашла в кармане чек, который всё ещё пах корицей.","On the way, Nina found a receipt in her pocket that still smelled of cinnamon.","CC BY-NC 4.0"
"ru-the-forgotten-gloves","s6","ru","Russian","ru-RU","A2","https://melolingua.com/learn-russian/stories/a2/the-forgotten-gloves","У стойки она спросила: «Кажется, я оставила здесь перчатки. Вы ничего не находили?»","At the counter she asked, “I think I left my gloves here. Did you happen to find anything?”","CC BY-NC 4.0"
"ru-the-forgotten-gloves","s7","ru","Russian","ru-RU","A2","https://melolingua.com/learn-russian/stories/a2/the-forgotten-gloves","Бариста достала серую пару из ящика: «Я как раз собиралась отнести их в бюро находок — рядом лежал ваш чек».","The barista took a gray pair from a drawer. “I was just about to take them to lost property—your receipt was beside them.”","CC BY-NC 4.0"
"ru-the-forgotten-gloves","s8","ru","Russian","ru-RU","A2","https://melolingua.com/learn-russian/stories/a2/the-forgotten-gloves","На улице Нина надела ещё влажные перчатки и крепче взялась за холодный поручень трамвая.","Outside, Nina pulled on the still-damp gloves and held the cold tram rail more firmly.","CC BY-NC 4.0"
"ru-the-note-at-the-museum","s1","ru","Russian","ru-RU","A2","https://melolingua.com/learn-russian/stories/a2/the-note-at-the-museum","В субботу Денис и Ира пришли на выставку рядом с Парком Горького.","On Saturday, Denis and Ira came to an exhibition beside Gorky Park.","CC BY-NC 4.0"
"ru-the-note-at-the-museum","s2","ru","Russian","ru-RU","A2","https://melolingua.com/learn-russian/stories/a2/the-note-at-the-museum","У первой инсталляции собралась толпа, и друзья потеряли друг друга из виду.","A crowd gathered around the first installation, and the friends lost sight of each other.","CC BY-NC 4.0"
"ru-the-note-at-the-museum","s3","ru","Russian","ru-RU","A2","https://melolingua.com/learn-russian/stories/a2/the-note-at-the-museum","Телефон Дениса не ловил сеть, поэтому он вернулся к стойке с бесплатными планами музея.","Denis had no phone signal, so he returned to the stand with free gallery maps.","CC BY-NC 4.0"
"ru-the-note-at-the-museum","s4","ru","Russian","ru-RU","A2","https://melolingua.com/learn-russian/stories/a2/the-note-at-the-museum","К одному плану была прикреплена записка: «Сначала пройди до конца зала».","A note was clipped to one map: “First, walk to the end of the gallery.”","CC BY-NC 4.0"
"ru-the-note-at-the-museum","s5","ru","Russian","ru-RU","A2","https://melolingua.com/learn-russian/stories/a2/the-note-at-the-museum","Ниже Ира написала: «Потом поверни направо у синей стены. Я буду ждать у большого окна».","Below it, Ira had written: “Then turn right at the blue wall. I’ll wait by the big window.”","CC BY-NC 4.0"
"ru-the-note-at-the-museum","s6","ru","Russian","ru-RU","A2","https://melolingua.com/learn-russian/stories/a2/the-note-at-the-museum","Денис прошёл мимо трёх тёмных залов и нашёл синюю перегородку.","Denis passed three dark galleries and found the blue partition.","CC BY-NC 4.0"
"ru-the-note-at-the-museum","s7","ru","Russian","ru-RU","A2","https://melolingua.com/learn-russian/stories/a2/the-note-at-the-museum","У окна Ира смотрела на поздний свет над парком и держала два бумажных стакана.","By the window, Ira watched the late light over the park, holding two paper cups.","CC BY-NC 4.0"
"ru-the-note-at-the-museum","s8","ru","Russian","ru-RU","A2","https://melolingua.com/learn-russian/stories/a2/the-note-at-the-museum","«Я знала, что ты заметишь записку», — сказала она и протянула ему кофе.","“I knew you’d notice the note,” she said, handing him a coffee.","CC BY-NC 4.0"
"ru-the-weekend-train","s1","ru","Russian","ru-RU","A2","https://melolingua.com/learn-russian/stories/a2/the-weekend-train","В субботу утром Миша сел на поезд из Москвы в Ярославль и нашёл двенадцатое место у окна.","On Saturday morning, Misha boarded a train from Moscow to Yaroslavl and found seat twelve by the window.","CC BY-NC 4.0"
"ru-the-weekend-train","s2","ru","Russian","ru-RU","A2","https://melolingua.com/learn-russian/stories/a2/the-weekend-train","Он убрал мокрый зонт наверх и открыл книгу с загнутыми уголками страниц.","He put his wet umbrella overhead and opened a book with dog-eared pages.","CC BY-NC 4.0"
"ru-the-weekend-train","s3","ru","Russian","ru-RU","A2","https://melolingua.com/learn-russian/stories/a2/the-weekend-train","Через минуту подошла девушка и показала билет: «Кажется, у нас одно и то же место».","A minute later, a young woman arrived and showed her ticket. “It looks like we have the same seat.”","CC BY-NC 4.0"
"ru-the-weekend-train","s4","ru","Russian","ru-RU","A2","https://melolingua.com/learn-russian/stories/a2/the-weekend-train","Они сравнили номера: место было одинаковым, но на билетах стояли разные вагоны.","They compared the numbers: the seat was the same, but the tickets listed different carriages.","CC BY-NC 4.0"
"ru-the-weekend-train","s5","ru","Russian","ru-RU","A2","https://melolingua.com/learn-russian/stories/a2/the-weekend-train","Миша посмотрел на табличку у двери и вздохнул: «Я вошёл не в тот вагон».","Misha looked at the sign by the door and sighed. “I got into the wrong carriage.”","CC BY-NC 4.0"
"ru-the-weekend-train","s6","ru","Russian","ru-RU","A2","https://melolingua.com/learn-russian/stories/a2/the-weekend-train","Перед уходом он заметил у девушки книгу, которую только что открыл сам.","Before leaving, he noticed that the woman had the same book he had just opened.","CC BY-NC 4.0"
"ru-the-weekend-train","s7","ru","Russian","ru-RU","A2","https://melolingua.com/learn-russian/stories/a2/the-weekend-train","«Вы тоже её читаете?» — спросил Миша, и девушка показала закладку почти на той же странице.","“Are you reading it too?” Misha asked, and she showed him a bookmark almost at the same page.","CC BY-NC 4.0"
"ru-the-weekend-train","s8","ru","Russian","ru-RU","A2","https://melolingua.com/learn-russian/stories/a2/the-weekend-train","Они договорились встретиться за кофе на вокзале в Ярославле и разошлись по своим вагонам.","They agreed to meet for coffee at the station in Yaroslavl, then went to their separate carriages.","CC BY-NC 4.0"
