"story_id","vocabulary_id","language_code","cefr_level","sentence_id","surface","lemma","translation","part_of_speech","details","canonical_url","license"
"de-auf-dem-weihnachtsmarkt","v1","de","A1","s1","der Weihnachtsmarkt","der Weihnachtsmarkt","Christmas market","phrase","","https://melolingua.com/learn-german/a1-stories/auf-dem-weihnachtsmarkt","CC BY-NC 4.0"
"de-auf-dem-weihnachtsmarkt","v2","de","A1","s5","der Glühwein","der Glühwein","mulled wine","phrase","","https://melolingua.com/learn-german/a1-stories/auf-dem-weihnachtsmarkt","CC BY-NC 4.0"
"de-auf-dem-weihnachtsmarkt","v3","de","A1","s2","die Musik","die Musik","music","phrase","","https://melolingua.com/learn-german/a1-stories/auf-dem-weihnachtsmarkt","CC BY-NC 4.0"
"de-auf-dem-weihnachtsmarkt","v4","de","A1","s6","der Holzstern","der Holzstern","wooden star","phrase","","https://melolingua.com/learn-german/a1-stories/auf-dem-weihnachtsmarkt","CC BY-NC 4.0"
"de-auf-dem-weihnachtsmarkt","v5","de","A1","s7","der Lebkuchen","der Lebkuchen","gingerbread","phrase","","https://melolingua.com/learn-german/a1-stories/auf-dem-weihnachtsmarkt","CC BY-NC 4.0"
"de-auf-dem-weihnachtsmarkt","v6","de","A1","s8","die Weihnachtszeit","die Weihnachtszeit","Christmas season","phrase","","https://melolingua.com/learn-german/a1-stories/auf-dem-weihnachtsmarkt","CC BY-NC 4.0"
"de-das-fruehstueck","v1","de","A1","s2","die Küche","die Küche","the kitchen","phrase","","https://melolingua.com/learn-german/a1-stories/das-fruehstueck","CC BY-NC 4.0"
"de-das-fruehstueck","v2","de","A1","s3","das Fenster","das Fenster","the window","phrase","","https://melolingua.com/learn-german/a1-stories/das-fruehstueck","CC BY-NC 4.0"
"de-das-fruehstueck","v3","de","A1","s6","das Brötchen","das Brötchen","the bread roll","phrase","","https://melolingua.com/learn-german/a1-stories/das-fruehstueck","CC BY-NC 4.0"
"de-das-fruehstueck","v4","de","A1","s7","die Bäckerei","die Bäckerei","the bakery","phrase","","https://melolingua.com/learn-german/a1-stories/das-fruehstueck","CC BY-NC 4.0"
"de-das-fruehstueck","v5","de","A1","s8","die Arbeit","die Arbeit","work","phrase","","https://melolingua.com/learn-german/a1-stories/das-fruehstueck","CC BY-NC 4.0"
"de-der-regentag-in-berlin","v1","de","A1","s2","der Regen","der Regen","rain","noun","","https://melolingua.com/learn-german/a1-stories/der-regentag-in-berlin","CC BY-NC 4.0"
"de-der-regentag-in-berlin","v2","de","A1","s3","das Museum","das Museum","museum","noun","","https://melolingua.com/learn-german/a1-stories/der-regentag-in-berlin","CC BY-NC 4.0"
"de-der-regentag-in-berlin","v3","de","A1","s2","der Schirm","der Schirm","umbrella","noun","","https://melolingua.com/learn-german/a1-stories/der-regentag-in-berlin","CC BY-NC 4.0"
"de-der-supermarkt-am-samstag","v1","de","A1","s3","Kassenbon","Kassenbon","receipt","noun","","https://melolingua.com/learn-german/a1-stories/der-supermarkt-am-samstag","CC BY-NC 4.0"
"de-der-supermarkt-am-samstag","v2","de","A1","s4","Stoffbeutel","Stoffbeutel","fabric shopping bag","noun","","https://melolingua.com/learn-german/a1-stories/der-supermarkt-am-samstag","CC BY-NC 4.0"
"de-der-supermarkt-am-samstag","v3","de","A1","s3","Kassiererin","Kassiererin","cashier (female)","noun","","https://melolingua.com/learn-german/a1-stories/der-supermarkt-am-samstag","CC BY-NC 4.0"
"de-der-supermarkt-am-samstag","v4","de","A1","s1","Regalen","Regalen","shelves","noun","","https://melolingua.com/learn-german/a1-stories/der-supermarkt-am-samstag","CC BY-NC 4.0"
"de-der-supermarkt-am-samstag","v5","de","A1","s2","geduldig","geduldig","patiently","vocabulary","","https://melolingua.com/learn-german/a1-stories/der-supermarkt-am-samstag","CC BY-NC 4.0"
"de-ein-besuch-beim-bauern","v1","de","A1","s3","die Kuh","die Kuh","cow","noun","","https://melolingua.com/learn-german/a1-stories/ein-besuch-beim-bauern","CC BY-NC 4.0"
"de-ein-besuch-beim-bauern","v2","de","A1","s1","der Bauer","der Bauer","farmer","noun","","https://melolingua.com/learn-german/a1-stories/ein-besuch-beim-bauern","CC BY-NC 4.0"
"de-ein-besuch-beim-bauern","v3","de","A1","s2","die Milch","die Milch","milk","noun","","https://melolingua.com/learn-german/a1-stories/ein-besuch-beim-bauern","CC BY-NC 4.0"
"de-ein-besuch-beim-bauern","v4","de","A1","s1","der Stand","der Stand","stand (market stall)","noun","","https://melolingua.com/learn-german/a1-stories/ein-besuch-beim-bauern","CC BY-NC 4.0"
"de-ein-tag-im-schwarzwald","v1","de","A1","s1","wandern","wandern","to hike","verb","","https://melolingua.com/learn-german/a1-stories/ein-tag-im-schwarzwald","CC BY-NC 4.0"
"de-ein-tag-im-schwarzwald","v2","de","A1","s2","der Wald","der Wald","the forest","phrase","","https://melolingua.com/learn-german/a1-stories/ein-tag-im-schwarzwald","CC BY-NC 4.0"
"de-ein-tag-im-schwarzwald","v3","de","A1","s2","der Weg","der Weg","the path","phrase","","https://melolingua.com/learn-german/a1-stories/ein-tag-im-schwarzwald","CC BY-NC 4.0"
"de-ein-tag-im-schwarzwald","v4","de","A1","s4","der See","der See","the lake","phrase","","https://melolingua.com/learn-german/a1-stories/ein-tag-im-schwarzwald","CC BY-NC 4.0"
"de-ein-tag-im-schwarzwald","v5","de","A1","s7","die Natur","die Natur","nature","phrase","","https://melolingua.com/learn-german/a1-stories/ein-tag-im-schwarzwald","CC BY-NC 4.0"
"de-ein-tag-im-schwarzwald","v6","de","A1","s8","das Gasthaus","das Gasthaus","guesthouse / inn","phrase","","https://melolingua.com/learn-german/a1-stories/ein-tag-im-schwarzwald","CC BY-NC 4.0"
"de-das-team-meeting-am-montag","v1","de","A2","s6","Bericht","Bericht","report; briefing","phrase","","https://melolingua.com/learn-german/a2-stories/das-team-meeting-am-montag","CC BY-NC 4.0"
"de-das-team-meeting-am-montag","v2","de","A2","s3","Fachwortschwall","Fachwortschwall","overload of jargon","noun","","https://melolingua.com/learn-german/a2-stories/das-team-meeting-am-montag","CC BY-NC 4.0"
"de-das-team-meeting-am-montag","v3","de","A2","s3","Lieferproblems","Lieferproblems","delivery issue","noun","","https://melolingua.com/learn-german/a2-stories/das-team-meeting-am-montag","CC BY-NC 4.0"
"de-das-team-meeting-am-montag","v4","de","A2","s4","Budget","Budget","budget","noun","","https://melolingua.com/learn-german/a2-stories/das-team-meeting-am-montag","CC BY-NC 4.0"
"de-das-team-meeting-am-montag","v5","de","A2","s6","Verantwortlichen","Verantwortlichen","(here) people responsible","noun","","https://melolingua.com/learn-german/a2-stories/das-team-meeting-am-montag","CC BY-NC 4.0"
"de-das-team-meeting-am-montag","v6","de","A2","s6","Deadline","Deadline","deadline","noun","","https://melolingua.com/learn-german/a2-stories/das-team-meeting-am-montag","CC BY-NC 4.0"
"de-der-baecker-an-der-ecke","v1","de","A2","s2","Brötchen","Brötchen","bread rolls; buns","phrase","","https://melolingua.com/learn-german/a2-stories/der-baecker-an-der-ecke","CC BY-NC 4.0"
"de-der-baecker-an-der-ecke","v2","de","A2","s3","Roggenbrot","Roggenbrot","rye bread","noun","","https://melolingua.com/learn-german/a2-stories/der-baecker-an-der-ecke","CC BY-NC 4.0"
"de-der-baecker-an-der-ecke","v3","de","A2","s5","Kruste","Kruste","crust","noun","","https://melolingua.com/learn-german/a2-stories/der-baecker-an-der-ecke","CC BY-NC 4.0"
"de-der-baecker-an-der-ecke","v4","de","A2","s5","bewusst","bewusst","deliberately; on purpose","phrase","","https://melolingua.com/learn-german/a2-stories/der-baecker-an-der-ecke","CC BY-NC 4.0"
"de-der-baecker-an-der-ecke","v5","de","A2","s2","Verkäuferin","Verkäuferin","sales assistant (female)","noun","","https://melolingua.com/learn-german/a2-stories/der-baecker-an-der-ecke","CC BY-NC 4.0"
"de-der-baecker-an-der-ecke","v6","de","A2","s4","Tüte","Tüte","(paper) bag","noun","","https://melolingua.com/learn-german/a2-stories/der-baecker-an-der-ecke","CC BY-NC 4.0"
"de-die-neue-kollegin","v1","de","A2","s1","die Agentur","die Agentur","the agency","phrase","","https://melolingua.com/learn-german/a2-stories/die-neue-kollegin","CC BY-NC 4.0"
"de-die-neue-kollegin","v2","de","A2","s2","nervös","nervös","nervous","vocabulary","","https://melolingua.com/learn-german/a2-stories/die-neue-kollegin","CC BY-NC 4.0"
"de-die-neue-kollegin","v3","de","A2","s3","der Schreibtisch","der Schreibtisch","the desk","phrase","","https://melolingua.com/learn-german/a2-stories/die-neue-kollegin","CC BY-NC 4.0"
"de-die-neue-kollegin","v4","de","A2","s6","die Aufgabe","die Aufgabe","the task","phrase","","https://melolingua.com/learn-german/a2-stories/die-neue-kollegin","CC BY-NC 4.0"
"de-die-neue-kollegin","v5","de","A2","s9","der Vorschlag","der Vorschlag","the suggestion","phrase","","https://melolingua.com/learn-german/a2-stories/die-neue-kollegin","CC BY-NC 4.0"
"de-die-neue-kollegin","v6","de","A2","s9","stolz","stolz","proud","vocabulary","","https://melolingua.com/learn-german/a2-stories/die-neue-kollegin","CC BY-NC 4.0"
"de-ein-wochenende-am-see","v1","de","A2","s1","der See","der See","the lake","phrase","","https://melolingua.com/learn-german/a2-stories/ein-wochenende-am-see","CC BY-NC 4.0"
"de-ein-wochenende-am-see","v2","de","A2","s2","die Hütte","die Hütte","the cabin","phrase","","https://melolingua.com/learn-german/a2-stories/ein-wochenende-am-see","CC BY-NC 4.0"
"de-ein-wochenende-am-see","v3","de","A2","s4","sammelten Holz","sammelten Holz","collected wood","phrase","","https://melolingua.com/learn-german/a2-stories/ein-wochenende-am-see","CC BY-NC 4.0"
"de-ein-wochenende-am-see","v4","de","A2","s5","plötzlich","plötzlich","suddenly","vocabulary","","https://melolingua.com/learn-german/a2-stories/ein-wochenende-am-see","CC BY-NC 4.0"
"de-ein-wochenende-am-see","v5","de","A2","s6","zurück","zurück","back","vocabulary","","https://melolingua.com/learn-german/a2-stories/ein-wochenende-am-see","CC BY-NC 4.0"
"de-ein-wochenende-am-see","v6","de","A2","s9","der Nebel","der Nebel","the fog","phrase","","https://melolingua.com/learn-german/a2-stories/ein-wochenende-am-see","CC BY-NC 4.0"
"de-morgens-in-der-baeckerei","v1","de","A2","s1","Brötchen","Brötchen","bread roll","noun","","https://melolingua.com/learn-german/a2-stories/morgens-in-der-baeckerei","CC BY-NC 4.0"
"de-morgens-in-der-baeckerei","v2","de","A2","s2","Verkäuferin","Verkäuferin","saleswoman","noun","","https://melolingua.com/learn-german/a2-stories/morgens-in-der-baeckerei","CC BY-NC 4.0"
"de-morgens-in-der-baeckerei","v3","de","A2","s3","Roggenbrot","Roggenbrot","rye bread","noun","","https://melolingua.com/learn-german/a2-stories/morgens-in-der-baeckerei","CC BY-NC 4.0"
"de-morgens-in-der-baeckerei","v4","de","A2","s3","Papiertüte","Papiertüte","paper bag","noun","","https://melolingua.com/learn-german/a2-stories/morgens-in-der-baeckerei","CC BY-NC 4.0"
"de-morgens-in-der-baeckerei","v5","de","A2","s2","Becher","Becher","cup","noun","","https://melolingua.com/learn-german/a2-stories/morgens-in-der-baeckerei","CC BY-NC 4.0"
"de-morgens-in-der-baeckerei","v6","de","A2","s1","Bäckerei","Bäckerei","bakery","noun","","https://melolingua.com/learn-german/a2-stories/morgens-in-der-baeckerei","CC BY-NC 4.0"
"de-spaete-im-supermarkt","v1","de","A2","s1","Supermarkt","Supermarkt","supermarket","noun","","https://melolingua.com/learn-german/a2-stories/spaete-im-supermarkt","CC BY-NC 4.0"
"de-spaete-im-supermarkt","v2","de","A2","s1","Kühlschrank","Kühlschrank","refrigerator","noun","","https://melolingua.com/learn-german/a2-stories/spaete-im-supermarkt","CC BY-NC 4.0"
"de-spaete-im-supermarkt","v3","de","A2","s2","Joghurt","Joghurt","yogurt","noun","","https://melolingua.com/learn-german/a2-stories/spaete-im-supermarkt","CC BY-NC 4.0"
"de-spaete-im-supermarkt","v4","de","A2","s3","Pfandflasche","Pfandflasche","deposit-return bottle","noun","","https://melolingua.com/learn-german/a2-stories/spaete-im-supermarkt","CC BY-NC 4.0"
"de-spaete-im-supermarkt","v5","de","A2","s4","Kassiererin","Kassiererin","cashier (female)","noun","","https://melolingua.com/learn-german/a2-stories/spaete-im-supermarkt","CC BY-NC 4.0"
"de-spaete-im-supermarkt","v6","de","A2","s4","Pfandbon","Pfandbon","deposit voucher slip","noun","","https://melolingua.com/learn-german/a2-stories/spaete-im-supermarkt","CC BY-NC 4.0"
"de-zugfahrt-nach-muenchen","v1","de","A2","s1","Reservierung","Reservierung","seat reservation","noun","","https://melolingua.com/learn-german/a2-stories/zugfahrt-nach-muenchen","CC BY-NC 4.0"
"de-zugfahrt-nach-muenchen","v2","de","A2","s2","Gleis","Gleis","platform; track","phrase","","https://melolingua.com/learn-german/a2-stories/zugfahrt-nach-muenchen","CC BY-NC 4.0"
"de-zugfahrt-nach-muenchen","v3","de","A2","s2","Durchsage","Durchsage","announcement","noun","","https://melolingua.com/learn-german/a2-stories/zugfahrt-nach-muenchen","CC BY-NC 4.0"
"de-zugfahrt-nach-muenchen","v4","de","A2","s2","Schaffner","Schaffner","conductor; train attendant","phrase","","https://melolingua.com/learn-german/a2-stories/zugfahrt-nach-muenchen","CC BY-NC 4.0"
"de-zugfahrt-nach-muenchen","v5","de","A2","s3","Abteil","Abteil","train compartment","noun","","https://melolingua.com/learn-german/a2-stories/zugfahrt-nach-muenchen","CC BY-NC 4.0"
"de-zugfahrt-nach-muenchen","v6","de","A2","s4","Ausgang","Ausgang","exit","noun","","https://melolingua.com/learn-german/a2-stories/zugfahrt-nach-muenchen","CC BY-NC 4.0"
"de-der-neue-mitbewohner","v1","de","B1","s1","der Mitbewohner","der Mitbewohner","roommate","phrase","","https://melolingua.com/learn-german/b1-stories/der-neue-mitbewohner","CC BY-NC 4.0"
"de-der-neue-mitbewohner","v2","de","B1","s1","die Wohnung","die Wohnung","apartment","phrase","","https://melolingua.com/learn-german/b1-stories/der-neue-mitbewohner","CC BY-NC 4.0"
"de-der-neue-mitbewohner","v3","de","B1","s2","der Koffer","der Koffer","suitcase","phrase","","https://melolingua.com/learn-german/b1-stories/der-neue-mitbewohner","CC BY-NC 4.0"
"de-der-neue-mitbewohner","v4","de","B1","s6","das Zimmer","das Zimmer","room","phrase","","https://melolingua.com/learn-german/b1-stories/der-neue-mitbewohner","CC BY-NC 4.0"
"de-der-neue-mitbewohner","v5","de","B1","s9","zusammen","zusammen","together","vocabulary","","https://melolingua.com/learn-german/b1-stories/der-neue-mitbewohner","CC BY-NC 4.0"
"de-der-neue-mitbewohner","v6","de","B1","s12","die Wohngemeinschaft","die Wohngemeinschaft","shared apartment","phrase","","https://melolingua.com/learn-german/b1-stories/der-neue-mitbewohner","CC BY-NC 4.0"
"de-die-wohnungssuche","v1","de","B1","s5","der Vermieter","der Vermieter","landlord","noun","","https://melolingua.com/learn-german/b1-stories/die-wohnungssuche","CC BY-NC 4.0"
"de-die-wohnungssuche","v2","de","B1","s3","die Besichtigung","die Besichtigung","viewing (of a property)","noun","","https://melolingua.com/learn-german/b1-stories/die-wohnungssuche","CC BY-NC 4.0"
"de-ein-besuch-im-pergamonmuseum","v1","de","B1","s4","Ausstellung","Ausstellung","exhibit; exhibition wing","phrase","","https://melolingua.com/learn-german/b1-stories/ein-besuch-im-pergamonmuseum","CC BY-NC 4.0"
"de-ein-besuch-im-pergamonmuseum","v2","de","B1","s2","Texttafeln","Texttafeln","info panels beside exhibits","noun","","https://melolingua.com/learn-german/b1-stories/ein-besuch-im-pergamonmuseum","CC BY-NC 4.0"
"de-ein-besuch-im-pergamonmuseum","v3","de","B1","s3","Relief","Relief","(art) sculpted raised surface","noun","","https://melolingua.com/learn-german/b1-stories/ein-besuch-im-pergamonmuseum","CC BY-NC 4.0"
"de-ein-besuch-im-pergamonmuseum","v4","de","B1","s4","Restitution","Restitution","(cultural) returns debate","noun","","https://melolingua.com/learn-german/b1-stories/ein-besuch-im-pergamonmuseum","CC BY-NC 4.0"
"de-ein-besuch-im-pergamonmuseum","v5","de","B1","s1","Fußnote","Fußnote","(here) trivia footnote metaphor","noun","","https://melolingua.com/learn-german/b1-stories/ein-besuch-im-pergamonmuseum","CC BY-NC 4.0"
"de-ein-besuch-im-pergamonmuseum","v6","de","B1","s2","zweisprachigen Texttafeln","zweisprachigen Texttafeln","bilingual information panels","phrase","","https://melolingua.com/learn-german/b1-stories/ein-besuch-im-pergamonmuseum","CC BY-NC 4.0"
"de-im-biergarten","v1","de","B1","s1","der Biergarten","der Biergarten","beer garden","phrase","","https://melolingua.com/learn-german/b1-stories/im-biergarten","CC BY-NC 4.0"
"de-im-biergarten","v2","de","B1","s6","die Freunde","die Freunde","friends","phrase","","https://melolingua.com/learn-german/b1-stories/im-biergarten","CC BY-NC 4.0"
"de-im-biergarten","v3","de","B1","s4","die Brezel","die Brezel","pretzel","phrase","","https://melolingua.com/learn-german/b1-stories/im-biergarten","CC BY-NC 4.0"
"de-im-biergarten","v4","de","B1","s4","die Kellnerin","die Kellnerin","waitress","phrase","","https://melolingua.com/learn-german/b1-stories/im-biergarten","CC BY-NC 4.0"
"de-im-biergarten","v5","de","B1","s8","der Urlaub","der Urlaub","vacation","phrase","","https://melolingua.com/learn-german/b1-stories/im-biergarten","CC BY-NC 4.0"
"de-im-biergarten","v6","de","B1","s12","dunkel","dunkel","dark","vocabulary","","https://melolingua.com/learn-german/b1-stories/im-biergarten","CC BY-NC 4.0"
"de-lichtinstallation-im-museum","v1","de","B1","s1","Lichtinstallation","Lichtinstallation","light installation","noun","","https://melolingua.com/learn-german/b1-stories/lichtinstallation-im-museum","CC BY-NC 4.0"
"de-lichtinstallation-im-museum","v2","de","B1","s2","Projektoren","Projektoren","projectors","noun","","https://melolingua.com/learn-german/b1-stories/lichtinstallation-im-museum","CC BY-NC 4.0"
"de-lichtinstallation-im-museum","v3","de","B1","s2","Kuratoren","Kuratoren","curators","noun","","https://melolingua.com/learn-german/b1-stories/lichtinstallation-im-museum","CC BY-NC 4.0"
"de-lichtinstallation-im-museum","v4","de","B1","s5","Klimaanlage","Klimaanlage","air conditioning","noun","","https://melolingua.com/learn-german/b1-stories/lichtinstallation-im-museum","CC BY-NC 4.0"
"de-lichtinstallation-im-museum","v5","de","B1","s4","kitschig","kitschig","kitschy","vocabulary","","https://melolingua.com/learn-german/b1-stories/lichtinstallation-im-museum","CC BY-NC 4.0"
"de-lichtinstallation-im-museum","v6","de","B1","s3","Halle","Halle","hall","noun","","https://melolingua.com/learn-german/b1-stories/lichtinstallation-im-museum","CC BY-NC 4.0"
"de-roadmap-im-team-meeting","v1","de","B1","s1","Reporting","Reporting","(software) reporting module","noun","","https://melolingua.com/learn-german/b1-stories/roadmap-im-team-meeting","CC BY-NC 4.0"
"de-roadmap-im-team-meeting","v2","de","B1","s2","manuelle Tests","manuelle Tests","manual tests","phrase","","https://melolingua.com/learn-german/b1-stories/roadmap-im-team-meeting","CC BY-NC 4.0"
"de-roadmap-im-team-meeting","v3","de","B1","s4","Vertriebsexpertinnen","Vertriebsexpertinnen","sales specialists (f.)","noun","","https://melolingua.com/learn-german/b1-stories/roadmap-im-team-meeting","CC BY-NC 4.0"
"de-roadmap-im-team-meeting","v4","de","B1","s5","Taskboard","Taskboard","task board tool","noun","","https://melolingua.com/learn-german/b1-stories/roadmap-im-team-meeting","CC BY-NC 4.0"
"de-roadmap-im-team-meeting","v5","de","B1","s4","Verzögerung","Verzögerung","delay","noun","","https://melolingua.com/learn-german/b1-stories/roadmap-im-team-meeting","CC BY-NC 4.0"
"de-roadmap-im-team-meeting","v6","de","B1","s5","Deadlines","Deadlines","deadlines (loanword)","noun","","https://melolingua.com/learn-german/b1-stories/roadmap-im-team-meeting","CC BY-NC 4.0"
"de-das-abendessen-mit-freunden","v1","de","B2","s1","das Abendessen","das Abendessen","dinner, evening meal","noun","","https://melolingua.com/learn-german/b2-stories/das-abendessen-mit-freunden","CC BY-NC 4.0"
"de-das-dorf-im-schwarzwald","v1","de","B2","s1","der Schwarzwald","der Schwarzwald","Black Forest","noun","","https://melolingua.com/learn-german/b2-stories/das-dorf-im-schwarzwald","CC BY-NC 4.0"
"de-das-dorf-im-schwarzwald","v2","de","B2","s1","das Fest","das Fest","festival, celebration","noun","","https://melolingua.com/learn-german/b2-stories/das-dorf-im-schwarzwald","CC BY-NC 4.0"
"de-das-dorf-im-schwarzwald","v3","de","B2","s4","die Wahrheit","die Wahrheit","truth","noun","","https://melolingua.com/learn-german/b2-stories/das-dorf-im-schwarzwald","CC BY-NC 4.0"
"de-der-kunstmarkt","v1","de","B2","s1","der Kunstmarkt","der Kunstmarkt","art market","noun","","https://melolingua.com/learn-german/b2-stories/der-kunstmarkt","CC BY-NC 4.0"
"de-der-kunstmarkt","v2","de","B2","s7","die Originalität","die Originalität","originality","noun","","https://melolingua.com/learn-german/b2-stories/der-kunstmarkt","CC BY-NC 4.0"
"de-der-kunstmarkt","v3","de","B2","s3","der Galerist","der Galerist","gallery owner","noun","","https://melolingua.com/learn-german/b2-stories/der-kunstmarkt","CC BY-NC 4.0"
"de-der-testtag","v1","de","B2","s1","der Testtag","der Testtag","test day","noun","","https://melolingua.com/learn-german/b2-stories/der-testtag","CC BY-NC 4.0"
"de-der-testtag","v2","de","B2","s4","der Fehler","der Fehler","error, flaw","noun","","https://melolingua.com/learn-german/b2-stories/der-testtag","CC BY-NC 4.0"
"de-der-testtag","v3","de","B2","s10","der Rückruf","der Rückruf","recall (product recall)","noun","","https://melolingua.com/learn-german/b2-stories/der-testtag","CC BY-NC 4.0"
"de-die-fusion","v1","de","B2","s1","die Fusion","die Fusion","merger","noun","","https://melolingua.com/learn-german/b2-stories/die-fusion","CC BY-NC 4.0"
"de-die-fusion","v2","de","B2","s5","der Mediator","der Mediator","mediator","noun","","https://melolingua.com/learn-german/b2-stories/die-fusion","CC BY-NC 4.0"
"de-die-reise-nach-hamburg","v1","de","B2","s1","der Anschlusszug","der Anschlusszug","connecting train","noun","","https://melolingua.com/learn-german/b2-stories/die-reise-nach-hamburg","CC BY-NC 4.0"
"de-die-reise-nach-hamburg","v2","de","B2","s1","die Verspätung","die Verspätung","delay","noun","","https://melolingua.com/learn-german/b2-stories/die-reise-nach-hamburg","CC BY-NC 4.0"
"es-el-cafe-de-la-manana","v1","es","A1","s1","despierta","despierta","wakes up","vocabulary","","https://melolingua.com/learn-spanish/a1-stories/el-cafe-de-la-manana","CC BY-NC 4.0"
"es-el-cafe-de-la-manana","v2","es","A1","s2","cocina","cocina","kitchen","vocabulary","","https://melolingua.com/learn-spanish/a1-stories/el-cafe-de-la-manana","CC BY-NC 4.0"
"es-el-cafe-de-la-manana","v3","es","A1","s3","fuerte","fuerte","strong","vocabulary","","https://melolingua.com/learn-spanish/a1-stories/el-cafe-de-la-manana","CC BY-NC 4.0"
"es-el-cafe-de-la-manana","v4","es","A1","s4","ventana","ventana","window","vocabulary","","https://melolingua.com/learn-spanish/a1-stories/el-cafe-de-la-manana","CC BY-NC 4.0"
"es-el-cafe-de-la-manana","v5","es","A1","s5","sonríe","sonríe","smiles","verb","","https://melolingua.com/learn-spanish/a1-stories/el-cafe-de-la-manana","CC BY-NC 4.0"
"es-el-cafe-de-la-manana","v6","es","A1","s8","camina","camina","walks","verb","","https://melolingua.com/learn-spanish/a1-stories/el-cafe-de-la-manana","CC BY-NC 4.0"
"es-el-mercado","v1","es","A1","s1","mercado","mercado","market","vocabulary","","https://melolingua.com/learn-spanish/a1-stories/el-mercado","CC BY-NC 4.0"
"es-el-mercado","v2","es","A1","s2","lleno","lleno","full","vocabulary","","https://melolingua.com/learn-spanish/a1-stories/el-mercado","CC BY-NC 4.0"
"es-el-mercado","v3","es","A1","s3","verduras","verduras","vegetables","vocabulary","","https://melolingua.com/learn-spanish/a1-stories/el-mercado","CC BY-NC 4.0"
"es-el-mercado","v4","es","A1","s5","vendedor","vendedor","seller","vocabulary","","https://melolingua.com/learn-spanish/a1-stories/el-mercado","CC BY-NC 4.0"
"es-el-mercado","v5","es","A1","s6","compra","compra","buys","verb","","https://melolingua.com/learn-spanish/a1-stories/el-mercado","CC BY-NC 4.0"
"es-el-mercado","v6","es","A1","s8","cocina","cocina","cooks","vocabulary","","https://melolingua.com/learn-spanish/a1-stories/el-mercado","CC BY-NC 4.0"
"es-el-parque","v1","es","A1","s1","perro","perro","dog","vocabulary","","https://melolingua.com/learn-spanish/a1-stories/el-parque","CC BY-NC 4.0"
"es-el-parque","v2","es","A1","s2","árboles","árboles","trees","vocabulary","","https://melolingua.com/learn-spanish/a1-stories/el-parque","CC BY-NC 4.0"
"es-el-parque","v3","es","A1","s2","corre","corre","runs","vocabulary","","https://melolingua.com/learn-spanish/a1-stories/el-parque","CC BY-NC 4.0"
"es-el-parque","v4","es","A1","s3","banco","banco","bench","vocabulary","","https://melolingua.com/learn-spanish/a1-stories/el-parque","CC BY-NC 4.0"
"es-el-parque","v5","es","A1","s4","acariciar","acariciar","to pet","verb","","https://melolingua.com/learn-spanish/a1-stories/el-parque","CC BY-NC 4.0"
"es-el-parque","v6","es","A1","s8","juntos","juntos","together","vocabulary","","https://melolingua.com/learn-spanish/a1-stories/el-parque","CC BY-NC 4.0"
"es-el-puesto-de-churros","v1","es","A1","s1","aceite caliente","aceite caliente","hot cooking oil","phrase","","https://melolingua.com/learn-spanish/a1-stories/el-puesto-de-churros","CC BY-NC 4.0"
"es-el-puesto-de-churros","v2","es","A1","s2","carrito","carrito","small cart / stall wagon","vocabulary","","https://melolingua.com/learn-spanish/a1-stories/el-puesto-de-churros","CC BY-NC 4.0"
"es-el-puesto-de-churros","v3","es","A1","s2","chocolate espeso","chocolate espeso","thick hot chocolate","phrase","","https://melolingua.com/learn-spanish/a1-stories/el-puesto-de-churros","CC BY-NC 4.0"
"es-el-puesto-de-churros","v4","es","A1","s6","crujiente","crujiente","crispy","vocabulary","","https://melolingua.com/learn-spanish/a1-stories/el-puesto-de-churros","CC BY-NC 4.0"
"es-el-puesto-de-churros","v5","es","A1","s6","merienda","merienda","afternoon snack","vocabulary","","https://melolingua.com/learn-spanish/a1-stories/el-puesto-de-churros","CC BY-NC 4.0"
"es-el-puesto-de-churros","v6","es","A1","s5","muchas gracias","muchas gracias","thank you very much","phrase","","https://melolingua.com/learn-spanish/a1-stories/el-puesto-de-churros","CC BY-NC 4.0"
"es-la-cena","v1","es","A1","s1","cena","cena","dinner","vocabulary","","https://melolingua.com/learn-spanish/a1-stories/la-cena","CC BY-NC 4.0"
"es-la-cena","v2","es","A1","s1","abuela","abuela","grandmother","vocabulary","","https://melolingua.com/learn-spanish/a1-stories/la-cena","CC BY-NC 4.0"
"es-la-cena","v3","es","A1","s2","mesa","mesa","table","vocabulary","","https://melolingua.com/learn-spanish/a1-stories/la-cena","CC BY-NC 4.0"
"es-la-cena","v4","es","A1","s4","olor","olor","smell","vocabulary","","https://melolingua.com/learn-spanish/a1-stories/la-cena","CC BY-NC 4.0"
"es-la-cena","v5","es","A1","s7","cuentan","cuentan","they tell","vocabulary","","https://melolingua.com/learn-spanish/a1-stories/la-cena","CC BY-NC 4.0"
"es-la-cena","v6","es","A1","s8","junta","junta","together","vocabulary","","https://melolingua.com/learn-spanish/a1-stories/la-cena","CC BY-NC 4.0"
"es-mi-nuevo-vecino","v1","es","A1","s1","vecino","vecino","neighbor","vocabulary","","https://melolingua.com/learn-spanish/a1-stories/mi-nuevo-vecino","CC BY-NC 4.0"
"es-mi-nuevo-vecino","v2","es","A1","s1","edificio","edificio","building","vocabulary","","https://melolingua.com/learn-spanish/a1-stories/mi-nuevo-vecino","CC BY-NC 4.0"
"es-mi-nuevo-vecino","v3","es","A1","s2","caja","caja","box","vocabulary","","https://melolingua.com/learn-spanish/a1-stories/mi-nuevo-vecino","CC BY-NC 4.0"
"es-mi-nuevo-vecino","v4","es","A1","s5","ayuda","ayuda","helps","vocabulary","","https://melolingua.com/learn-spanish/a1-stories/mi-nuevo-vecino","CC BY-NC 4.0"
"es-mi-nuevo-vecino","v5","es","A1","s8","hablan","hablan","they talk","vocabulary","","https://melolingua.com/learn-spanish/a1-stories/mi-nuevo-vecino","CC BY-NC 4.0"
"es-mi-nuevo-vecino","v6","es","A1","s4","amablemente","amablemente","kindly","vocabulary","","https://melolingua.com/learn-spanish/a1-stories/mi-nuevo-vecino","CC BY-NC 4.0"
"es-una-llamada-a-mama","v1","es","A1","s3","hirviendo","hirviendo","boiling","vocabulary","","https://melolingua.com/learn-spanish/a1-stories/una-llamada-a-mama","CC BY-NC 4.0"
"es-una-llamada-a-mama","v2","es","A1","s6","colgar el abrigo","colgar el abrigo","to hang the coat","phrase","","https://melolingua.com/learn-spanish/a1-stories/una-llamada-a-mama","CC BY-NC 4.0"
"es-una-llamada-a-mama","v3","es","A1","s6","frigorífico","frigorífico","refrigerator","vocabulary","","https://melolingua.com/learn-spanish/a1-stories/una-llamada-a-mama","CC BY-NC 4.0"
"es-una-llamada-a-mama","v4","es","A1","s8","cotidiano","cotidiano","everyday; daily","adjective","","https://melolingua.com/learn-spanish/a1-stories/una-llamada-a-mama","CC BY-NC 4.0"
"es-una-llamada-a-mama","v5","es","A1","s7","jugando","jugando","joking / playing along","vocabulary","","https://melolingua.com/learn-spanish/a1-stories/una-llamada-a-mama","CC BY-NC 4.0"
"es-el-viaje-en-tren","v1","es","A2","s1","billete","billete","ticket","vocabulary","","https://melolingua.com/learn-spanish/a2-stories/el-viaje-en-tren","CC BY-NC 4.0"
"es-el-viaje-en-tren","v2","es","A2","s1","estación","estación","station","vocabulary","","https://melolingua.com/learn-spanish/a2-stories/el-viaje-en-tren","CC BY-NC 4.0"
"es-el-viaje-en-tren","v3","es","A2","s2","retraso","retraso","delay","vocabulary","","https://melolingua.com/learn-spanish/a2-stories/el-viaje-en-tren","CC BY-NC 4.0"
"es-el-viaje-en-tren","v4","es","A2","s3","se preocupó","se preocupó","he worried","phrase","","https://melolingua.com/learn-spanish/a2-stories/el-viaje-en-tren","CC BY-NC 4.0"
"es-el-viaje-en-tren","v5","es","A2","s3","asiento","asiento","seat","vocabulary","","https://melolingua.com/learn-spanish/a2-stories/el-viaje-en-tren","CC BY-NC 4.0"
"es-el-viaje-en-tren","v6","es","A2","s5","campos","campos","fields","vocabulary","","https://melolingua.com/learn-spanish/a2-stories/el-viaje-en-tren","CC BY-NC 4.0"
"es-fin-de-semana-en-granada","v1","es","A2","s2","mirador","mirador","viewpoint; lookout","phrase","","https://melolingua.com/learn-spanish/a2-stories/fin-de-semana-en-granada","CC BY-NC 4.0"
"es-fin-de-semana-en-granada","v2","es","A2","s3","callejas empinadas","callejas empinadas","steep alleyways","phrase","","https://melolingua.com/learn-spanish/a2-stories/fin-de-semana-en-granada","CC BY-NC 4.0"
"es-fin-de-semana-en-granada","v3","es","A2","s3","jazmines","jazmines","jasmine blossoms","vocabulary","","https://melolingua.com/learn-spanish/a2-stories/fin-de-semana-en-granada","CC BY-NC 4.0"
"es-fin-de-semana-en-granada","v4","es","A2","s4","reserva","reserva","reservation","vocabulary","","https://melolingua.com/learn-spanish/a2-stories/fin-de-semana-en-granada","CC BY-NC 4.0"
"es-fin-de-semana-en-granada","v5","es","A2","s5","tortilla española","tortilla española","Spanish potato omelette","phrase","","https://melolingua.com/learn-spanish/a2-stories/fin-de-semana-en-granada","CC BY-NC 4.0"
"es-fin-de-semana-en-granada","v6","es","A2","s6","mochila","mochila","backpack","vocabulary","","https://melolingua.com/learn-spanish/a2-stories/fin-de-semana-en-granada","CC BY-NC 4.0"
"es-fin-de-semana-en-granada","v7","es","A2","s6","manchado","manchado","stained","vocabulary","","https://melolingua.com/learn-spanish/a2-stories/fin-de-semana-en-granada","CC BY-NC 4.0"
"es-la-panaderia-del-sabado","v1","es","A2","s1","recién horneado","recién horneado","freshly baked","phrase","","https://melolingua.com/learn-spanish/a2-stories/la-panaderia-del-sabado","CC BY-NC 4.0"
"es-la-panaderia-del-sabado","v2","es","A2","s1","cola","cola","line; queue","phrase","","https://melolingua.com/learn-spanish/a2-stories/la-panaderia-del-sabado","CC BY-NC 4.0"
"es-la-panaderia-del-sabado","v3","es","A2","s2","panadería","panadería","bakery","vocabulary","","https://melolingua.com/learn-spanish/a2-stories/la-panaderia-del-sabado","CC BY-NC 4.0"
"es-la-panaderia-del-sabado","v4","es","A2","s3","trozo","trozo","piece; bite","phrase","","https://melolingua.com/learn-spanish/a2-stories/la-panaderia-del-sabado","CC BY-NC 4.0"
"es-la-panaderia-del-sabado","v5","es","A2","s4","despertadores","despertadores","alarms","vocabulary","","https://melolingua.com/learn-spanish/a2-stories/la-panaderia-del-sabado","CC BY-NC 4.0"
"es-la-panaderia-del-sabado","v6","es","A2","s6","llovizna","llovizna","drizzle","vocabulary","","https://melolingua.com/learn-spanish/a2-stories/la-panaderia-del-sabado","CC BY-NC 4.0"
"es-la-panaderia-del-sabado","v7","es","A2","s6","levadura","levadura","yeast","vocabulary","","https://melolingua.com/learn-spanish/a2-stories/la-panaderia-del-sabado","CC BY-NC 4.0"
"es-primer-dia-en-la-oficina","v1","es","A2","s2","iniciar sesión","iniciar sesión","to log in","phrase","","https://melolingua.com/learn-spanish/a2-stories/primer-dia-en-la-oficina","CC BY-NC 4.0"
"es-primer-dia-en-la-oficina","v2","es","A2","s2","contraseña","contraseña","password","vocabulary","","https://melolingua.com/learn-spanish/a2-stories/primer-dia-en-la-oficina","CC BY-NC 4.0"
"es-primer-dia-en-la-oficina","v3","es","A2","s2","compañera","compañera","coworker (female)","vocabulary","","https://melolingua.com/learn-spanish/a2-stories/primer-dia-en-la-oficina","CC BY-NC 4.0"
"es-primer-dia-en-la-oficina","v4","es","A2","s5","metas mensuales","metas mensuales","monthly goals","phrase","","https://melolingua.com/learn-spanish/a2-stories/primer-dia-en-la-oficina","CC BY-NC 4.0"
"es-primer-dia-en-la-oficina","v5","es","A2","s3","microondas","microondas","microwave","vocabulary","","https://melolingua.com/learn-spanish/a2-stories/primer-dia-en-la-oficina","CC BY-NC 4.0"
"es-primer-dia-en-la-oficina","v6","es","A2","s4","bienvenida","bienvenida","welcome","vocabulary","","https://melolingua.com/learn-spanish/a2-stories/primer-dia-en-la-oficina","CC BY-NC 4.0"
"es-una-tarde-en-la-biblioteca","v1","es","A2","s1","demasiado ruido","demasiado ruido","too much noise","phrase","","https://melolingua.com/learn-spanish/a2-stories/una-tarde-en-la-biblioteca","CC BY-NC 4.0"
"es-una-tarde-en-la-biblioteca","v2","es","A2","s2","barrio","barrio","neighborhood","vocabulary","","https://melolingua.com/learn-spanish/a2-stories/una-tarde-en-la-biblioteca","CC BY-NC 4.0"
"es-una-tarde-en-la-biblioteca","v3","es","A2","s3","sacó","sacó","took out","vocabulary","","https://melolingua.com/learn-spanish/a2-stories/una-tarde-en-la-biblioteca","CC BY-NC 4.0"
"es-una-tarde-en-la-biblioteca","v4","es","A2","s3","tomó notas","tomó notas","took notes","phrase","","https://melolingua.com/learn-spanish/a2-stories/una-tarde-en-la-biblioteca","CC BY-NC 4.0"
"es-una-tarde-en-la-biblioteca","v5","es","A2","s4","recogerlos","recogerlos","to pick them up","verb","","https://melolingua.com/learn-spanish/a2-stories/una-tarde-en-la-biblioteca","CC BY-NC 4.0"
"es-una-tarde-en-la-biblioteca","v6","es","A2","s6","recomendó","recomendó","recommended","vocabulary","","https://melolingua.com/learn-spanish/a2-stories/una-tarde-en-la-biblioteca","CC BY-NC 4.0"
"es-el-puente-de-septiembre","v1","es","B1","s1","puente","puente","long weekend (bridge holiday)","vocabulary","","https://melolingua.com/learn-spanish/b1-stories/el-puente-de-septiembre","CC BY-NC 4.0"
"es-el-puente-de-septiembre","v2","es","B1","s5","cala","cala","cove / small beach","vocabulary","","https://melolingua.com/learn-spanish/b1-stories/el-puente-de-septiembre","CC BY-NC 4.0"
"es-el-puente-de-septiembre","v3","es","B1","s2","hostal","hostal","hostel / budget hotel","vocabulary","","https://melolingua.com/learn-spanish/b1-stories/el-puente-de-septiembre","CC BY-NC 4.0"
"es-la-bandeja-equivocada","v1","es","B1","s1","cafetería-panadería","cafetería-panadería","bakery-café","vocabulary","","https://melolingua.com/learn-spanish/b1-stories/la-bandeja-equivocada","CC BY-NC 4.0"
"es-la-bandeja-equivocada","v2","es","B1","s1","escaparate","escaparate","window display","vocabulary","","https://melolingua.com/learn-spanish/b1-stories/la-bandeja-equivocada","CC BY-NC 4.0"
"es-la-bandeja-equivocada","v3","es","B1","s2","bandeja","bandeja","tray","vocabulary","","https://melolingua.com/learn-spanish/b1-stories/la-bandeja-equivocada","CC BY-NC 4.0"
"es-la-bandeja-equivocada","v4","es","B1","s2","la pagó","la pagó","she paid for it","phrase","","https://melolingua.com/learn-spanish/b1-stories/la-bandeja-equivocada","CC BY-NC 4.0"
"es-la-bandeja-equivocada","v5","es","B1","s4","recibo","recibo","receipt","vocabulary","","https://melolingua.com/learn-spanish/b1-stories/la-bandeja-equivocada","CC BY-NC 4.0"
"es-la-bandeja-equivocada","v6","es","B1","s4","me lo guardaste","me lo guardaste","did you save it for me?","phrase","","https://melolingua.com/learn-spanish/b1-stories/la-bandeja-equivocada","CC BY-NC 4.0"
"es-la-bandeja-equivocada","v7","es","B1","s7","equivocación","equivocación","mistake","vocabulary","","https://melolingua.com/learn-spanish/b1-stories/la-bandeja-equivocada","CC BY-NC 4.0"
"es-la-bandeja-equivocada","v8","es","B1","s7","los hacemos","los hacemos","we’ll make them","phrase","","https://melolingua.com/learn-spanish/b1-stories/la-bandeja-equivocada","CC BY-NC 4.0"
"es-la-bandeja-equivocada","v9","es","B1","s8","los cogí","los cogí","I took them","phrase","","https://melolingua.com/learn-spanish/b1-stories/la-bandeja-equivocada","CC BY-NC 4.0"
"es-la-carta-de-reclamacion","v1","es","B1","s1","reclamación","reclamación","complaint / claim","vocabulary","","https://melolingua.com/learn-spanish/b1-stories/la-carta-de-reclamacion","CC BY-NC 4.0"
"es-la-carta-de-reclamacion","v2","es","B1","s1","redactar","redactar","to draft / to write","verb","","https://melolingua.com/learn-spanish/b1-stories/la-carta-de-reclamacion","CC BY-NC 4.0"
"es-la-carta-de-reclamacion","v3","es","B1","s5","solución","solución","solution","vocabulary","","https://melolingua.com/learn-spanish/b1-stories/la-carta-de-reclamacion","CC BY-NC 4.0"
"es-la-cola-en-el-banco","v1","es","B1","s1","cola","cola","line / queue","vocabulary","","https://melolingua.com/learn-spanish/b1-stories/la-cola-en-el-banco","CC BY-NC 4.0"
"es-la-cola-en-el-banco","v2","es","B1","s2","ventanilla","ventanilla","teller window","vocabulary","","https://melolingua.com/learn-spanish/b1-stories/la-cola-en-el-banco","CC BY-NC 4.0"
"es-la-cola-en-el-banco","v3","es","B1","s2","pensión","pensión","pension","vocabulary","","https://melolingua.com/learn-spanish/b1-stories/la-cola-en-el-banco","CC BY-NC 4.0"
"es-la-cola-en-el-banco","v4","es","B1","s3","espera","espera","wait","vocabulary","","https://melolingua.com/learn-spanish/b1-stories/la-cola-en-el-banco","CC BY-NC 4.0"
"es-la-cola-en-el-banco","v5","es","B1","s3","atascó","atascó","jammed / got stuck","vocabulary","","https://melolingua.com/learn-spanish/b1-stories/la-cola-en-el-banco","CC BY-NC 4.0"
"es-la-feria-del-libro-en-madrid","v1","es","B1","s2","carpa","carpa","tent pavilion","vocabulary","","https://melolingua.com/learn-spanish/b1-stories/la-feria-del-libro-en-madrid","CC BY-NC 4.0"
"es-la-feria-del-libro-en-madrid","v2","es","B1","s2","ensayo","ensayo","essay (nonfiction)","vocabulary","","https://melolingua.com/learn-spanish/b1-stories/la-feria-del-libro-en-madrid","CC BY-NC 4.0"
"es-la-feria-del-libro-en-madrid","v3","es","B1","s2","librero","librero","bookseller","vocabulary","","https://melolingua.com/learn-spanish/b1-stories/la-feria-del-libro-en-madrid","CC BY-NC 4.0"
"es-la-feria-del-libro-en-madrid","v4","es","B1","s4","dedicatorias","dedicatorias","dedications","vocabulary","","https://melolingua.com/learn-spanish/b1-stories/la-feria-del-libro-en-madrid","CC BY-NC 4.0"
"es-la-feria-del-libro-en-madrid","v5","es","B1","s3","cola tardaba medio siglo","cola tardaba medio siglo","waiting forever in line (idiom playful)","phrase","","https://melolingua.com/learn-spanish/b1-stories/la-feria-del-libro-en-madrid","CC BY-NC 4.0"
"es-la-feria-del-libro-en-madrid","v6","es","B1","s4","ritmo","ritmo","narrative pacing","vocabulary","","https://melolingua.com/learn-spanish/b1-stories/la-feria-del-libro-en-madrid","CC BY-NC 4.0"
"es-la-feria-del-libro-en-madrid","v7","es","B1","s5","en voz alta","en voz alta","aloud; audibly","phrase","","https://melolingua.com/learn-spanish/b1-stories/la-feria-del-libro-en-madrid","CC BY-NC 4.0"
"es-la-fila-en-la-farmacia","v1","es","B1","s1","farmacia","farmacia","pharmacy","vocabulary","","https://melolingua.com/learn-spanish/b1-stories/la-fila-en-la-farmacia","CC BY-NC 4.0"
"es-la-fila-en-la-farmacia","v2","es","B1","s2","turno","turno","turn / place in line","vocabulary","","https://melolingua.com/learn-spanish/b1-stories/la-fila-en-la-farmacia","CC BY-NC 4.0"
"es-la-fila-en-la-farmacia","v3","es","B1","s3","spray nasal","spray nasal","nasal spray","phrase","","https://melolingua.com/learn-spanish/b1-stories/la-fila-en-la-farmacia","CC BY-NC 4.0"
"es-la-fila-en-la-farmacia","v4","es","B1","s4","altavoz","altavoz","speakerphone","vocabulary","","https://melolingua.com/learn-spanish/b1-stories/la-fila-en-la-farmacia","CC BY-NC 4.0"
"es-la-fila-en-la-farmacia","v5","es","B1","s6","sobrecarga","sobrecarga","overload / strain","vocabulary","","https://melolingua.com/learn-spanish/b1-stories/la-fila-en-la-farmacia","CC BY-NC 4.0"
"es-la-fila-en-la-farmacia","v6","es","B1","s7","cola","cola","queue / line","vocabulary","","https://melolingua.com/learn-spanish/b1-stories/la-fila-en-la-farmacia","CC BY-NC 4.0"
"es-el-ascensor-que-no-llega","v1","es","B2","s1","ascensor","ascensor","elevator / lift","vocabulary","","https://melolingua.com/learn-spanish/b2-stories/el-ascensor-que-no-llega","CC BY-NC 4.0"
"es-el-ascensor-que-no-llega","v2","es","B2","s1","averiado","averiado","broken / out of order","vocabulary","","https://melolingua.com/learn-spanish/b2-stories/el-ascensor-que-no-llega","CC BY-NC 4.0"
"es-el-ascensor-que-no-llega","v3","es","B2","s2","escalera","escalera","staircase","vocabulary","","https://melolingua.com/learn-spanish/b2-stories/el-ascensor-que-no-llega","CC BY-NC 4.0"
"es-el-juicio","v1","es","B2","s3","juicio","juicio","trial / court proceeding","vocabulary","","https://melolingua.com/learn-spanish/b2-stories/el-juicio","CC BY-NC 4.0"
"es-el-juicio","v2","es","B2","s2","demanda","demanda","lawsuit / claim","vocabulary","","https://melolingua.com/learn-spanish/b2-stories/el-juicio","CC BY-NC 4.0"
"es-el-juicio","v3","es","B2","s6","testigo","testigo","witness","vocabulary","","https://melolingua.com/learn-spanish/b2-stories/el-juicio","CC BY-NC 4.0"
"es-el-juicio","v4","es","B2","s8","interrogatorio","interrogatorio","cross-examination","vocabulary","","https://melolingua.com/learn-spanish/b2-stories/el-juicio","CC BY-NC 4.0"
"es-el-juicio","v5","es","B2","s8","expediente","expediente","file / case record","vocabulary","","https://melolingua.com/learn-spanish/b2-stories/el-juicio","CC BY-NC 4.0"
"es-el-juicio","v6","es","B2","s14","fallo","fallo","ruling / verdict","vocabulary","","https://melolingua.com/learn-spanish/b2-stories/el-juicio","CC BY-NC 4.0"
"es-el-mercado-de-artesanos","v1","es","B2","s1","artesano","artesano","artisan / craftsman","vocabulary","","https://melolingua.com/learn-spanish/b2-stories/el-mercado-de-artesanos","CC BY-NC 4.0"
"es-el-mercado-de-artesanos","v2","es","B2","s2","barro","barro","clay / earthenware","vocabulary","","https://melolingua.com/learn-spanish/b2-stories/el-mercado-de-artesanos","CC BY-NC 4.0"
"es-el-mercado-de-artesanos","v3","es","B2","s6","lengua materna","lengua materna","mother tongue / native language","vocabulary","","https://melolingua.com/learn-spanish/b2-stories/el-mercado-de-artesanos","CC BY-NC 4.0"
"es-el-vuelo-reprogramado","v1","es","B2","s2","cancelaron","cancelaron","they cancelled","vocabulary","","https://melolingua.com/learn-spanish/b2-stories/el-vuelo-reprogramado","CC BY-NC 4.0"
"es-el-vuelo-reprogramado","v2","es","B2","s4","reprogramación","reprogramación","rescheduling","vocabulary","","https://melolingua.com/learn-spanish/b2-stories/el-vuelo-reprogramado","CC BY-NC 4.0"
"es-el-vuelo-reprogramado","v3","es","B2","s5","mostrador","mostrador","service counter","vocabulary","","https://melolingua.com/learn-spanish/b2-stories/el-vuelo-reprogramado","CC BY-NC 4.0"
"es-el-vuelo-reprogramado","v4","es","B2","s4","enlace","enlace","connection (travel)","vocabulary","","https://melolingua.com/learn-spanish/b2-stories/el-vuelo-reprogramado","CC BY-NC 4.0"
"es-el-vuelo-reprogramado","v5","es","B2","s7","billete","billete","ticket","vocabulary","","https://melolingua.com/learn-spanish/b2-stories/el-vuelo-reprogramado","CC BY-NC 4.0"
"es-el-vuelo-reprogramado","v6","es","B2","s7","andén","andén","platform","vocabulary","","https://melolingua.com/learn-spanish/b2-stories/el-vuelo-reprogramado","CC BY-NC 4.0"
"es-la-entrevista-final","v1","es","B2","s1","entrevista","entrevista","interview","vocabulary","","https://melolingua.com/learn-spanish/b2-stories/la-entrevista-final","CC BY-NC 4.0"
"es-la-entrevista-final","v2","es","B2","s1","recursos humanos","recursos humanos","human resources","vocabulary","","https://melolingua.com/learn-spanish/b2-stories/la-entrevista-final","CC BY-NC 4.0"
"es-la-entrevista-final","v3","es","B2","s1","gerente","gerente","manager","vocabulary","","https://melolingua.com/learn-spanish/b2-stories/la-entrevista-final","CC BY-NC 4.0"
"es-la-entrevista-final","v4","es","B2","s4","fracaso","fracaso","failure","vocabulary","","https://melolingua.com/learn-spanish/b2-stories/la-entrevista-final","CC BY-NC 4.0"
"es-la-entrevista-final","v5","es","B2","s4","guion","guion","script","vocabulary","","https://melolingua.com/learn-spanish/b2-stories/la-entrevista-final","CC BY-NC 4.0"
"es-la-entrevista-final","v6","es","B2","s8","confianza","confianza","trust","vocabulary","","https://melolingua.com/learn-spanish/b2-stories/la-entrevista-final","CC BY-NC 4.0"
"es-la-entrevista-final","v7","es","B2","s7","curiosidad","curiosidad","curiosity","vocabulary","","https://melolingua.com/learn-spanish/b2-stories/la-entrevista-final","CC BY-NC 4.0"
"es-la-entrevista-final","v8","es","B2","s10","puesto","puesto","position / job","vocabulary","","https://melolingua.com/learn-spanish/b2-stories/la-entrevista-final","CC BY-NC 4.0"
"es-la-renuncia-por-correo","v1","es","B2","s1","despacho","despacho","office / private study","vocabulary","","https://melolingua.com/learn-spanish/b2-stories/la-renuncia-por-correo","CC BY-NC 4.0"
"es-la-renuncia-por-correo","v2","es","B2","s2","revisión","revisión","performance review","vocabulary","","https://melolingua.com/learn-spanish/b2-stories/la-renuncia-por-correo","CC BY-NC 4.0"
"es-la-renuncia-por-correo","v3","es","B2","s4","renuncia voluntaria","renuncia voluntaria","voluntary resignation","phrase","","https://melolingua.com/learn-spanish/b2-stories/la-renuncia-por-correo","CC BY-NC 4.0"
"es-la-renuncia-por-correo","v4","es","B2","s6","subjuntivo","subjuntivo","subjunctive mood","vocabulary","","https://melolingua.com/learn-spanish/b2-stories/la-renuncia-por-correo","CC BY-NC 4.0"
"es-la-renuncia-por-correo","v5","es","B2","s7","credencial","credencial","ID badge / credential","vocabulary","","https://melolingua.com/learn-spanish/b2-stories/la-renuncia-por-correo","CC BY-NC 4.0"
"es-la-renuncia-por-correo","v6","es","B2","s9","confirmarlo","confirmarlo","to confirm it","verb","","https://melolingua.com/learn-spanish/b2-stories/la-renuncia-por-correo","CC BY-NC 4.0"
"fr-le-bus-du-matin","v1","fr","A1","s2","chauffeur","chauffeur","driver","vocabulary","","https://melolingua.com/learn-french/a1-stories/le-bus-du-matin","CC BY-NC 4.0"
"fr-le-bus-du-matin","v2","fr","A1","s2","pièces","pièces","coins","vocabulary","","https://melolingua.com/learn-french/a1-stories/le-bus-du-matin","CC BY-NC 4.0"
"fr-le-bus-du-matin","v3","fr","A1","s4","s'assoit","s'assoit","sits down (reflexive)","vocabulary","","https://melolingua.com/learn-french/a1-stories/le-bus-du-matin","CC BY-NC 4.0"
"fr-le-bus-du-matin","v4","fr","A1","s5","marché","marché","market","vocabulary","","https://melolingua.com/learn-french/a1-stories/le-bus-du-matin","CC BY-NC 4.0"
"fr-le-bus-du-matin","v5","fr","A1","s6","pluie fine","pluie fine","fine rain","phrase","","https://melolingua.com/learn-french/a1-stories/le-bus-du-matin","CC BY-NC 4.0"
"fr-le-bus-du-matin","v6","fr","A1","s6","le collège","le collège","the school","phrase","","https://melolingua.com/learn-french/a1-stories/le-bus-du-matin","CC BY-NC 4.0"
"fr-le-fromager-du-quartier","v1","fr","A1","s1","fromagerie","fromagerie","cheese shop","vocabulary","","https://melolingua.com/learn-french/a1-stories/le-fromager-du-quartier","CC BY-NC 4.0"
"fr-le-fromager-du-quartier","v2","fr","A1","s3","tranche","tranche","slice","vocabulary","","https://melolingua.com/learn-french/a1-stories/le-fromager-du-quartier","CC BY-NC 4.0"
"fr-le-fromager-du-quartier","v3","fr","A1","s4","papier craquant","papier craquant","crinkly wrapping paper","phrase","","https://melolingua.com/learn-french/a1-stories/le-fromager-du-quartier","CC BY-NC 4.0"
"fr-le-fromager-du-quartier","v4","fr","A1","s4","morceau","morceau","piece; chunk (of cheese)","phrase","","https://melolingua.com/learn-french/a1-stories/le-fromager-du-quartier","CC BY-NC 4.0"
"fr-le-matin-a-la-boulangerie","v1","fr","A1","s1","la boulangerie","la boulangerie","the bakery","phrase","","https://melolingua.com/learn-french/a1-stories/le-matin-a-la-boulangerie","CC BY-NC 4.0"
"fr-le-matin-a-la-boulangerie","v2","fr","A1","s1","le manteau","le manteau","the coat","phrase","","https://melolingua.com/learn-french/a1-stories/le-matin-a-la-boulangerie","CC BY-NC 4.0"
"fr-le-matin-a-la-boulangerie","v3","fr","A1","s2","le pain frais","le pain frais","fresh bread","phrase","","https://melolingua.com/learn-french/a1-stories/le-matin-a-la-boulangerie","CC BY-NC 4.0"
"fr-le-matin-a-la-boulangerie","v4","fr","A1","s4","la boulangère","la boulangère","the baker (f.)","phrase","","https://melolingua.com/learn-french/a1-stories/le-matin-a-la-boulangerie","CC BY-NC 4.0"
"fr-le-matin-a-la-boulangerie","v5","fr","A1","s7","croustillant","croustillant","crispy","vocabulary","","https://melolingua.com/learn-french/a1-stories/le-matin-a-la-boulangerie","CC BY-NC 4.0"
"fr-le-matin-a-la-boulangerie","v6","fr","A1","s7","le soleil","le soleil","the sun","phrase","","https://melolingua.com/learn-french/a1-stories/le-matin-a-la-boulangerie","CC BY-NC 4.0"
"fr-le-matin-a-la-boulangerie","v7","fr","A1","s5","s'il vous plaît","s'il vous plaît","please","phrase","","https://melolingua.com/learn-french/a1-stories/le-matin-a-la-boulangerie","CC BY-NC 4.0"
"fr-le-matin-a-la-boulangerie","v8","fr","A1","s8","la journée","la journée","the day","phrase","","https://melolingua.com/learn-french/a1-stories/le-matin-a-la-boulangerie","CC BY-NC 4.0"
"fr-le-pique-nique-au-parc","v1","fr","A1","s1","le pique-nique","le pique-nique","the picnic","phrase","","https://melolingua.com/learn-french/a1-stories/le-pique-nique-au-parc","CC BY-NC 4.0"
"fr-le-pique-nique-au-parc","v2","fr","A1","s2","la nappe","la nappe","the tablecloth","vocabulary","","https://melolingua.com/learn-french/a1-stories/le-pique-nique-au-parc","CC BY-NC 4.0"
"fr-le-pique-nique-au-parc","v3","fr","A1","s5","la part","la part","the slice; the portion","vocabulary","","https://melolingua.com/learn-french/a1-stories/le-pique-nique-au-parc","CC BY-NC 4.0"
"fr-le-pique-nique-au-parc","v4","fr","A1","s6","s'il te plaît","s'il te plaît","please (informal)","phrase","","https://melolingua.com/learn-french/a1-stories/le-pique-nique-au-parc","CC BY-NC 4.0"
"fr-une-promenade-le-long-de-la-seine","v1","fr","A1","s2","se promener","se promener","to take a walk","phrase","","https://melolingua.com/learn-french/a1-stories/une-promenade-le-long-de-la-seine","CC BY-NC 4.0"
"fr-une-promenade-le-long-de-la-seine","v2","fr","A1","s2","la rivière","la rivière","the river","phrase","","https://melolingua.com/learn-french/a1-stories/une-promenade-le-long-de-la-seine","CC BY-NC 4.0"
"fr-une-promenade-le-long-de-la-seine","v3","fr","A1","s3","les quais","les quais","the riverbanks","phrase","","https://melolingua.com/learn-french/a1-stories/une-promenade-le-long-de-la-seine","CC BY-NC 4.0"
"fr-une-promenade-le-long-de-la-seine","v4","fr","A1","s5","un bateau","un bateau","a boat","phrase","","https://melolingua.com/learn-french/a1-stories/une-promenade-le-long-de-la-seine","CC BY-NC 4.0"
"fr-une-promenade-le-long-de-la-seine","v5","fr","A1","s5","le pont","le pont","the bridge","phrase","","https://melolingua.com/learn-french/a1-stories/une-promenade-le-long-de-la-seine","CC BY-NC 4.0"
"fr-une-promenade-le-long-de-la-seine","v6","fr","A1","s6","un arbre","un arbre","a tree","phrase","","https://melolingua.com/learn-french/a1-stories/une-promenade-le-long-de-la-seine","CC BY-NC 4.0"
"fr-une-promenade-le-long-de-la-seine","v7","fr","A1","s1","le ciel","le ciel","the sky","phrase","","https://melolingua.com/learn-french/a1-stories/une-promenade-le-long-de-la-seine","CC BY-NC 4.0"
"fr-une-promenade-le-long-de-la-seine","v8","fr","A1","s8","heureux","heureux","happy","vocabulary","","https://melolingua.com/learn-french/a1-stories/une-promenade-le-long-de-la-seine","CC BY-NC 4.0"
"fr-une-rencontre-au-cafe","v1","fr","A1","s1","la terrasse","la terrasse","the terrace","phrase","","https://melolingua.com/learn-french/a1-stories/une-rencontre-au-cafe","CC BY-NC 4.0"
"fr-une-rencontre-au-cafe","v2","fr","A1","s4","le travail","le travail","work","phrase","","https://melolingua.com/learn-french/a1-stories/une-rencontre-au-cafe","CC BY-NC 4.0"
"fr-une-rencontre-au-cafe","v3","fr","A1","s4","professeur","professeur","teacher","vocabulary","","https://melolingua.com/learn-french/a1-stories/une-rencontre-au-cafe","CC BY-NC 4.0"
"fr-une-rencontre-au-cafe","v4","fr","A1","s5","un métier","un métier","a profession","phrase","","https://melolingua.com/learn-french/a1-stories/une-rencontre-au-cafe","CC BY-NC 4.0"
"fr-une-rencontre-au-cafe","v5","fr","A1","s6","les voyages","les voyages","travel / trips","phrase","","https://melolingua.com/learn-french/a1-stories/une-rencontre-au-cafe","CC BY-NC 4.0"
"fr-une-rencontre-au-cafe","v6","fr","A1","s7","agréable","agréable","pleasant","vocabulary","","https://melolingua.com/learn-french/a1-stories/une-rencontre-au-cafe","CC BY-NC 4.0"
"fr-une-rencontre-au-cafe","v7","fr","A1","s3","un sourire","un sourire","a smile","phrase","","https://melolingua.com/learn-french/a1-stories/une-rencontre-au-cafe","CC BY-NC 4.0"
"fr-cinq-minutes-sous-la-pluie","v1","fr","A2","s1","plein","plein","crowded, full","vocabulary","","https://melolingua.com/learn-french/a2-stories/cinq-minutes-sous-la-pluie","CC BY-NC 4.0"
"fr-cinq-minutes-sous-la-pluie","v2","fr","A2","s1","mairie","mairie","town hall","vocabulary","","https://melolingua.com/learn-french/a2-stories/cinq-minutes-sous-la-pluie","CC BY-NC 4.0"
"fr-cinq-minutes-sous-la-pluie","v3","fr","A2","s2","entretien","entretien","interview","vocabulary","","https://melolingua.com/learn-french/a2-stories/cinq-minutes-sous-la-pluie","CC BY-NC 4.0"
"fr-cinq-minutes-sous-la-pluie","v4","fr","A2","s3","poussette","poussette","stroller","vocabulary","","https://melolingua.com/learn-french/a2-stories/cinq-minutes-sous-la-pluie","CC BY-NC 4.0"
"fr-cinq-minutes-sous-la-pluie","v5","fr","A2","s3","chauffeur","chauffeur","driver","vocabulary","","https://melolingua.com/learn-french/a2-stories/cinq-minutes-sous-la-pluie","CC BY-NC 4.0"
"fr-cinq-minutes-sous-la-pluie","v6","fr","A2","s4","à l'heure","à l'heure","on time","phrase","","https://melolingua.com/learn-french/a2-stories/cinq-minutes-sous-la-pluie","CC BY-NC 4.0"
"fr-cinq-minutes-sous-la-pluie","v7","fr","A2","s5","Je vous aide","Je vous aide","Can I help you?","phrase","","https://melolingua.com/learn-french/a2-stories/cinq-minutes-sous-la-pluie","CC BY-NC 4.0"
"fr-cinq-minutes-sous-la-pluie","v8","fr","A2","s6","recruteur","recruteur","recruiter","vocabulary","","https://melolingua.com/learn-french/a2-stories/cinq-minutes-sous-la-pluie","CC BY-NC 4.0"
"fr-cinq-minutes-sous-la-pluie","v9","fr","A2","s7","pas de souci","pas de souci","no problem","phrase","","https://melolingua.com/learn-french/a2-stories/cinq-minutes-sous-la-pluie","CC BY-NC 4.0"
"fr-lentretien-du-mardi","v1","fr","A2","s1","ponctualité","ponctualité","punctuality","vocabulary","","https://melolingua.com/learn-french/a2-stories/lentretien-du-mardi","CC BY-NC 4.0"
"fr-lentretien-du-mardi","v2","fr","A2","s2","calendrier partagé","calendrier partagé","shared calendar","phrase","","https://melolingua.com/learn-french/a2-stories/lentretien-du-mardi","CC BY-NC 4.0"
"fr-lentretien-du-mardi","v3","fr","A2","s2","équipe projet","équipe projet","project team","phrase","","https://melolingua.com/learn-french/a2-stories/lentretien-du-mardi","CC BY-NC 4.0"
"fr-lentretien-du-mardi","v4","fr","A2","s3","délais","délais","deadlines","vocabulary","","https://melolingua.com/learn-french/a2-stories/lentretien-du-mardi","CC BY-NC 4.0"
"fr-lentretien-du-mardi","v5","fr","A2","s4","priorités","priorités","priorities","vocabulary","","https://melolingua.com/learn-french/a2-stories/lentretien-du-mardi","CC BY-NC 4.0"
"fr-lentretien-du-mardi","v6","fr","A2","s6","disponibilité","disponibilité","availability","vocabulary","","https://melolingua.com/learn-french/a2-stories/lentretien-du-mardi","CC BY-NC 4.0"
"fr-un-diner-entre-amis","v1","fr","A2","s1","cuisiner","cuisiner","to cook","verb","","https://melolingua.com/learn-french/a2-stories/un-diner-entre-amis","CC BY-NC 4.0"
"fr-un-diner-entre-amis","v2","fr","A2","s3","les oignons","les oignons","the onions","phrase","","https://melolingua.com/learn-french/a2-stories/un-diner-entre-amis","CC BY-NC 4.0"
"fr-un-diner-entre-amis","v3","fr","A2","s4","les œufs","les œufs","the eggs","phrase","","https://melolingua.com/learn-french/a2-stories/un-diner-entre-amis","CC BY-NC 4.0"
"fr-un-diner-entre-amis","v4","fr","A2","s5","le fromage","le fromage","the cheese","phrase","","https://melolingua.com/learn-french/a2-stories/un-diner-entre-amis","CC BY-NC 4.0"
"fr-un-diner-entre-amis","v5","fr","A2","s6","le four","le four","the oven","phrase","","https://melolingua.com/learn-french/a2-stories/un-diner-entre-amis","CC BY-NC 4.0"
"fr-un-diner-entre-amis","v6","fr","A2","s9","délicieux","délicieux","delicious","vocabulary","","https://melolingua.com/learn-french/a2-stories/un-diner-entre-amis","CC BY-NC 4.0"
"fr-un-diner-entre-amis","v7","fr","A2","s10","le repas","le repas","the meal","phrase","","https://melolingua.com/learn-french/a2-stories/un-diner-entre-amis","CC BY-NC 4.0"
"fr-un-train-pour-marseille","v1","fr","A2","s2","quai","quai","platform","vocabulary","","https://melolingua.com/learn-french/a2-stories/un-train-pour-marseille","CC BY-NC 4.0"
"fr-un-train-pour-marseille","v2","fr","A2","s3","retard","retard","delay","vocabulary","","https://melolingua.com/learn-french/a2-stories/un-train-pour-marseille","CC BY-NC 4.0"
"fr-un-train-pour-marseille","v3","fr","A2","s4","correspondance","correspondance","connection (train change)","vocabulary","","https://melolingua.com/learn-french/a2-stories/un-train-pour-marseille","CC BY-NC 4.0"
"fr-un-train-pour-marseille","v4","fr","A2","s4","carnet","carnet","notebook","vocabulary","","https://melolingua.com/learn-french/a2-stories/un-train-pour-marseille","CC BY-NC 4.0"
"fr-un-train-pour-marseille","v5","fr","A2","s5","trajet","trajet","journey; stretch of a trip","phrase","","https://melolingua.com/learn-french/a2-stories/un-train-pour-marseille","CC BY-NC 4.0"
"fr-un-week-end-a-lyon","v1","fr","A2","s1","curiosité","curiosité","curiosity","vocabulary","","https://melolingua.com/learn-french/a2-stories/un-week-end-a-lyon","CC BY-NC 4.0"
"fr-un-week-end-a-lyon","v2","fr","A2","s6","Vieux Lyon","Vieux Lyon","Old Lyon (the historic district)","vocabulary","","https://melolingua.com/learn-french/a2-stories/un-week-end-a-lyon","CC BY-NC 4.0"
"fr-un-week-end-a-lyon","v3","fr","A2","s4","mauvais bus","mauvais bus","wrong bus","phrase","","https://melolingua.com/learn-french/a2-stories/un-week-end-a-lyon","CC BY-NC 4.0"
"fr-un-week-end-a-lyon","v4","fr","A2","s4","s'est retrouvée","s'est retrouvée","ended up","phrase","","https://melolingua.com/learn-french/a2-stories/un-week-end-a-lyon","CC BY-NC 4.0"
"fr-un-week-end-a-lyon","v5","fr","A2","s5","l'arrêt","l'arrêt","the stop","noun phrase","","https://melolingua.com/learn-french/a2-stories/un-week-end-a-lyon","CC BY-NC 4.0"
"fr-un-week-end-a-lyon","v6","fr","A2","s7","raconter","raconter","to tell","verb","","https://melolingua.com/learn-french/a2-stories/un-week-end-a-lyon","CC BY-NC 4.0"
"fr-une-surprise-au-bureau","v1","fr","A2","s1","journée","journée","day","vocabulary","","https://melolingua.com/learn-french/a2-stories/une-surprise-au-bureau","CC BY-NC 4.0"
"fr-une-surprise-au-bureau","v2","fr","A2","s1","a allumé","a allumé","turned on","phrase","","https://melolingua.com/learn-french/a2-stories/une-surprise-au-bureau","CC BY-NC 4.0"
"fr-une-surprise-au-bureau","v3","fr","A2","s2","collègues","collègues","colleagues","vocabulary","","https://melolingua.com/learn-french/a2-stories/une-surprise-au-bureau","CC BY-NC 4.0"
"fr-une-surprise-au-bureau","v4","fr","A2","s2","salle de réunion","salle de réunion","meeting room","phrase","","https://melolingua.com/learn-french/a2-stories/une-surprise-au-bureau","CC BY-NC 4.0"
"fr-une-surprise-au-bureau","v5","fr","A2","s5","anniversaire de travail","anniversaire de travail","work anniversary","phrase","","https://melolingua.com/learn-french/a2-stories/une-surprise-au-bureau","CC BY-NC 4.0"
"fr-une-surprise-au-bureau","v6","fr","A2","s5","a remercié","a remercié","thanked","phrase","","https://melolingua.com/learn-french/a2-stories/une-surprise-au-bureau","CC BY-NC 4.0"
"fr-au-marche","v1","fr","B1","s1","le marché","le marché","the market","phrase","","https://melolingua.com/learn-french/b1-stories/au-marche","CC BY-NC 4.0"
"fr-au-marche","v2","fr","B1","s2","les fruits","les fruits","the fruits","phrase","","https://melolingua.com/learn-french/b1-stories/au-marche","CC BY-NC 4.0"
"fr-au-marche","v3","fr","B1","s2","les légumes","les légumes","the vegetables","phrase","","https://melolingua.com/learn-french/b1-stories/au-marche","CC BY-NC 4.0"
"fr-au-marche","v4","fr","B1","s7","le vendeur","le vendeur","the seller","phrase","","https://melolingua.com/learn-french/b1-stories/au-marche","CC BY-NC 4.0"
"fr-au-marche","v5","fr","B1","s5","achète","achète","buys","verb","","https://melolingua.com/learn-french/b1-stories/au-marche","CC BY-NC 4.0"
"fr-au-marche","v6","fr","B1","s6","combien","combien","how much","vocabulary","","https://melolingua.com/learn-french/b1-stories/au-marche","CC BY-NC 4.0"
"fr-au-marche","v7","fr","B1","s8","lourd","lourd","heavy","vocabulary","","https://melolingua.com/learn-french/b1-stories/au-marche","CC BY-NC 4.0"
"fr-au-marche","v8","fr","B1","s8","contente","contente","happy (f.)","vocabulary","","https://melolingua.com/learn-french/b1-stories/au-marche","CC BY-NC 4.0"
"fr-la-rencontre-au-marche","v1","fr","B1","s2","le stand","le stand","the stall","vocabulary","","https://melolingua.com/learn-french/b1-stories/la-rencontre-au-marche","CC BY-NC 4.0"
"fr-la-rencontre-au-marche","v2","fr","B1","s2","la portion","la portion","the portion","vocabulary","","https://melolingua.com/learn-french/b1-stories/la-rencontre-au-marche","CC BY-NC 4.0"
"fr-la-rencontre-au-marche","v3","fr","B1","s3","le fromager","le fromager","the cheesemonger","vocabulary","","https://melolingua.com/learn-french/b1-stories/la-rencontre-au-marche","CC BY-NC 4.0"
"fr-la-rencontre-au-marche","v4","fr","B1","s1","le marché","le marché","the market","vocabulary","","https://melolingua.com/learn-french/b1-stories/la-rencontre-au-marche","CC BY-NC 4.0"
"fr-la-reunion-des-anciens","v1","fr","B1","s1","la réunion","la réunion","the reunion","vocabulary","","https://melolingua.com/learn-french/b1-stories/la-reunion-des-anciens","CC BY-NC 4.0"
"fr-la-reunion-des-anciens","v2","fr","B1","s3","le cliché","le cliché","the photograph; the snapshot","vocabulary","","https://melolingua.com/learn-french/b1-stories/la-reunion-des-anciens","CC BY-NC 4.0"
"fr-la-reunion-des-anciens","v3","fr","B1","s6","le secret","le secret","the secret","vocabulary","","https://melolingua.com/learn-french/b1-stories/la-reunion-des-anciens","CC BY-NC 4.0"
"fr-le-musee-rodin-en-octobre","v1","fr","B1","s2","musée","musée","museum","vocabulary","","https://melolingua.com/learn-french/b1-stories/le-musee-rodin-en-octobre","CC BY-NC 4.0"
"fr-le-musee-rodin-en-octobre","v2","fr","B1","s3","marbre","marbre","marble","vocabulary","","https://melolingua.com/learn-french/b1-stories/le-musee-rodin-en-octobre","CC BY-NC 4.0"
"fr-le-musee-rodin-en-octobre","v3","fr","B1","s4","cartels","cartels","info plaques beside art","vocabulary","","https://melolingua.com/learn-french/b1-stories/le-musee-rodin-en-octobre","CC BY-NC 4.0"
"fr-le-musee-rodin-en-octobre","v4","fr","B1","s2","pavés","pavés","cobblestones","vocabulary","","https://melolingua.com/learn-french/b1-stories/le-musee-rodin-en-octobre","CC BY-NC 4.0"
"fr-le-musee-rodin-en-octobre","v5","fr","B1","s6","mémoire","mémoire","memory (mental)","vocabulary","","https://melolingua.com/learn-french/b1-stories/le-musee-rodin-en-octobre","CC BY-NC 4.0"
"fr-le-musee-rodin-en-octobre","v6","fr","B1","s2","bruine","bruine","drizzle; light rain","phrase","","https://melolingua.com/learn-french/b1-stories/le-musee-rodin-en-octobre","CC BY-NC 4.0"
"fr-les-voisins-du-dessous","v1","fr","B1","s2","le mot","le mot","the note","vocabulary","","https://melolingua.com/learn-french/b1-stories/les-voisins-du-dessous","CC BY-NC 4.0"
"fr-les-voisins-du-dessous","v2","fr","B1","s1","le bruit","le bruit","the noise","vocabulary","","https://melolingua.com/learn-french/b1-stories/les-voisins-du-dessous","CC BY-NC 4.0"
"fr-les-voisins-du-dessous","v3","fr","B1","s4","la colocation","la colocation","the shared flat","vocabulary","","https://melolingua.com/learn-french/b1-stories/les-voisins-du-dessous","CC BY-NC 4.0"
"fr-les-voisins-du-dessous","v4","fr","B1","s4","s'excuser","s'excuser","to apologize","vocabulary","","https://melolingua.com/learn-french/b1-stories/les-voisins-du-dessous","CC BY-NC 4.0"
"fr-un-dimanche-en-provence","v1","fr","B1","s3","l'aubergiste","l'aubergiste","the innkeeper","vocabulary","","https://melolingua.com/learn-french/b1-stories/un-dimanche-en-provence","CC BY-NC 4.0"
"fr-un-dimanche-en-provence","v2","fr","B1","s6","le plateau","le plateau","the platter; the tray","vocabulary","","https://melolingua.com/learn-french/b1-stories/un-dimanche-en-provence","CC BY-NC 4.0"
"fr-un-dimanche-en-provence","v3","fr","B1","s1","les champs","les champs","the fields","vocabulary","","https://melolingua.com/learn-french/b1-stories/un-dimanche-en-provence","CC BY-NC 4.0"
"fr-la-carte-postale","v1","fr","B2","s1","la carte postale","la carte postale","the postcard","vocabulary","","https://melolingua.com/learn-french/b2-stories/la-carte-postale","CC BY-NC 4.0"
"fr-la-carte-postale","v2","fr","B2","s3","le timbre","le timbre","the stamp","vocabulary","","https://melolingua.com/learn-french/b2-stories/la-carte-postale","CC BY-NC 4.0"
"fr-la-carte-postale","v3","fr","B2","s6","retrouver","retrouver","to find again; to track down","vocabulary","","https://melolingua.com/learn-french/b2-stories/la-carte-postale","CC BY-NC 4.0"
"fr-la-fabrique-du-souvenir","v1","fr","B2","s1","l'atelier","l'atelier","the workshop; the studio","vocabulary","","https://melolingua.com/learn-french/b2-stories/la-fabrique-du-souvenir","CC BY-NC 4.0"
"fr-la-fabrique-du-souvenir","v2","fr","B2","s1","la toile","la toile","the canvas","vocabulary","","https://melolingua.com/learn-french/b2-stories/la-fabrique-du-souvenir","CC BY-NC 4.0"
"fr-la-fabrique-du-souvenir","v3","fr","B2","s9","le souvenir","le souvenir","the memory","vocabulary","","https://melolingua.com/learn-french/b2-stories/la-fabrique-du-souvenir","CC BY-NC 4.0"
"fr-la-fabrique-du-souvenir","v4","fr","B2","s6","coder","coder","to encode","vocabulary","","https://melolingua.com/learn-french/b2-stories/la-fabrique-du-souvenir","CC BY-NC 4.0"
"fr-le-debat-en-classe","v1","fr","B2","s1","le débat","le débat","the debate","vocabulary","","https://melolingua.com/learn-french/b2-stories/le-debat-en-classe","CC BY-NC 4.0"
"fr-le-debat-en-classe","v2","fr","B2","s1","la laïcité","la laïcité","secularism","vocabulary","","https://melolingua.com/learn-french/b2-stories/le-debat-en-classe","CC BY-NC 4.0"
"fr-le-debat-en-classe","v3","fr","B2","s2","le silence","le silence","the silence","vocabulary","","https://melolingua.com/learn-french/b2-stories/le-debat-en-classe","CC BY-NC 4.0"
"fr-le-diner-de-la-discorde","v1","fr","B2","s1","le dîner","le dîner","the dinner","vocabulary","","https://melolingua.com/learn-french/b2-stories/le-diner-de-la-discorde","CC BY-NC 4.0"
"fr-le-diner-de-la-discorde","v2","fr","B2","s3","la bouteille","la bouteille","the bottle","vocabulary","","https://melolingua.com/learn-french/b2-stories/le-diner-de-la-discorde","CC BY-NC 4.0"
"fr-le-diner-de-la-discorde","v3","fr","B2","s3","le domaine","le domaine","the estate; the vineyard","vocabulary","","https://melolingua.com/learn-french/b2-stories/le-diner-de-la-discorde","CC BY-NC 4.0"
"fr-le-stage-qui-change-tout","v1","fr","B2","s1","le stage","le stage","the internship","vocabulary","","https://melolingua.com/learn-french/b2-stories/le-stage-qui-change-tout","CC BY-NC 4.0"
"fr-le-stage-qui-change-tout","v2","fr","B2","s2","l'évaluation","l'évaluation","the evaluation","vocabulary","","https://melolingua.com/learn-french/b2-stories/le-stage-qui-change-tout","CC BY-NC 4.0"
"fr-le-stage-qui-change-tout","v3","fr","B2","s3","le parrain","le parrain","the mentor","vocabulary","","https://melolingua.com/learn-french/b2-stories/le-stage-qui-change-tout","CC BY-NC 4.0"
"fr-le-stage-qui-change-tout","v4","fr","B2","s7","le chiffre","le chiffre","the figure; the number","vocabulary","","https://melolingua.com/learn-french/b2-stories/le-stage-qui-change-tout","CC BY-NC 4.0"
"fr-le-stage-qui-change-tout","v5","fr","B2","s4","le rapport","le rapport","the report","vocabulary","","https://melolingua.com/learn-french/b2-stories/le-stage-qui-change-tout","CC BY-NC 4.0"
"fr-les-coulisses-du-journal","v1","fr","B2","s1","le journal","le journal","the newspaper","vocabulary","","https://melolingua.com/learn-french/b2-stories/les-coulisses-du-journal","CC BY-NC 4.0"
"fr-les-coulisses-du-journal","v2","fr","B2","s7","l'enquête","l'enquête","the investigation","vocabulary","","https://melolingua.com/learn-french/b2-stories/les-coulisses-du-journal","CC BY-NC 4.0"
"fr-les-coulisses-du-journal","v3","fr","B2","s5","la source","la source","the source","vocabulary","","https://melolingua.com/learn-french/b2-stories/les-coulisses-du-journal","CC BY-NC 4.0"
"fr-les-coulisses-du-journal","v4","fr","B2","s6","publier","publier","to publish","vocabulary","","https://melolingua.com/learn-french/b2-stories/les-coulisses-du-journal","CC BY-NC 4.0"
"it-al-mercato","v1","it","A1","s1","mercato","mercato","market","vocabulary","","https://melolingua.com/learn-italian/a1-stories/al-mercato","CC BY-NC 4.0"
"it-al-mercato","v2","it","A1","s2","all'aperto","all'aperto","outdoors","vocabulary","","https://melolingua.com/learn-italian/a1-stories/al-mercato","CC BY-NC 4.0"
"it-al-mercato","v3","it","A1","s3","venditore","venditore","seller","vocabulary","","https://melolingua.com/learn-italian/a1-stories/al-mercato","CC BY-NC 4.0"
"it-al-mercato","v4","it","A1","s4","vorrei","vorrei","I would like","vocabulary","","https://melolingua.com/learn-italian/a1-stories/al-mercato","CC BY-NC 4.0"
"it-al-mercato","v5","it","A1","s6","borsa","borsa","bag","vocabulary","","https://melolingua.com/learn-italian/a1-stories/al-mercato","CC BY-NC 4.0"
"it-al-mercato","v6","it","A1","s8","deliziosa","deliziosa","delicious","vocabulary","","https://melolingua.com/learn-italian/a1-stories/al-mercato","CC BY-NC 4.0"
"it-la-colazione-da-marta","v1","it","A1","s1","la colazione","la colazione","breakfast","vocabulary","","https://melolingua.com/learn-italian/a1-stories/la-colazione-da-marta","CC BY-NC 4.0"
"it-la-colazione-da-marta","v2","it","A1","s2","il barista","il barista","bartender","vocabulary","","https://melolingua.com/learn-italian/a1-stories/la-colazione-da-marta","CC BY-NC 4.0"
"it-la-colazione-da-marta","v3","it","A1","s4","il cappuccino","il cappuccino","cappuccino","vocabulary","","https://melolingua.com/learn-italian/a1-stories/la-colazione-da-marta","CC BY-NC 4.0"
"it-la-colazione-da-marta","v4","it","A1","s4","la brioche","la brioche","croissant, pastry","vocabulary","","https://melolingua.com/learn-italian/a1-stories/la-colazione-da-marta","CC BY-NC 4.0"
"it-la-colazione-da-marta","v5","it","A1","s6","la marmellata","la marmellata","jam","vocabulary","","https://melolingua.com/learn-italian/a1-stories/la-colazione-da-marta","CC BY-NC 4.0"
"it-la-gita-al-mercato","v1","it","A1","s2","la lista","la lista","list","vocabulary","","https://melolingua.com/learn-italian/a1-stories/la-gita-al-mercato","CC BY-NC 4.0"
"it-la-gita-al-mercato","v2","it","A1","s3","la pescheria","la pescheria","fish shop","vocabulary","","https://melolingua.com/learn-italian/a1-stories/la-gita-al-mercato","CC BY-NC 4.0"
"it-la-gita-al-mercato","v3","it","A1","s5","le carote","le carote","carrots","vocabulary","","https://melolingua.com/learn-italian/a1-stories/la-gita-al-mercato","CC BY-NC 4.0"
"it-la-gita-al-mercato","v4","it","A1","s6","il banco","il banco","stall","vocabulary","","https://melolingua.com/learn-italian/a1-stories/la-gita-al-mercato","CC BY-NC 4.0"
"it-la-gita-al-mercato","v5","it","A1","s8","le fragole","le fragole","strawberries","vocabulary","","https://melolingua.com/learn-italian/a1-stories/la-gita-al-mercato","CC BY-NC 4.0"
"it-la-pizzeria-di-quartiere","v1","it","A1","s2","forno a legna","forno a legna","wood-fired oven","phrase","","https://melolingua.com/learn-italian/a1-stories/la-pizzeria-di-quartiere","CC BY-NC 4.0"
"it-la-pizzeria-di-quartiere","v2","it","A1","s2","mozzarella","mozzarella","mozzarella cheese","vocabulary","","https://melolingua.com/learn-italian/a1-stories/la-pizzeria-di-quartiere","CC BY-NC 4.0"
"it-la-pizzeria-di-quartiere","v3","it","A1","s4","basilico","basilico","basil","vocabulary","","https://melolingua.com/learn-italian/a1-stories/la-pizzeria-di-quartiere","CC BY-NC 4.0"
"it-la-pizzeria-di-quartiere","v4","it","A1","s5","impasto","impasto","(pizza) dough","vocabulary","","https://melolingua.com/learn-italian/a1-stories/la-pizzeria-di-quartiere","CC BY-NC 4.0"
"it-la-pizzeria-di-quartiere","v5","it","A1","s5","paletta","paletta","(here) baker's peel","vocabulary","","https://melolingua.com/learn-italian/a1-stories/la-pizzeria-di-quartiere","CC BY-NC 4.0"
"it-una-domenica-al-parco","v1","it","A1","s3","panchina","panchina","bench","vocabulary","","https://melolingua.com/learn-italian/a1-stories/una-domenica-al-parco","CC BY-NC 4.0"
"it-una-domenica-al-parco","v2","it","A1","s3","stagno","stagno","pond","vocabulary","","https://melolingua.com/learn-italian/a1-stories/una-domenica-al-parco","CC BY-NC 4.0"
"it-una-domenica-al-parco","v3","it","A1","s5","borraccia","borraccia","reusable water bottle","vocabulary","","https://melolingua.com/learn-italian/a1-stories/una-domenica-al-parco","CC BY-NC 4.0"
"it-una-domenica-al-parco","v4","it","A1","s1","borsa di tela","borsa di tela","canvas tote bag","phrase","","https://melolingua.com/learn-italian/a1-stories/una-domenica-al-parco","CC BY-NC 4.0"
"it-una-domenica-al-parco","v5","it","A1","s8","riposo","riposo","rest; downtime","phrase","","https://melolingua.com/learn-italian/a1-stories/una-domenica-al-parco","CC BY-NC 4.0"
"it-una-domenica-al-parco","v6","it","A1","s1","lentamente","lentamente","slowly","vocabulary","","https://melolingua.com/learn-italian/a1-stories/una-domenica-al-parco","CC BY-NC 4.0"
"it-una-passeggiata-a-roma","v1","it","A1","s1","la fontana","la fontana","fountain","vocabulary","","https://melolingua.com/learn-italian/a1-stories/una-passeggiata-a-roma","CC BY-NC 4.0"
"it-una-passeggiata-a-roma","v2","it","A1","s4","la guida","la guida","guide","vocabulary","","https://melolingua.com/learn-italian/a1-stories/una-passeggiata-a-roma","CC BY-NC 4.0"
"it-una-passeggiata-a-roma","v3","it","A1","s6","la piazza","la piazza","square","vocabulary","","https://melolingua.com/learn-italian/a1-stories/una-passeggiata-a-roma","CC BY-NC 4.0"
"it-una-passeggiata-a-roma","v4","it","A1","s12","perdersi","perdersi","to get lost","verb","","https://melolingua.com/learn-italian/a1-stories/una-passeggiata-a-roma","CC BY-NC 4.0"
"it-cena-alla-pizzeria","v1","it","A2","s2","cornetta","cornetta","(phone) handset; line","phrase","","https://melolingua.com/learn-italian/a2-stories/cena-alla-pizzeria","CC BY-NC 4.0"
"it-cena-alla-pizzeria","v2","it","A2","s2","margherita","margherita","margherita pizza","vocabulary","","https://melolingua.com/learn-italian/a2-stories/cena-alla-pizzeria","CC BY-NC 4.0"
"it-cena-alla-pizzeria","v3","it","A2","s3","cameriera","cameriera","waitress","vocabulary","","https://melolingua.com/learn-italian/a2-stories/cena-alla-pizzeria","CC BY-NC 4.0"
"it-cena-alla-pizzeria","v4","it","A2","s4","lievito madre","lievito madre","sourdough starter","phrase","","https://melolingua.com/learn-italian/a2-stories/cena-alla-pizzeria","CC BY-NC 4.0"
"it-cena-alla-pizzeria","v5","it","A2","s2","forno","forno","oven","vocabulary","","https://melolingua.com/learn-italian/a2-stories/cena-alla-pizzeria","CC BY-NC 4.0"
"it-cena-alla-pizzeria","v6","it","A2","s4","menù","menù","menu","vocabulary","","https://melolingua.com/learn-italian/a2-stories/cena-alla-pizzeria","CC BY-NC 4.0"
"it-domenica-al-parco","v1","it","A2","s1","rugiada","rugiada","dew","vocabulary","","https://melolingua.com/learn-italian/a2-stories/domenica-al-parco","CC BY-NC 4.0"
"it-domenica-al-parco","v2","it","A2","s2","sentiero","sentiero","path, trail","vocabulary","","https://melolingua.com/learn-italian/a2-stories/domenica-al-parco","CC BY-NC 4.0"
"it-domenica-al-parco","v3","it","A2","s2","laghetto","laghetto","small pond","vocabulary","","https://melolingua.com/learn-italian/a2-stories/domenica-al-parco","CC BY-NC 4.0"
"it-domenica-al-parco","v4","it","A2","s3","cespuglio","cespuglio","bush","vocabulary","","https://melolingua.com/learn-italian/a2-stories/domenica-al-parco","CC BY-NC 4.0"
"it-domenica-al-parco","v5","it","A2","s4","panchina","panchina","bench","vocabulary","","https://melolingua.com/learn-italian/a2-stories/domenica-al-parco","CC BY-NC 4.0"
"it-domenica-al-parco","v6","it","A2","s5","picnic","picnic","picnic","vocabulary","","https://melolingua.com/learn-italian/a2-stories/domenica-al-parco","CC BY-NC 4.0"
"it-il-colloquio-di-lavoro","v1","it","A2","s6","colloquio","colloquio","job interview","vocabulary","","https://melolingua.com/learn-italian/a2-stories/il-colloquio-di-lavoro","CC BY-NC 4.0"
"it-il-colloquio-di-lavoro","v2","it","A2","s1","curriculum","curriculum","CV; résumé","phrase","","https://melolingua.com/learn-italian/a2-stories/il-colloquio-di-lavoro","CC BY-NC 4.0"
"it-il-colloquio-di-lavoro","v3","it","A2","s5","stipendio","stipendio","salary","vocabulary","","https://melolingua.com/learn-italian/a2-stories/il-colloquio-di-lavoro","CC BY-NC 4.0"
"it-il-colloquio-di-lavoro","v4","it","A2","s3","test automatici","test automatici","automated tests","phrase","","https://melolingua.com/learn-italian/a2-stories/il-colloquio-di-lavoro","CC BY-NC 4.0"
"it-il-corso-di-cucina","v1","it","A2","s1","si è iscritto","si è iscritto","signed up","phrase","","https://melolingua.com/learn-italian/a2-stories/il-corso-di-cucina","CC BY-NC 4.0"
"it-il-corso-di-cucina","v2","it","A2","s1","pasta fresca","pasta fresca","fresh pasta","phrase","","https://melolingua.com/learn-italian/a2-stories/il-corso-di-cucina","CC BY-NC 4.0"
"it-il-corso-di-cucina","v3","it","A2","s4","farina","farina","flour","vocabulary","","https://melolingua.com/learn-italian/a2-stories/il-corso-di-cucina","CC BY-NC 4.0"
"it-il-corso-di-cucina","v4","it","A2","s5","impacciato","impacciato","clumsy","vocabulary","","https://melolingua.com/learn-italian/a2-stories/il-corso-di-cucina","CC BY-NC 4.0"
"it-il-corso-di-cucina","v5","it","A2","s6","consiglio","consiglio","advice","vocabulary","","https://melolingua.com/learn-italian/a2-stories/il-corso-di-cucina","CC BY-NC 4.0"
"it-il-corso-di-cucina","v6","it","A2","s8","sapore","sapore","taste","vocabulary","","https://melolingua.com/learn-italian/a2-stories/il-corso-di-cucina","CC BY-NC 4.0"
"it-il-gelato-perfetto","v1","it","A2","s1","pomeriggio","pomeriggio","afternoon","vocabulary","","https://melolingua.com/learn-italian/a2-stories/il-gelato-perfetto","CC BY-NC 4.0"
"it-il-gelato-perfetto","v2","it","A2","s3","gelateria","gelateria","gelato shop","vocabulary","","https://melolingua.com/learn-italian/a2-stories/il-gelato-perfetto","CC BY-NC 4.0"
"it-il-gelato-perfetto","v3","it","A2","s4","gusti","gusti","flavors","vocabulary","","https://melolingua.com/learn-italian/a2-stories/il-gelato-perfetto","CC BY-NC 4.0"
"it-il-gelato-perfetto","v4","it","A2","s3","cono","cono","cone","vocabulary","","https://melolingua.com/learn-italian/a2-stories/il-gelato-perfetto","CC BY-NC 4.0"
"it-il-gelato-perfetto","v5","it","A2","s6","coppetta","coppetta","small cup","vocabulary","","https://melolingua.com/learn-italian/a2-stories/il-gelato-perfetto","CC BY-NC 4.0"
"it-il-gelato-perfetto","v6","it","A2","s8","tramonto","tramonto","sunset","vocabulary","","https://melolingua.com/learn-italian/a2-stories/il-gelato-perfetto","CC BY-NC 4.0"
"it-una-gita-a-firenze","v1","it","A2","s1","gita","gita","day trip","vocabulary","","https://melolingua.com/learn-italian/a2-stories/una-gita-a-firenze","CC BY-NC 4.0"
"it-una-gita-a-firenze","v2","it","A2","s2","biglietto","biglietto","ticket","vocabulary","","https://melolingua.com/learn-italian/a2-stories/una-gita-a-firenze","CC BY-NC 4.0"
"it-una-gita-a-firenze","v3","it","A2","s2","guida","guida","guidebook","vocabulary","","https://melolingua.com/learn-italian/a2-stories/una-gita-a-firenze","CC BY-NC 4.0"
"it-una-gita-a-firenze","v4","it","A2","s3","quadri","quadri","paintings","vocabulary","","https://melolingua.com/learn-italian/a2-stories/una-gita-a-firenze","CC BY-NC 4.0"
"it-una-gita-a-firenze","v5","it","A2","s4","libreria","libreria","bookstore","vocabulary","","https://melolingua.com/learn-italian/a2-stories/una-gita-a-firenze","CC BY-NC 4.0"
"it-una-gita-a-firenze","v6","it","A2","s5","folla","folla","crowd","vocabulary","","https://melolingua.com/learn-italian/a2-stories/una-gita-a-firenze","CC BY-NC 4.0"
"it-weekend-a-venezia","v1","it","A2","s6","vaporetto","vaporetto","Venice water bus","vocabulary","","https://melolingua.com/learn-italian/a2-stories/weekend-a-venezia","CC BY-NC 4.0"
"it-weekend-a-venezia","v2","it","A2","s2","banchina","banchina","dock pier","vocabulary","","https://melolingua.com/learn-italian/a2-stories/weekend-a-venezia","CC BY-NC 4.0"
"it-weekend-a-venezia","v3","it","A2","s6","calle","calle","(Venice) alley","vocabulary","","https://melolingua.com/learn-italian/a2-stories/weekend-a-venezia","CC BY-NC 4.0"
"it-weekend-a-venezia","v4","it","A2","s4","pescheria","pescheria","fish market","vocabulary","","https://melolingua.com/learn-italian/a2-stories/weekend-a-venezia","CC BY-NC 4.0"
"it-weekend-a-venezia","v5","it","A2","s2","deviazione","deviazione","detour","vocabulary","","https://melolingua.com/learn-italian/a2-stories/weekend-a-venezia","CC BY-NC 4.0"
"it-weekend-a-venezia","v6","it","A2","s3","fondamenta","fondamenta","(here) walkways along canals","vocabulary","","https://melolingua.com/learn-italian/a2-stories/weekend-a-venezia","CC BY-NC 4.0"
"it-colloquio-per-lo-stage","v1","it","B1","s1","curriculum","curriculum","résumé, CV","vocabulary","","https://melolingua.com/learn-italian/b1-stories/colloquio-per-lo-stage","CC BY-NC 4.0"
"it-colloquio-per-lo-stage","v2","it","B1","s1","colloquio","colloquio","interview","vocabulary","","https://melolingua.com/learn-italian/b1-stories/colloquio-per-lo-stage","CC BY-NC 4.0"
"it-colloquio-per-lo-stage","v3","it","B1","s3","roadmap","roadmap","roadmap (loanword)","vocabulary","","https://melolingua.com/learn-italian/b1-stories/colloquio-per-lo-stage","CC BY-NC 4.0"
"it-colloquio-per-lo-stage","v4","it","B1","s4","mediato","mediato","mediated (past)","vocabulary","","https://melolingua.com/learn-italian/b1-stories/colloquio-per-lo-stage","CC BY-NC 4.0"
"it-colloquio-per-lo-stage","v5","it","B1","s5","documenti","documenti","documents","vocabulary","","https://melolingua.com/learn-italian/b1-stories/colloquio-per-lo-stage","CC BY-NC 4.0"
"it-il-caffe-della-mattina","v1","it","B1","s1","si sveglia","si sveglia","wakes up","phrase","","https://melolingua.com/learn-italian/b1-stories/il-caffe-della-mattina","CC BY-NC 4.0"
"it-il-caffe-della-mattina","v2","it","B1","s3","il bar","il bar","coffee bar","phrase","","https://melolingua.com/learn-italian/b1-stories/il-caffe-della-mattina","CC BY-NC 4.0"
"it-il-caffe-della-mattina","v3","it","B1","s7","il bancone","il bancone","the counter","phrase","","https://melolingua.com/learn-italian/b1-stories/il-caffe-della-mattina","CC BY-NC 4.0"
"it-il-caffe-della-mattina","v4","it","B1","s8","cornetto","cornetto","croissant","vocabulary","","https://melolingua.com/learn-italian/b1-stories/il-caffe-della-mattina","CC BY-NC 4.0"
"it-il-caffe-della-mattina","v5","it","B1","s8","quanto costa","quanto costa","how much","phrase","","https://melolingua.com/learn-italian/b1-stories/il-caffe-della-mattina","CC BY-NC 4.0"
"it-il-caffe-della-mattina","v6","it","B1","s10","mancia","mancia","tip","vocabulary","","https://melolingua.com/learn-italian/b1-stories/il-caffe-della-mattina","CC BY-NC 4.0"
"it-in-treno-verso-firenze","v1","it","B1","s1","treno","treno","train","vocabulary","","https://melolingua.com/learn-italian/b1-stories/in-treno-verso-firenze","CC BY-NC 4.0"
"it-in-treno-verso-firenze","v2","it","B1","s3","binario","binario","platform","vocabulary","","https://melolingua.com/learn-italian/b1-stories/in-treno-verso-firenze","CC BY-NC 4.0"
"it-in-treno-verso-firenze","v3","it","B1","s4","finestrino","finestrino","window (vehicle)","vocabulary","","https://melolingua.com/learn-italian/b1-stories/in-treno-verso-firenze","CC BY-NC 4.0"
"it-in-treno-verso-firenze","v4","it","B1","s6","colline","colline","hills","vocabulary","","https://melolingua.com/learn-italian/b1-stories/in-treno-verso-firenze","CC BY-NC 4.0"
"it-in-treno-verso-firenze","v5","it","B1","s3","biglietto","biglietto","ticket","vocabulary","","https://melolingua.com/learn-italian/b1-stories/in-treno-verso-firenze","CC BY-NC 4.0"
"it-in-treno-verso-firenze","v6","it","B1","s12","avventura","avventura","adventure","vocabulary","","https://melolingua.com/learn-italian/b1-stories/in-treno-verso-firenze","CC BY-NC 4.0"
"it-la-cena-della-nonna","v1","it","B1","s1","nonna","nonna","grandmother","vocabulary","","https://melolingua.com/learn-italian/b1-stories/la-cena-della-nonna","CC BY-NC 4.0"
"it-la-cena-della-nonna","v2","it","B1","s4","cucina","cucina","kitchen","vocabulary","","https://melolingua.com/learn-italian/b1-stories/la-cena-della-nonna","CC BY-NC 4.0"
"it-la-cena-della-nonna","v3","it","B1","s5","apparecchia","apparecchia","sets (table)","vocabulary","","https://melolingua.com/learn-italian/b1-stories/la-cena-della-nonna","CC BY-NC 4.0"
"it-la-cena-della-nonna","v4","it","B1","s6","posate","posate","silverware","vocabulary","","https://melolingua.com/learn-italian/b1-stories/la-cena-della-nonna","CC BY-NC 4.0"
"it-la-cena-della-nonna","v5","it","B1","s11","felicità","felicità","happiness","vocabulary","","https://melolingua.com/learn-italian/b1-stories/la-cena-della-nonna","CC BY-NC 4.0"
"it-la-cena-della-nonna","v6","it","B1","s7","insieme","insieme","together","vocabulary","","https://melolingua.com/learn-italian/b1-stories/la-cena-della-nonna","CC BY-NC 4.0"
"it-una-visita-agli-uffizi","v1","it","B1","s2","didascalie","didascalie","museum caption labels","vocabulary","","https://melolingua.com/learn-italian/b1-stories/una-visita-agli-uffizi","CC BY-NC 4.0"
"it-una-visita-agli-uffizi","v2","it","B1","s3","restauro conservativo","restauro conservativo","conservative restoration approach","phrase","","https://melolingua.com/learn-italian/b1-stories/una-visita-agli-uffizi","CC BY-NC 4.0"
"it-una-visita-agli-uffizi","v3","it","B1","s6","pigmento","pigmento","pigment","vocabulary","","https://melolingua.com/learn-italian/b1-stories/una-visita-agli-uffizi","CC BY-NC 4.0"
"it-una-visita-agli-uffizi","v4","it","B1","s4","cornice","cornice","(art) frame; molding","phrase","","https://melolingua.com/learn-italian/b1-stories/una-visita-agli-uffizi","CC BY-NC 4.0"
"it-una-visita-agli-uffizi","v5","it","B1","s5","galleria","galleria","(here) gallery hall","vocabulary","","https://melolingua.com/learn-italian/b1-stories/una-visita-agli-uffizi","CC BY-NC 4.0"
"it-una-visita-agli-uffizi","v6","it","B1","s5","bozzetti","bozzetti","sketches","vocabulary","","https://melolingua.com/learn-italian/b1-stories/una-visita-agli-uffizi","CC BY-NC 4.0"
"it-visita-serale-al-museo","v1","it","B1","s2","patina","patina","patina (surface age)","vocabulary","","https://melolingua.com/learn-italian/b1-stories/visita-serale-al-museo","CC BY-NC 4.0"
"it-visita-serale-al-museo","v2","it","B1","s3","pavimento","pavimento","floor","vocabulary","","https://melolingua.com/learn-italian/b1-stories/visita-serale-al-museo","CC BY-NC 4.0"
"it-visita-serale-al-museo","v3","it","B1","s4","testimonianza","testimonianza","testimony, account","vocabulary","","https://melolingua.com/learn-italian/b1-stories/visita-serale-al-museo","CC BY-NC 4.0"
"it-visita-serale-al-museo","v4","it","B1","s4","officina","officina","workshop","vocabulary","","https://melolingua.com/learn-italian/b1-stories/visita-serale-al-museo","CC BY-NC 4.0"
"it-visita-serale-al-museo","v5","it","B1","s5","aggettivi","aggettivi","adjectives","vocabulary","","https://melolingua.com/learn-italian/b1-stories/visita-serale-al-museo","CC BY-NC 4.0"
"it-visita-serale-al-museo","v6","it","B1","s1","cortile","cortile","courtyard","vocabulary","","https://melolingua.com/learn-italian/b1-stories/visita-serale-al-museo","CC BY-NC 4.0"
"it-il-condominio-del-sabato","v1","it","B2","s1","il condominio","il condominio","condominium, apartment building","vocabulary","","https://melolingua.com/learn-italian/b2-stories/il-condominio-del-sabato","CC BY-NC 4.0"
"it-il-condominio-del-sabato","v2","it","B2","s1","il cortile","il cortile","courtyard","vocabulary","","https://melolingua.com/learn-italian/b2-stories/il-condominio-del-sabato","CC BY-NC 4.0"
"it-il-condominio-del-sabato","v3","it","B2","s8","la scissione","la scissione","split, division","vocabulary","","https://melolingua.com/learn-italian/b2-stories/il-condominio-del-sabato","CC BY-NC 4.0"
"it-il-condominio-del-sabato","v4","it","B2","s15","il compromesso","il compromesso","compromise","vocabulary","","https://melolingua.com/learn-italian/b2-stories/il-condominio-del-sabato","CC BY-NC 4.0"
"it-il-convegno-a-milano","v1","it","B2","s1","il convegno","il convegno","conference","vocabulary","","https://melolingua.com/learn-italian/b2-stories/il-convegno-a-milano","CC BY-NC 4.0"
"it-il-convegno-a-milano","v2","it","B2","s4","la platea","la platea","audience","vocabulary","","https://melolingua.com/learn-italian/b2-stories/il-convegno-a-milano","CC BY-NC 4.0"
"it-il-convegno-a-milano","v3","it","B2","s8","l'idea","l'idea","idea","vocabulary","","https://melolingua.com/learn-italian/b2-stories/il-convegno-a-milano","CC BY-NC 4.0"
"it-il-convegno-a-milano","v4","it","B2","s14","il riconoscimento","il riconoscimento","recognition","vocabulary","","https://melolingua.com/learn-italian/b2-stories/il-convegno-a-milano","CC BY-NC 4.0"
"it-il-posto-vacante","v1","it","B2","s1","il posto vacante","il posto vacante","vacant position","vocabulary","","https://melolingua.com/learn-italian/b2-stories/il-posto-vacante","CC BY-NC 4.0"
"it-il-posto-vacante","v2","it","B2","s1","l'annuncio","l'annuncio","job advertisement","vocabulary","","https://melolingua.com/learn-italian/b2-stories/il-posto-vacante","CC BY-NC 4.0"
"it-il-posto-vacante","v3","it","B2","s14","lo scherzetto","lo scherzetto","dirty trick","vocabulary","","https://melolingua.com/learn-italian/b2-stories/il-posto-vacante","CC BY-NC 4.0"
"it-il-posto-vacante","v4","it","B2","s15","la trappola","la trappola","trap","vocabulary","","https://melolingua.com/learn-italian/b2-stories/il-posto-vacante","CC BY-NC 4.0"
"it-la-bottiglia-di-barolo","v1","it","B2","s1","la degustazione","la degustazione","tasting","vocabulary","","https://melolingua.com/learn-italian/b2-stories/la-bottiglia-di-barolo","CC BY-NC 4.0"
"it-la-bottiglia-di-barolo","v2","it","B2","s3","il sommelier","il sommelier","sommelier","vocabulary","","https://melolingua.com/learn-italian/b2-stories/la-bottiglia-di-barolo","CC BY-NC 4.0"
"it-la-bottiglia-di-barolo","v3","it","B2","s6","il tappo","il tappo","cork","vocabulary","","https://melolingua.com/learn-italian/b2-stories/la-bottiglia-di-barolo","CC BY-NC 4.0"
"it-la-bottiglia-di-barolo","v4","it","B2","s7","il terroir","il terroir","terroir (loanword)","vocabulary","","https://melolingua.com/learn-italian/b2-stories/la-bottiglia-di-barolo","CC BY-NC 4.0"
"it-la-notte-della-lirica","v1","it","B2","s1","la lirica","la lirica","opera","vocabulary","","https://melolingua.com/learn-italian/b2-stories/la-notte-della-lirica","CC BY-NC 4.0"
"it-la-notte-della-lirica","v2","it","B2","s3","il sipario","il sipario","theater curtain","vocabulary","","https://melolingua.com/learn-italian/b2-stories/la-notte-della-lirica","CC BY-NC 4.0"
"it-la-notte-della-lirica","v3","it","B2","s9","il retroscena","il retroscena","backstage","vocabulary","","https://melolingua.com/learn-italian/b2-stories/la-notte-della-lirica","CC BY-NC 4.0"
"it-lo-scambio","v1","it","B2","s1","lo scambio","lo scambio","swap, exchange","vocabulary","","https://melolingua.com/learn-italian/b2-stories/lo-scambio","CC BY-NC 4.0"
"it-lo-scambio","v2","it","B2","s6","l'imbarazzo","l'imbarazzo","embarrassment","vocabulary","","https://melolingua.com/learn-italian/b2-stories/lo-scambio","CC BY-NC 4.0"
"it-lo-scambio","v3","it","B2","s9","il compromesso","il compromesso","compromise","vocabulary","","https://melolingua.com/learn-italian/b2-stories/lo-scambio","CC BY-NC 4.0"
"it-lo-scambio","v4","it","B2","s11","la cena improvvisata","la cena improvvisata","impromptu dinner","vocabulary","","https://melolingua.com/learn-italian/b2-stories/lo-scambio","CC BY-NC 4.0"
"ko-a-coffee-in-hongdae","v1","ko","A1","s2","창가 자리","창가 자리","window seat","","","https://melolingua.com/learn-korean/stories/a1/a-coffee-in-hongdae","CC BY-NC 4.0"
"ko-a-coffee-in-hongdae","v2","ko","A1","s3","주문해요","주문하다","orders","","","https://melolingua.com/learn-korean/stories/a1/a-coffee-in-hongdae","CC BY-NC 4.0"
"ko-a-coffee-in-hongdae","v3","ko","A1","s5","우유 대신 두유로","대신","soy milk instead of milk","","","https://melolingua.com/learn-korean/stories/a1/a-coffee-in-hongdae","CC BY-NC 4.0"
"ko-a-coffee-in-hongdae","v4","ko","A1","s7","가방을 치워 주고","치워 주다","moves the bag out of the way (for someone)","","","https://melolingua.com/learn-korean/stories/a1/a-coffee-in-hongdae","CC BY-NC 4.0"
"ko-a-rainy-afternoon","v1","ko","A1","s1","문구점에서","문구점","from the stationery shop","","","https://melolingua.com/learn-korean/stories/a1/a-rainy-afternoon","CC BY-NC 4.0"
"ko-a-rainy-afternoon","v2","ko","A1","s2","기와지붕을","기와지붕","tiled roof (as the object)","","","https://melolingua.com/learn-korean/stories/a1/a-rainy-afternoon","CC BY-NC 4.0"
"ko-a-rainy-afternoon","v3","ko","A1","s6","품에 안고","품에 안다","holding against one’s chest","","","https://melolingua.com/learn-korean/stories/a1/a-rainy-afternoon","CC BY-NC 4.0"
"ko-a-rainy-afternoon","v4","ko","A1","s7","젖은 돌길을","젖은 돌길","along the wet stone lane","","","https://melolingua.com/learn-korean/stories/a1/a-rainy-afternoon","CC BY-NC 4.0"
"ko-first-day-in-seoul","v1","ko","A1","s1","서울역에","서울역","to Seoul Station","","에 marks the destination of 도착해요.","https://melolingua.com/learn-korean/stories/a1/first-day-in-seoul","CC BY-NC 4.0"
"ko-first-day-in-seoul","v2","ko","A1","s2","배터리가 다 됐어요","배터리가 다 되다","the battery is dead / there is no battery charge","","","https://melolingua.com/learn-korean/stories/a1/first-day-in-seoul","CC BY-NC 4.0"
"ko-first-day-in-seoul","v3","ko","A1","s3","주소를","주소","address (as the object)","","","https://melolingua.com/learn-korean/stories/a1/first-day-in-seoul","CC BY-NC 4.0"
"ko-first-day-in-seoul","v4","ko","A1","s5","가리켜요","가리키다","points to / indicates","","","https://melolingua.com/learn-korean/stories/a1/first-day-in-seoul","CC BY-NC 4.0"
"ko-lunch-at-the-market","v1","ko","A1","s1","망원시장에","망원시장","to Mangwon Market","","","https://melolingua.com/learn-korean/stories/a1/lunch-at-the-market","CC BY-NC 4.0"
"ko-lunch-at-the-market","v2","ko","A1","s2","참기름 냄새","참기름 냄새","smell of sesame oil","","","https://melolingua.com/learn-korean/stories/a1/lunch-at-the-market","CC BY-NC 4.0"
"ko-lunch-at-the-market","v3","ko","A1","s5","저한테는","저한테","for me / to me","","","https://melolingua.com/learn-korean/stories/a1/lunch-at-the-market","CC BY-NC 4.0"
"ko-lunch-at-the-market","v4","ko","A1","s6","덜 맵게","덜 맵다","less spicy","","","https://melolingua.com/learn-korean/stories/a1/lunch-at-the-market","CC BY-NC 4.0"
"ko-the-missed-bus","v1","ko","A1","s1","버스 정류장에서","버스 정류장","at the bus stop","","","https://melolingua.com/learn-korean/stories/a1/the-missed-bus","CC BY-NC 4.0"
"ko-the-missed-bus","v2","ko","A1","s2","교통카드를","교통카드","transit card (as the object)","","","https://melolingua.com/learn-korean/stories/a1/the-missed-bus","CC BY-NC 4.0"
"ko-the-missed-bus","v3","ko","A1","s3","안 보여요","안 보이다","cannot be seen / is nowhere in sight","","","https://melolingua.com/learn-korean/stories/a1/the-missed-bus","CC BY-NC 4.0"
"ko-the-missed-bus","v4","ko","A1","s7","십 분 후에","후에","in ten minutes","","","https://melolingua.com/learn-korean/stories/a1/the-missed-bus","CC BY-NC 4.0"
"ko-a-new-library-card","v1","ko","A2","s2","회원 신청서와","회원 신청서","membership form (and…)","","","https://melolingua.com/learn-korean/stories/a2/a-new-library-card","CC BY-NC 4.0"
"ko-a-new-library-card","v2","ko","A2","s3","보호자","보호자","guardian","","A guardian field may apply to a child rather than an adult applicant.","https://melolingua.com/learn-korean/stories/a2/a-new-library-card","CC BY-NC 4.0"
"ko-a-new-library-card","v3","ko","A2","s5","비워 두셔도 돼요","비워 두다","you may leave it blank (honorific)","","","https://melolingua.com/learn-korean/stories/a2/a-new-library-card","CC BY-NC 4.0"
"ko-a-new-library-card","v4","ko","A2","s8","직접 대출하고","직접 대출하다","checks out directly / by oneself","","","https://melolingua.com/learn-korean/stories/a2/a-new-library-card","CC BY-NC 4.0"
"ko-a-small-birthday-surprise","v1","ko","A2","s1","보내려고 했어요","보내려고 하다","planned / intended to spend","","","https://melolingua.com/learn-korean/stories/a2/a-small-birthday-surprise","CC BY-NC 4.0"
"ko-a-small-birthday-surprise","v2","ko","A2","s4","세 켤레가","세 켤레","three pairs (of shoes)","","","https://melolingua.com/learn-korean/stories/a2/a-small-birthday-surprise","CC BY-NC 4.0"
"ko-a-small-birthday-surprise","v3","ko","A2","s5","모르는 척","모르는 척하다","pretending not to know","","","https://melolingua.com/learn-korean/stories/a2/a-small-birthday-surprise","CC BY-NC 4.0"
"ko-a-small-birthday-surprise","v4","ko","A2","s7","우리끼리만","우리끼리","just among ourselves","","","https://melolingua.com/learn-korean/stories/a2/a-small-birthday-surprise","CC BY-NC 4.0"
"ko-the-late-train-home","v1","ko","A2","s1","야근을 마치고","야근을 마치다","after finishing overtime work","","","https://melolingua.com/learn-korean/stories/a2/the-late-train-home","CC BY-NC 4.0"
"ko-the-late-train-home","v2","ko","A2","s3","기다리는 동안","기다리다","while waiting","","","https://melolingua.com/learn-korean/stories/a2/the-late-train-home","CC BY-NC 4.0"
"ko-the-late-train-home","v3","ko","A2","s5","갈아타시면 돼요","갈아타다","you can / should transfer (honorific)","","","https://melolingua.com/learn-korean/stories/a2/the-late-train-home","CC BY-NC 4.0"
"ko-the-late-train-home","v4","ko","A2","s6","놓칠까 봐","놓치다","for fear of missing","","","https://melolingua.com/learn-korean/stories/a2/the-late-train-home","CC BY-NC 4.0"
"ko-the-lost-umbrella","v1","ko","A2","s2","우산꽂이에는","우산꽂이","in the umbrella stand","","","https://melolingua.com/learn-korean/stories/a2/the-lost-umbrella","CC BY-NC 4.0"
"ko-the-lost-umbrella","v2","ko","A2","s3","제 우산인 줄 알고","제 우산인 줄 알다","thinking it was my umbrella","","","https://melolingua.com/learn-korean/stories/a2/the-lost-umbrella","CC BY-NC 4.0"
"ko-the-lost-umbrella","v3","ko","A2","s5","곧바로","곧바로","straight away","","","https://melolingua.com/learn-korean/stories/a2/the-lost-umbrella","CC BY-NC 4.0"
"ko-the-lost-umbrella","v4","ko","A2","s6","돌려드릴게요","돌려드리다","I will return it to you (honorific)","","","https://melolingua.com/learn-korean/stories/a2/the-lost-umbrella","CC BY-NC 4.0"
"ko-the-weekend-hike","v1","ko","A2","s1","등산화를","등산화","hiking boots (as the object)","","","https://melolingua.com/learn-korean/stories/a2/the-weekend-hike","CC BY-NC 4.0"
"ko-the-weekend-hike","v2","ko","A2","s3","미끄러우니까","미끄럽다","because it is slippery","","","https://melolingua.com/learn-korean/stories/a2/the-weekend-hike","CC BY-NC 4.0"
"ko-the-weekend-hike","v3","ko","A2","s5","안전한 길로","안전한 길","by / onto the safer path","","","https://melolingua.com/learn-korean/stories/a2/the-weekend-hike","CC BY-NC 4.0"
"ko-the-weekend-hike","v4","ko","A2","s7","전망대에","전망대","at the lookout","","","https://melolingua.com/learn-korean/stories/a2/the-weekend-hike","CC BY-NC 4.0"
"ru-a-snowy-walk","v1","ru","A1","s2","свежем снегу","свежий снег","on the fresh snow (prepositional)","","","https://melolingua.com/learn-russian/stories/a1/a-snowy-walk","CC BY-NC 4.0"
"ru-a-snowy-walk","v2","ru","A1","s3","детские следы","детские следы","a child’s footprints","","","https://melolingua.com/learn-russian/stories/a1/a-snowy-walk","CC BY-NC 4.0"
"ru-a-snowy-walk","v3","ru","A1","s3","трамвайной остановке","трамвайная остановка","at the tram stop","","","https://melolingua.com/learn-russian/stories/a1/a-snowy-walk","CC BY-NC 4.0"
"ru-a-snowy-walk","v4","ru","A1","s2","варежку","варежка","mitten (accusative)","","","https://melolingua.com/learn-russian/stories/a1/a-snowy-walk","CC BY-NC 4.0"
"ru-lunch-at-the-dacha","v1","ru","A1","s1","под Тулой","Тула","outside / near Tula","","","https://melolingua.com/learn-russian/stories/a1/lunch-at-the-dacha","CC BY-NC 4.0"
"ru-lunch-at-the-dacha","v2","ru","A1","s2","свежий укроп","свежий укроп","fresh dill","","","https://melolingua.com/learn-russian/stories/a1/lunch-at-the-dacha","CC BY-NC 4.0"
"ru-lunch-at-the-dacha","v3","ru","A1","s4","нет соли","соль","there is no salt","","","https://melolingua.com/learn-russian/stories/a1/lunch-at-the-dacha","CC BY-NC 4.0"
"ru-lunch-at-the-dacha","v4","ru","A1","s7","калитка","калитка","small garden gate","","","https://melolingua.com/learn-russian/stories/a1/lunch-at-the-dacha","CC BY-NC 4.0"
"ru-morning-at-the-bakery","v1","ru","A1","s1","Васильевском острове","Васильевский остров","Vasilyevsky Island (prepositional case)","","","https://melolingua.com/learn-russian/stories/a1/morning-at-the-bakery","CC BY-NC 4.0"
"ru-morning-at-the-bakery","v2","ru","A1","s2","окна запотели","окно запотеть","the windows fogged up","","","https://melolingua.com/learn-russian/stories/a1/morning-at-the-bakery","CC BY-NC 4.0"
"ru-morning-at-the-bakery","v3","ru","A1","s3","последнюю булочку","последняя булочка","the last bun (accusative)","","","https://melolingua.com/learn-russian/stories/a1/morning-at-the-bakery","CC BY-NC 4.0"
"ru-morning-at-the-bakery","v4","ru","A1","s5","пирожок с яблоком","пирожок с яблоком","apple-filled pastry","","","https://melolingua.com/learn-russian/stories/a1/morning-at-the-bakery","CC BY-NC 4.0"
"ru-the-metro-ticket","v1","ru","A1","s1","Ленинградского вокзала","Ленинградский вокзал","Leningradsky Station (genitive)","","","https://melolingua.com/learn-russian/stories/a1/the-metro-ticket","CC BY-NC 4.0"
"ru-the-metro-ticket","v2","ru","A1","s2","к турникетам","турникет","toward the fare gates","","","https://melolingua.com/learn-russian/stories/a1/the-metro-ticket","CC BY-NC 4.0"
"ru-the-metro-ticket","v3","ru","A1","s5","соседний автомат","соседний автомат","the adjacent machine","","","https://melolingua.com/learn-russian/stories/a1/the-metro-ticket","CC BY-NC 4.0"
"ru-the-metro-ticket","v4","ru","A1","s7","у неё в ладони","ладонь","in her palm","","","https://melolingua.com/learn-russian/stories/a1/the-metro-ticket","CC BY-NC 4.0"
"ru-the-new-neighbor","v1","ru","A1","s1","горшком базилика","горшок базилика","a pot of basil (instrumental)","","","https://melolingua.com/learn-russian/stories/a1/the-new-neighbor","CC BY-NC 4.0"
"ru-the-new-neighbor","v2","ru","A1","s2","не поворачивается","поворачиваться","will not turn","","","https://melolingua.com/learn-russian/stories/a1/the-new-neighbor","CC BY-NC 4.0"
"ru-the-new-neighbor","v3","ru","A1","s3","новый сосед","новый сосед","new neighbor","","","https://melolingua.com/learn-russian/stories/a1/the-new-neighbor","CC BY-NC 4.0"
"ru-the-new-neighbor","v4","ru","A1","s5","поднять ручку","поднять ручку","lift the handle","","","https://melolingua.com/learn-russian/stories/a1/the-new-neighbor","CC BY-NC 4.0"
"ru-the-birthday-phone-call","v1","ru","A2","s1","позже обычного","позже обычного","later than usual","","","https://melolingua.com/learn-russian/stories/a2/the-birthday-phone-call","CC BY-NC 4.0"
"ru-the-birthday-phone-call","v2","ru","A2","s3","как раз собиралась","как раз собираться","was just about to","","","https://melolingua.com/learn-russian/stories/a2/the-birthday-phone-call","CC BY-NC 4.0"
"ru-the-birthday-phone-call","v3","ru","A2","s6","чтобы поздравить","поздравить","in order to congratulate / wish happy birthday","","","https://melolingua.com/learn-russian/stories/a2/the-birthday-phone-call","CC BY-NC 4.0"
"ru-the-birthday-phone-call","v4","ru","A2","s8","не в такт","не в такт","out of time / off beat","","","https://melolingua.com/learn-russian/stories/a2/the-birthday-phone-call","CC BY-NC 4.0"
"ru-the-cat-in-the-courtyard","v1","ru","A2","s1","которого знали","который","whom everyone knew (animate masculine accusative)","","","https://melolingua.com/learn-russian/stories/a2/the-cat-in-the-courtyard","CC BY-NC 4.0"
"ru-the-cat-in-the-courtyard","v2","ru","A2","s4","ошейника","ошейник","collar (genitive)","","","https://melolingua.com/learn-russian/stories/a2/the-cat-in-the-courtyard","CC BY-NC 4.0"
"ru-the-cat-in-the-courtyard","v3","ru","A2","s4","подвальной решётки","подвальная решётка","basement grille (genitive)","","","https://melolingua.com/learn-russian/stories/a2/the-cat-in-the-courtyard","CC BY-NC 4.0"
"ru-the-cat-in-the-courtyard","v4","ru","A2","s7","только тогда, когда","только тогда, когда","only when","","","https://melolingua.com/learn-russian/stories/a2/the-cat-in-the-courtyard","CC BY-NC 4.0"
"ru-the-forgotten-gloves","v1","ru","A2","s2","шерстяных перчаток","шерстяные перчатки","wool gloves (genitive plural)","","","https://melolingua.com/learn-russian/stories/a2/the-forgotten-gloves","CC BY-NC 4.0"
"ru-the-forgotten-gloves","v2","ru","A2","s4","ехала обратно","ехать обратно","rode back","","","https://melolingua.com/learn-russian/stories/a2/the-forgotten-gloves","CC BY-NC 4.0"
"ru-the-forgotten-gloves","v3","ru","A2","s6","Вы ничего не находили","находить","Did you happen to find anything?","","","https://melolingua.com/learn-russian/stories/a2/the-forgotten-gloves","CC BY-NC 4.0"
"ru-the-forgotten-gloves","v4","ru","A2","s7","собиралась отнести их в бюро находок","отнести в бюро находок","was about to take them to lost property","","","https://melolingua.com/learn-russian/stories/a2/the-forgotten-gloves","CC BY-NC 4.0"
"ru-the-note-at-the-museum","v1","ru","A2","s2","потеряли друг друга из виду","потерять из виду","lost sight of each other","","","https://melolingua.com/learn-russian/stories/a2/the-note-at-the-museum","CC BY-NC 4.0"
"ru-the-note-at-the-museum","v2","ru","A2","s3","не ловил сеть","не ловить сеть","had no signal","","","https://melolingua.com/learn-russian/stories/a2/the-note-at-the-museum","CC BY-NC 4.0"
"ru-the-note-at-the-museum","v3","ru","A2","s4","была прикреплена записка","прикрепить записку","a note was attached","","","https://melolingua.com/learn-russian/stories/a2/the-note-at-the-museum","CC BY-NC 4.0"
"ru-the-note-at-the-museum","v4","ru","A2","s6","синюю перегородку","синяя перегородка","blue partition (accusative)","","","https://melolingua.com/learn-russian/stories/a2/the-note-at-the-museum","CC BY-NC 4.0"
"ru-the-weekend-train","v1","ru","A2","s1","двенадцатое место","двенадцатое место","seat twelve","","","https://melolingua.com/learn-russian/stories/a2/the-weekend-train","CC BY-NC 4.0"
"ru-the-weekend-train","v2","ru","A2","s3","одно и то же место","один и тот же","the exact same seat","","","https://melolingua.com/learn-russian/stories/a2/the-weekend-train","CC BY-NC 4.0"
"ru-the-weekend-train","v3","ru","A2","s5","не в тот вагон","не тот вагон","into the wrong carriage","","","https://melolingua.com/learn-russian/stories/a2/the-weekend-train","CC BY-NC 4.0"
"ru-the-weekend-train","v4","ru","A2","s6","книгу, которую","книга, которую","the book that / which (accusative feminine)","","","https://melolingua.com/learn-russian/stories/a2/the-weekend-train","CC BY-NC 4.0"
